#node1	node2	node1_string_id	node2_string_id	neighborhood_on_chromosome	gene_fusion	phylogenetic_cooccurrence	homology	coexpression	experimentally_determined_interaction	database_annotated	automated_textmining	combined_score
CBLN1	DLG4	0	0	0	0	0	0	0	0	0	0	0.402
CBLN1	NLGN3	0	0	0	0	0	0	0	0	0	0	0.507
CBLN1	NLGN2	0	0	0	0	0	0	0	0	0	0	0.559
CBLN1	NLGN4X	0	0	0	0	0	0	0	0	0	0	0.56
CBLN1	NLGN1	0	0	0	0	0	0	0	0	0	0	0.611
CBLN1	LRRTM2	0	0	0	0	0	0	0	0	0	0	0.717
CBLN1	NRXN2	0	0	0	0	0	0	0	0	0	0	0.989
CBLN1	NRXN1	0	0	0	0	0	0	0	0	0	0	0.994
GRIN3B	GRM5	0	0	0	0	0	0	0	0	0	0	0.419
GRIN3B	GRM1	0	0	0	0	0	0	0	0	0	0	0.466
GRIN3B	DLG3	0	0	0	0	0	0	0	0	0	0	0.598
GRIN3B	DLG4	0	0	0	0	0	0	0	0	0	0	0.942
GRIN3B	GRIN3A	0	0	0	0	0	0	0	0	0	0	0.995
GRIN3B	GRIN2C	0	0	0	0	0	0	0	0	0	0	0.996
GRIN3B	GRIN2B	0	0	0	0	0	0	0	0	0	0	0.996
GRIN3B	GRIN2D	0	0	0	0	0	0	0	0	0	0	0.996
GRIN3B	GRIN2A	0	0	0	0	0	0	0	0	0	0	0.998
GRIN3B	GRIN1	0	0	0	0	0	0	0	0	0	0	0.999
GRIN2D	DLGAP3	0	0	0	0	0	0	0	0	0	0	0.451
GRIN2D	GRM5	0	0	0	0	0	0	0	0	0	0	0.556
GRIN2D	DLG1	0	0	0	0	0	0	0	0	0	0	0.604
GRIN2D	CAMK2A	0	0	0	0	0	0	0	0	0	0	0.607
GRIN2D	DLGAP1	0	0	0	0	0	0	0	0	0	0	0.617
GRIN2D	DLG2	0	0	0	0	0	0	0	0	0	0	0.634
GRIN2D	DLG3	0	0	0	0	0	0	0	0	0	0	0.659
GRIN2D	GRM1	0	0	0	0	0	0	0	0	0	0	0.678
GRIN2D	DLG4	0	0	0	0	0	0	0	0	0	0	0.976
GRIN2D	GRIN3A	0	0	0	0	0	0	0	0	0	0	0.998
GRIN2D	GRIN2B	0	0	0	0	0	0	0	0	0	0	0.998
GRIN2D	GRIN2A	0	0	0	0	0	0	0	0	0	0	0.998
GRIN2D	GRIN2C	0	0	0	0	0	0	0	0	0	0	0.998
GRIN2D	GRIN1	0	0	0	0	0	0	0	0	0	0	0.999
NRXN2	GRIN1	0	0	0	0	0	0	0	0	0	0	0.436
NRXN2	GRIN2A	0	0	0	0	0	0	0	0	0	0	0.452
NRXN2	DLG1	0	0	0	0	0	0	0	0	0	0	0.457
NRXN2	CAMK2A	0	0	0	0	0	0	0	0	0	0	0.507
NRXN2	GRIN2B	0	0	0	0	0	0	0	0	0	0	0.516
NRXN2	HOMER2	0	0	0	0	0	0	0	0	0	0	0.592
NRXN2	HOMER3	0	0	0	0	0	0	0	0	0	0	0.619
NRXN2	GRM1	0	0	0	0	0	0	0	0	0	0	0.676
NRXN2	HOMER1	0	0	0	0	0	0	0	0	0	0	0.687
NRXN2	DLG3	0	0	0	0	0	0	0	0	0	0	0.713
NRXN2	GRM5	0	0	0	0	0	0	0	0	0	0	0.713
NRXN2	DLGAP2	0	0	0	0	0	0	0	0	0	0	0.714
NRXN2	DLGAP3	0	0	0	0	0	0	0	0	0	0	0.719
NRXN2	DLG2	0	0	0	0	0	0	0	0	0	0	0.741
NRXN2	DLGAP1	0	0	0	0	0	0	0	0	0	0	0.743
NRXN2	NXPH1	0	0	0	0	0	0	0	0	0	0	0.827
NRXN2	SHANK1	0	0	0	0	0	0	0	0	0	0	0.876
NRXN2	SHANK2	0	0	0	0	0	0	0	0	0	0	0.88
NRXN2	SHANK3	0	0	0	0	0	0	0	0	0	0	0.897
NRXN2	NRXN1	0	0	0	0	0	0	0	0	0	0	0.922
NRXN2	DLG4	0	0	0	0	0	0	0	0	0	0	0.987
NRXN2	LRRTM2	0	0	0	0	0	0	0	0	0	0	0.993
NRXN2	DAG1	0	0	0	0	0	0	0	0	0	0	0.997
NRXN2	NLGN2	0	0	0	0	0	0	0	0	0	0	0.999
NRXN2	NLGN1	0	0	0	0	0	0	0	0	0	0	0.999
NRXN2	NLGN3	0	0	0	0	0	0	0	0	0	0	0.999
NRXN2	NLGN4Y	0	0	0	0	0	0	0	0	0	0	0.999
NRXN2	NLGN4X	0	0	0	0	0	0	0	0	0	0	0.999
LRRTM2	NLGN4Y	0	0	0	0	0	0	0	0	0	0	0.474
LRRTM2	NLGN2	0	0	0	0	0	0	0	0	0	0	0.65
LRRTM2	NLGN4X	0	0	0	0	0	0	0	0	0	0	0.724
LRRTM2	NLGN3	0	0	0	0	0	0	0	0	0	0	0.725
LRRTM2	NLGN1	0	0	0	0	0	0	0	0	0	0	0.815
LRRTM2	DLG4	0	0	0	0	0	0	0	0	0	0	0.902
LRRTM2	NRXN1	0	0	0	0	0	0	0	0	0	0	0.997
GRM1	FYN	0	0	0	0	0	0	0	0	0	0	0.45
GRM1	DLG1	0	0	0	0	0	0	0	0	0	0	0.46
GRM1	GRIN3A	0	0	0	0	0	0	0	0	0	0	0.537
GRM1	NLGN4Y	0	0	0	0	0	0	0	0	0	0	0.573
GRM1	DLG3	0	0	0	0	0	0	0	0	0	0	0.598
GRM1	NLGN2	0	0	0	0	0	0	0	0	0	0	0.61
GRM1	GRIN2C	0	0	0	0	0	0	0	0	0	0	0.616
GRM1	NLGN4X	0	0	0	0	0	0	0	0	0	0	0.624
GRM1	DLGAP2	0	0	0	0	0	0	0	0	0	0	0.628
GRM1	DLG2	0	0	0	0	0	0	0	0	0	0	0.64
GRM1	NLGN3	0	0	0	0	0	0	0	0	0	0	0.648
GRM1	NLGN1	0	0	0	0	0	0	0	0	0	0	0.652
GRM1	GRIN1	0	0	0	0	0	0	0	0	0	0	0.659
GRM1	DLGAP3	0	0	0	0	0	0	0	0	0	0	0.688
GRM1	NRXN1	0	0	0	0	0	0	0	0	0	0	0.705
GRM1	SHANK2	0	0	0	0	0	0	0	0	0	0	0.714
GRM1	GRIN2A	0	0	0	0	0	0	0	0	0	0	0.738
GRM1	GRIN2B	0	0	0	0	0	0	0	0	0	0	0.758
GRM1	SHANK3	0	0	0	0	0	0	0	0	0	0	0.788
GRM1	DLG4	0	0	0	0	0	0	0	0	0	0	0.862
GRM1	SHANK1	0	0	0	0	0	0	0	0	0	0	0.899
GRM1	DLGAP1	0	0	0	0	0	0	0	0	0	0	0.938
GRM1	CAMK2A	0	0	0	0	0	0	0	0	0	0	0.968
GRM1	GRM5	0	0	0	0	0	0	0	0	0	0	0.977
GRM1	HOMER2	0	0	0	0	0	0	0	0	0	0	0.989
GRM1	HOMER3	0	0	0	0	0	0	0	0	0	0	0.99
GRM1	GNAQ	0	0	0	0	0	0	0	0	0	0	0.998
GRM1	HOMER1	0	0	0	0	0	0	0	0	0	0	0.998
GNAQ	GRM5	0	0	0	0	0	0	0	0	0	0	0.999
GRIN2C	SHANK1	0	0	0	0	0	0	0	0	0	0	0.416
GRIN2C	GRM5	0	0	0	0	0	0	0	0	0	0	0.621
GRIN2C	DLG1	0	0	0	0	0	0	0	0	0	0	0.681
GRIN2C	CAMK2A	0	0	0	0	0	0	0	0	0	0	0.735
GRIN2C	DLG2	0	0	0	0	0	0	0	0	0	0	0.818
GRIN2C	DLG3	0	0	0	0	0	0	0	0	0	0	0.872
GRIN2C	DLG4	0	0	0	0	0	0	0	0	0	0	0.99
GRIN2C	GRIN2A	0	0	0	0	0	0	0	0	0	0	0.998
GRIN2C	GRIN2B	0	0	0	0	0	0	0	0	0	0	0.998
GRIN2C	GRIN3A	0	0	0	0	0	0	0	0	0	0	0.998
GRIN2C	GRIN1	0	0	0	0	0	0	0	0	0	0	0.999
SHANK1	DLG1	0	0	0	0	0	0	0	0	0	0	0.446
SHANK1	CAMK2A	0	0	0	0	0	0	0	0	0	0	0.533
SHANK1	GRIN1	0	0	0	0	0	0	0	0	0	0	0.596
SHANK1	GRIN2A	0	0	0	0	0	0	0	0	0	0	0.742
SHANK1	GRIN2B	0	0	0	0	0	0	0	0	0	0	0.752
SHANK1	NLGN4Y	0	0	0	0	0	0	0	0	0	0	0.76
SHANK1	DLG3	0	0	0	0	0	0	0	0	0	0	0.778
SHANK1	DLGAP2	0	0	0	0	0	0	0	0	0	0	0.841
SHANK1	NLGN2	0	0	0	0	0	0	0	0	0	0	0.868
SHANK1	DLG2	0	0	0	0	0	0	0	0	0	0	0.878
SHANK1	NRXN1	0	0	0	0	0	0	0	0	0	0	0.887
SHANK1	NLGN4X	0	0	0	0	0	0	0	0	0	0	0.894
SHANK1	NLGN3	0	0	0	0	0	0	0	0	0	0	0.904
SHANK1	DLGAP3	0	0	0	0	0	0	0	0	0	0	0.92
SHANK1	NLGN1	0	0	0	0	0	0	0	0	0	0	0.926
SHANK1	HOMER2	0	0	0	0	0	0	0	0	0	0	0.927
SHANK1	GRM5	0	0	0	0	0	0	0	0	0	0	0.939
SHANK1	HOMER3	0	0	0	0	0	0	0	0	0	0	0.966
SHANK1	SHANK2	0	0	0	0	0	0	0	0	0	0	0.968
SHANK1	SHANK3	0	0	0	0	0	0	0	0	0	0	0.982
SHANK1	HOMER1	0	0	0	0	0	0	0	0	0	0	0.984
SHANK1	DLG4	0	0	0	0	0	0	0	0	0	0	0.992
SHANK1	DLGAP1	0	0	0	0	0	0	0	0	0	0	0.996
NLGN2	CAMK2A	0	0	0	0	0	0	0	0	0	0	0.411
NLGN2	NXPH1	0	0	0	0	0	0	0	0	0	0	0.414
NLGN2	DLG1	0	0	0	0	0	0	0	0	0	0	0.44
NLGN2	GRIN1	0	0	0	0	0	0	0	0	0	0	0.469
NLGN2	GRIN2B	0	0	0	0	0	0	0	0	0	0	0.496
NLGN2	GRIN2A	0	0	0	0	0	0	0	0	0	0	0.521
NLGN2	NLGN4Y	0	0	0	0	0	0	0	0	0	0	0.525
NLGN2	DAG1	0	0	0	0	0	0	0	0	0	0	0.59
NLGN2	HOMER2	0	0	0	0	0	0	0	0	0	0	0.647
NLGN2	GRM5	0	0	0	0	0	0	0	0	0	0	0.668
NLGN2	NLGN3	0	0	0	0	0	0	0	0	0	0	0.683
NLGN2	HOMER3	0	0	0	0	0	0	0	0	0	0	0.697
NLGN2	HOMER1	0	0	0	0	0	0	0	0	0	0	0.699
NLGN2	NLGN4X	0	0	0	0	0	0	0	0	0	0	0.704
NLGN2	NLGN1	0	0	0	0	0	0	0	0	0	0	0.704
NLGN2	DLGAP3	0	0	0	0	0	0	0	0	0	0	0.709
NLGN2	DLGAP2	0	0	0	0	0	0	0	0	0	0	0.715
NLGN2	DLG2	0	0	0	0	0	0	0	0	0	0	0.784
NLGN2	DLGAP1	0	0	0	0	0	0	0	0	0	0	0.844
NLGN2	SHANK2	0	0	0	0	0	0	0	0	0	0	0.868
NLGN2	DLG3	0	0	0	0	0	0	0	0	0	0	0.883
NLGN2	SHANK3	0	0	0	0	0	0	0	0	0	0	0.935
NLGN2	DLG4	0	0	0	0	0	0	0	0	0	0	0.998
NLGN2	NRXN1	0	0	0	0	0	0	0	0	0	0	0.999
HOMER2	GRIN1	0	0	0	0	0	0	0	0	0	0	0.42
HOMER2	GRIN2A	0	0	0	0	0	0	0	0	0	0	0.478
HOMER2	GRIN2B	0	0	0	0	0	0	0	0	0	0	0.502
HOMER2	NLGN4X	0	0	0	0	0	0	0	0	0	0	0.596
HOMER2	NRXN1	0	0	0	0	0	0	0	0	0	0	0.605
HOMER2	NLGN4Y	0	0	0	0	0	0	0	0	0	0	0.607
HOMER2	DLG2	0	0	0	0	0	0	0	0	0	0	0.61
HOMER2	DLG3	0	0	0	0	0	0	0	0	0	0	0.613
HOMER2	NLGN1	0	0	0	0	0	0	0	0	0	0	0.618
HOMER2	DLGAP2	0	0	0	0	0	0	0	0	0	0	0.637
HOMER2	NLGN3	0	0	0	0	0	0	0	0	0	0	0.641
HOMER2	DLGAP3	0	0	0	0	0	0	0	0	0	0	0.666
HOMER2	SHANK3	0	0	0	0	0	0	0	0	0	0	0.758
HOMER2	DLG4	0	0	0	0	0	0	0	0	0	0	0.779
HOMER2	SHANK2	0	0	0	0	0	0	0	0	0	0	0.782
HOMER2	DLGAP1	0	0	0	0	0	0	0	0	0	0	0.857
HOMER2	GRM5	0	0	0	0	0	0	0	0	0	0	0.965
HOMER2	HOMER3	0	0	0	0	0	0	0	0	0	0	0.99
HOMER2	HOMER1	0	0	0	0	0	0	0	0	0	0	0.991
GRM5	FYN	0	0	0	0	0	0	0	0	0	0	0.471
GRM5	NXPH1	0	0	0	0	0	0	0	0	0	0	0.54
GRM5	NLGN4Y	0	0	0	0	0	0	0	0	0	0	0.611
GRM5	DLG3	0	0	0	0	0	0	0	0	0	0	0.642
GRM5	DLGAP2	0	0	0	0	0	0	0	0	0	0	0.686
GRM5	NLGN4X	0	0	0	0	0	0	0	0	0	0	0.696
GRM5	GRIN3A	0	0	0	0	0	0	0	0	0	0	0.699
GRM5	DLG2	0	0	0	0	0	0	0	0	0	0	0.702
GRM5	NLGN1	0	0	0	0	0	0	0	0	0	0	0.716
GRM5	NLGN3	0	0	0	0	0	0	0	0	0	0	0.735
GRM5	NRXN1	0	0	0	0	0	0	0	0	0	0	0.766
GRM5	DLGAP3	0	0	0	0	0	0	0	0	0	0	0.786
GRM5	GRIN1	0	0	0	0	0	0	0	0	0	0	0.792
GRM5	GRIN2A	0	0	0	0	0	0	0	0	0	0	0.841
GRM5	GRIN2B	0	0	0	0	0	0	0	0	0	0	0.842
GRM5	SHANK2	0	0	0	0	0	0	0	0	0	0	0.869
GRM5	SHANK3	0	0	0	0	0	0	0	0	0	0	0.88
GRM5	DLG4	0	0	0	0	0	0	0	0	0	0	0.902
GRM5	DLGAP1	0	0	0	0	0	0	0	0	0	0	0.915
GRM5	HOMER3	0	0	0	0	0	0	0	0	0	0	0.929
GRM5	CAMK2A	0	0	0	0	0	0	0	0	0	0	0.975
GRM5	HOMER1	0	0	0	0	0	0	0	0	0	0	0.999
DLGAP1	GRIN1	0	0	0	0	0	0	0	0	0	0	0.57
DLGAP1	CAMK2A	0	0	0	0	0	0	0	0	0	0	0.703
DLGAP1	DLGAP2	0	0	0	0	0	0	0	0	0	0	0.704
DLGAP1	DLGAP3	0	0	0	0	0	0	0	0	0	0	0.724
DLGAP1	NRXN1	0	0	0	0	0	0	0	0	0	0	0.774
DLGAP1	NLGN4Y	0	0	0	0	0	0	0	0	0	0	0.843
DLGAP1	NLGN3	0	0	0	0	0	0	0	0	0	0	0.855
DLGAP1	NLGN4X	0	0	0	0	0	0	0	0	0	0	0.861
DLGAP1	GRIN2A	0	0	0	0	0	0	0	0	0	0	0.885
DLGAP1	DLG3	0	0	0	0	0	0	0	0	0	0	0.887
DLGAP1	DLG2	0	0	0	0	0	0	0	0	0	0	0.89
DLGAP1	GRIN2B	0	0	0	0	0	0	0	0	0	0	0.9
DLGAP1	NLGN1	0	0	0	0	0	0	0	0	0	0	0.927
DLGAP1	HOMER3	0	0	0	0	0	0	0	0	0	0	0.943
DLGAP1	DLG1	0	0	0	0	0	0	0	0	0	0	0.952
DLGAP1	SHANK2	0	0	0	0	0	0	0	0	0	0	0.981
DLGAP1	HOMER1	0	0	0	0	0	0	0	0	0	0	0.986
DLGAP1	SHANK3	0	0	0	0	0	0	0	0	0	0	0.997
DLGAP1	DLG4	0	0	0	0	0	0	0	0	0	0	0.999
GRIN2A	NLGN4X	0	0	0	0	0	0	0	0	0	0	0.471
GRIN2A	NLGN3	0	0	0	0	0	0	0	0	0	0	0.472
GRIN2A	NLGN1	0	0	0	0	0	0	0	0	0	0	0.554
GRIN2A	SHANK2	0	0	0	0	0	0	0	0	0	0	0.555
GRIN2A	DLGAP3	0	0	0	0	0	0	0	0	0	0	0.574
GRIN2A	DLGAP2	0	0	0	0	0	0	0	0	0	0	0.577
GRIN2A	NRXN1	0	0	0	0	0	0	0	0	0	0	0.617
GRIN2A	SHANK3	0	0	0	0	0	0	0	0	0	0	0.638
GRIN2A	HOMER1	0	0	0	0	0	0	0	0	0	0	0.768
GRIN2A	CAMK2A	0	0	0	0	0	0	0	0	0	0	0.968
GRIN2A	DLG1	0	0	0	0	0	0	0	0	0	0	0.979
GRIN2A	FYN	0	0	0	0	0	0	0	0	0	0	0.981
GRIN2A	DLG2	0	0	0	0	0	0	0	0	0	0	0.997
GRIN2A	DLG3	0	0	0	0	0	0	0	0	0	0	0.998
GRIN2A	GRIN1	0	0	0	0	0	0	0	0	0	0	0.999
GRIN2A	GRIN2B	0	0	0	0	0	0	0	0	0	0	0.999
GRIN2A	GRIN3A	0	0	0	0	0	0	0	0	0	0	0.999
GRIN2A	DLG4	0	0	0	0	0	0	0	0	0	0	0.999
HOMER1	DLG1	0	0	0	0	0	0	0	0	0	0	0.553
HOMER1	GRIN1	0	0	0	0	0	0	0	0	0	0	0.641
HOMER1	NLGN4Y	0	0	0	0	0	0	0	0	0	0	0.649
HOMER1	GRIN2B	0	0	0	0	0	0	0	0	0	0	0.675
HOMER1	NLGN4X	0	0	0	0	0	0	0	0	0	0	0.69
HOMER1	NRXN1	0	0	0	0	0	0	0	0	0	0	0.706
HOMER1	DLG3	0	0	0	0	0	0	0	0	0	0	0.707
HOMER1	NLGN3	0	0	0	0	0	0	0	0	0	0	0.721
HOMER1	NLGN1	0	0	0	0	0	0	0	0	0	0	0.726
HOMER1	DLGAP2	0	0	0	0	0	0	0	0	0	0	0.734
HOMER1	CAMK2A	0	0	0	0	0	0	0	0	0	0	0.735
HOMER1	DLGAP3	0	0	0	0	0	0	0	0	0	0	0.816
HOMER1	DLG2	0	0	0	0	0	0	0	0	0	0	0.821
HOMER1	SHANK2	0	0	0	0	0	0	0	0	0	0	0.937
HOMER1	SHANK3	0	0	0	0	0	0	0	0	0	0	0.957
HOMER1	DLG4	0	0	0	0	0	0	0	0	0	0	0.988
HOMER1	HOMER3	0	0	0	0	0	0	0	0	0	0	0.993
SHANK2	DLG1	0	0	0	0	0	0	0	0	0	0	0.416
SHANK2	CAMK2A	0	0	0	0	0	0	0	0	0	0	0.442
SHANK2	GRIN1	0	0	0	0	0	0	0	0	0	0	0.475
SHANK2	GRIN3A	0	0	0	0	0	0	0	0	0	0	0.575
SHANK2	GRIN2B	0	0	0	0	0	0	0	0	0	0	0.628
SHANK2	DLG3	0	0	0	0	0	0	0	0	0	0	0.744
SHANK2	HOMER3	0	0	0	0	0	0	0	0	0	0	0.799
SHANK2	DLG2	0	0	0	0	0	0	0	0	0	0	0.811
SHANK2	NLGN4Y	0	0	0	0	0	0	0	0	0	0	0.85
SHANK2	NRXN1	0	0	0	0	0	0	0	0	0	0	0.914
SHANK2	NLGN1	0	0	0	0	0	0	0	0	0	0	0.914
SHANK2	DLGAP3	0	0	0	0	0	0	0	0	0	0	0.917
SHANK2	NLGN3	0	0	0	0	0	0	0	0	0	0	0.958
SHANK2	NLGN4X	0	0	0	0	0	0	0	0	0	0	0.964
SHANK2	DLGAP2	0	0	0	0	0	0	0	0	0	0	0.969
SHANK2	SHANK3	0	0	0	0	0	0	0	0	0	0	0.98
SHANK2	DLG4	0	0	0	0	0	0	0	0	0	0	0.993
DLG1	NLGN4Y	0	0	0	0	0	0	0	0	0	0	0.402
DLG1	NLGN4X	0	0	0	0	0	0	0	0	0	0	0.414
DLG1	NLGN3	0	0	0	0	0	0	0	0	0	0	0.436
DLG1	NRXN1	0	0	0	0	0	0	0	0	0	0	0.472
DLG1	NLGN1	0	0	0	0	0	0	0	0	0	0	0.483
DLG1	SHANK3	0	0	0	0	0	0	0	0	0	0	0.587
DLG1	DLGAP2	0	0	0	0	0	0	0	0	0	0	0.714
DLG1	CAMK2A	0	0	0	0	0	0	0	0	0	0	0.721
DLG1	GRIN1	0	0	0	0	0	0	0	0	0	0	0.878
DLG1	DLG4	0	0	0	0	0	0	0	0	0	0	0.956
DLG1	DLG2	0	0	0	0	0	0	0	0	0	0	0.962
DLG1	DLG3	0	0	0	0	0	0	0	0	0	0	0.974
DLG1	GRIN2B	0	0	0	0	0	0	0	0	0	0	0.992
FYN	DAG1	0	0	0	0	0	0	0	0	0	0	0.484
FYN	DLG3	0	0	0	0	0	0	0	0	0	0	0.705
FYN	GRIN1	0	0	0	0	0	0	0	0	0	0	0.743
FYN	DLG2	0	0	0	0	0	0	0	0	0	0	0.766
FYN	GRIN2B	0	0	0	0	0	0	0	0	0	0	0.993
FYN	DLG4	0	0	0	0	0	0	0	0	0	0	0.996
NLGN4Y	GRIN2B	0	0	0	0	0	0	0	0	0	0	0.448
NLGN4Y	NLGN4X	0	0	0	0	0	0	0	0	0	0	0.519
NLGN4Y	NLGN1	0	0	0	0	0	0	0	0	0	0	0.523
NLGN4Y	HOMER3	0	0	0	0	0	0	0	0	0	0	0.608
NLGN4Y	DLGAP3	0	0	0	0	0	0	0	0	0	0	0.66
NLGN4Y	DLGAP2	0	0	0	0	0	0	0	0	0	0	0.669
NLGN4Y	DLG2	0	0	0	0	0	0	0	0	0	0	0.696
NLGN4Y	NLGN3	0	0	0	0	0	0	0	0	0	0	0.697
NLGN4Y	DLG3	0	0	0	0	0	0	0	0	0	0	0.848
NLGN4Y	SHANK3	0	0	0	0	0	0	0	0	0	0	0.899
NLGN4Y	DLG4	0	0	0	0	0	0	0	0	0	0	0.986
NLGN4Y	NRXN1	0	0	0	0	0	0	0	0	0	0	0.999
NLGN3	NXPH1	0	0	0	0	0	0	0	0	0	0	0.418
NLGN3	GRIN1	0	0	0	0	0	0	0	0	0	0	0.446
NLGN3	GRIN2B	0	0	0	0	0	0	0	0	0	0	0.573
NLGN3	HOMER3	0	0	0	0	0	0	0	0	0	0	0.65
NLGN3	DLGAP3	0	0	0	0	0	0	0	0	0	0	0.763
NLGN3	DLG2	0	0	0	0	0	0	0	0	0	0	0.776
NLGN3	NLGN4X	0	0	0	0	0	0	0	0	0	0	0.796
NLGN3	NLGN1	0	0	0	0	0	0	0	0	0	0	0.799
NLGN3	DLGAP2	0	0	0	0	0	0	0	0	0	0	0.839
NLGN3	DLG3	0	0	0	0	0	0	0	0	0	0	0.885
NLGN3	SHANK3	0	0	0	0	0	0	0	0	0	0	0.993
NLGN3	DLG4	0	0	0	0	0	0	0	0	0	0	0.995
NLGN3	NRXN1	0	0	0	0	0	0	0	0	0	0	0.999
GRIN3A	DLG3	0	0	0	0	0	0	0	0	0	0	0.68
GRIN3A	DLG4	0	0	0	0	0	0	0	0	0	0	0.966
GRIN3A	GRIN1	0	0	0	0	0	0	0	0	0	0	0.999
GRIN3A	GRIN2B	0	0	0	0	0	0	0	0	0	0	0.999
GRIN1	NLGN4X	0	0	0	0	0	0	0	0	0	0	0.422
GRIN1	DLGAP2	0	0	0	0	0	0	0	0	0	0	0.442
GRIN1	NRXN1	0	0	0	0	0	0	0	0	0	0	0.449
GRIN1	DLGAP3	0	0	0	0	0	0	0	0	0	0	0.507
GRIN1	SHANK3	0	0	0	0	0	0	0	0	0	0	0.568
GRIN1	NLGN1	0	0	0	0	0	0	0	0	0	0	0.611
GRIN1	DLG2	0	0	0	0	0	0	0	0	0	0	0.761
GRIN1	DLG3	0	0	0	0	0	0	0	0	0	0	0.879
GRIN1	CAMK2A	0	0	0	0	0	0	0	0	0	0	0.911
GRIN1	DLG4	0	0	0	0	0	0	0	0	0	0	0.998
GRIN1	GRIN2B	0	0	0	0	0	0	0	0	0	0	0.999
DLGAP3	CAMK2A	0	0	0	0	0	0	0	0	0	0	0.451
DLGAP3	HOMER3	0	0	0	0	0	0	0	0	0	0	0.72
DLGAP3	NRXN1	0	0	0	0	0	0	0	0	0	0	0.733
DLGAP3	NLGN4X	0	0	0	0	0	0	0	0	0	0	0.737
DLGAP3	NLGN1	0	0	0	0	0	0	0	0	0	0	0.737
DLGAP3	GRIN2B	0	0	0	0	0	0	0	0	0	0	0.753
DLGAP3	DLG3	0	0	0	0	0	0	0	0	0	0	0.835
DLGAP3	DLG2	0	0	0	0	0	0	0	0	0	0	0.847
DLGAP3	DLGAP2	0	0	0	0	0	0	0	0	0	0	0.868
DLGAP3	SHANK3	0	0	0	0	0	0	0	0	0	0	0.992
DLGAP3	DLG4	0	0	0	0	0	0	0	0	0	0	0.993
DLG3	HOMER3	0	0	0	0	0	0	0	0	0	0	0.633
DLG3	CAMK2A	0	0	0	0	0	0	0	0	0	0	0.688
DLG3	NRXN1	0	0	0	0	0	0	0	0	0	0	0.717
DLG3	SHANK3	0	0	0	0	0	0	0	0	0	0	0.759
DLG3	NLGN4X	0	0	0	0	0	0	0	0	0	0	0.863
DLG3	DLGAP2	0	0	0	0	0	0	0	0	0	0	0.872
DLG3	NLGN1	0	0	0	0	0	0	0	0	0	0	0.892
DLG3	DLG2	0	0	0	0	0	0	0	0	0	0	0.984
DLG3	DLG4	0	0	0	0	0	0	0	0	0	0	0.997
DLG3	GRIN2B	0	0	0	0	0	0	0	0	0	0	0.998
DLG2	HOMER3	0	0	0	0	0	0	0	0	0	0	0.645
DLG2	CAMK2A	0	0	0	0	0	0	0	0	0	0	0.688
DLG2	NLGN4X	0	0	0	0	0	0	0	0	0	0	0.713
DLG2	NRXN1	0	0	0	0	0	0	0	0	0	0	0.778
DLG2	DLGAP2	0	0	0	0	0	0	0	0	0	0	0.811
DLG2	NLGN1	0	0	0	0	0	0	0	0	0	0	0.868
DLG2	SHANK3	0	0	0	0	0	0	0	0	0	0	0.919
DLG2	DLG4	0	0	0	0	0	0	0	0	0	0	0.969
DLG2	GRIN2B	0	0	0	0	0	0	0	0	0	0	0.996
NLGN4X	NXPH1	0	0	0	0	0	0	0	0	0	0	0.407
NLGN4X	GRIN2B	0	0	0	0	0	0	0	0	0	0	0.546
NLGN4X	NLGN1	0	0	0	0	0	0	0	0	0	0	0.548
NLGN4X	HOMER3	0	0	0	0	0	0	0	0	0	0	0.619
NLGN4X	DLGAP2	0	0	0	0	0	0	0	0	0	0	0.841
NLGN4X	SHANK3	0	0	0	0	0	0	0	0	0	0	0.995
NLGN4X	DLG4	0	0	0	0	0	0	0	0	0	0	0.995
NLGN4X	NRXN1	0	0	0	0	0	0	0	0	0	0	0.999
NXPH1	NLGN1	0	0	0	0	0	0	0	0	0	0	0.525
NXPH1	NRXN1	0	0	0	0	0	0	0	0	0	0	0.973
NRXN1	CAMK2A	0	0	0	0	0	0	0	0	0	0	0.542
NRXN1	HOMER3	0	0	0	0	0	0	0	0	0	0	0.619
NRXN1	DLGAP2	0	0	0	0	0	0	0	0	0	0	0.803
NRXN1	GRIN2B	0	0	0	0	0	0	0	0	0	0	0.832
NRXN1	SHANK3	0	0	0	0	0	0	0	0	0	0	0.961
NRXN1	DLG4	0	0	0	0	0	0	0	0	0	0	0.991
NRXN1	DAG1	0	0	0	0	0	0	0	0	0	0	0.998
NRXN1	NLGN1	0	0	0	0	0	0	0	0	0	0	0.999
NLGN1	CAMK2A	0	0	0	0	0	0	0	0	0	0	0.414
NLGN1	HOMER3	0	0	0	0	0	0	0	0	0	0	0.643
NLGN1	GRIN2B	0	0	0	0	0	0	0	0	0	0	0.755
NLGN1	DLGAP2	0	0	0	0	0	0	0	0	0	0	0.811
NLGN1	SHANK3	0	0	0	0	0	0	0	0	0	0	0.978
NLGN1	DLG4	0	0	0	0	0	0	0	0	0	0	0.999
HOMER3	GRIN2B	0	0	0	0	0	0	0	0	0	0	0.466
HOMER3	DLGAP2	0	0	0	0	0	0	0	0	0	0	0.698
HOMER3	DLG4	0	0	0	0	0	0	0	0	0	0	0.868
HOMER3	SHANK3	0	0	0	0	0	0	0	0	0	0	0.884
GRIN2B	DLGAP2	0	0	0	0	0	0	0	0	0	0	0.514
GRIN2B	SHANK3	0	0	0	0	0	0	0	0	0	0	0.785
GRIN2B	DLG4	0	0	0	0	0	0	0	0	0	0	0.999
GRIN2B	CAMK2A	0	0	0	0	0	0	0	0	0	0	0.999
SHANK3	CAMK2A	0	0	0	0	0	0	0	0	0	0	0.509
SHANK3	DLGAP2	0	0	0	0	0	0	0	0	0	0	0.988
SHANK3	DLG4	0	0	0	0	0	0	0	0	0	0	0.996
DLGAP2	CAMK2A	0	0	0	0	0	0	0	0	0	0	0.436
DLGAP2	DLG4	0	0	0	0	0	0	0	0	0	0	0.891
DLG4	CAMK2A	0	0	0	0	0	0	0	0	0	0	0.92
CBLN1	DLG4	0	0	0	0	0	0	0	0	0	0	0.402
CBLN1	NLGN3	0	0	0	0	0	0	0	0	0	0	0.507
CBLN1	NLGN2	0	0	0	0	0	0	0	0	0	0	0.559
CBLN1	NLGN4X	0	0	0	0	0	0	0	0	0	0	0.56
CBLN1	NLGN1	0	0	0	0	0	0	0	0	0	0	0.611
CBLN1	LRRTM2	0	0	0	0	0	0	0	0	0	0	0.717
CBLN1	NRXN2	0	0	0	0	0	0	0	0	0	0	0.989
CBLN1	NRXN1	0	0	0	0	0	0	0	0	0	0	0.994
GRIN3B	GRM5	0	0	0	0	0	0	0	0	0	0	0.419
GRIN3B	GRM1	0	0	0	0	0	0	0	0	0	0	0.466
GRIN3B	DLG3	0	0	0	0	0	0	0	0	0	0	0.598
GRIN3B	DLG4	0	0	0	0	0	0	0	0	0	0	0.942
GRIN3B	GRIN3A	0	0	0	0	0	0	0	0	0	0	0.995
GRIN3B	GRIN2C	0	0	0	0	0	0	0	0	0	0	0.996
GRIN3B	GRIN2B	0	0	0	0	0	0	0	0	0	0	0.996
GRIN3B	GRIN2D	0	0	0	0	0	0	0	0	0	0	0.996
GRIN3B	GRIN2A	0	0	0	0	0	0	0	0	0	0	0.998
GRIN3B	GRIN1	0	0	0	0	0	0	0	0	0	0	0.999
GRIN2D	DLGAP3	0	0	0	0	0	0	0	0	0	0	0.451
GRIN2D	GRM5	0	0	0	0	0	0	0	0	0	0	0.556
GRIN2D	DLG1	0	0	0	0	0	0	0	0	0	0	0.604
GRIN2D	CAMK2A	0	0	0	0	0	0	0	0	0	0	0.607
GRIN2D	DLGAP1	0	0	0	0	0	0	0	0	0	0	0.617
GRIN2D	DLG2	0	0	0	0	0	0	0	0	0	0	0.634
GRIN2D	DLG3	0	0	0	0	0	0	0	0	0	0	0.659
GRIN2D	GRM1	0	0	0	0	0	0	0	0	0	0	0.678
GRIN2D	DLG4	0	0	0	0	0	0	0	0	0	0	0.976
GRIN2D	GRIN3A	0	0	0	0	0	0	0	0	0	0	0.998
GRIN2D	GRIN2B	0	0	0	0	0	0	0	0	0	0	0.998
GRIN2D	GRIN2A	0	0	0	0	0	0	0	0	0	0	0.998
GRIN2D	GRIN2C	0	0	0	0	0	0	0	0	0	0	0.998
GRIN2D	GRIN1	0	0	0	0	0	0	0	0	0	0	0.999
NRXN2	GRIN1	0	0	0	0	0	0	0	0	0	0	0.436
NRXN2	GRIN2A	0	0	0	0	0	0	0	0	0	0	0.452
NRXN2	DLG1	0	0	0	0	0	0	0	0	0	0	0.457
NRXN2	CAMK2A	0	0	0	0	0	0	0	0	0	0	0.507
NRXN2	GRIN2B	0	0	0	0	0	0	0	0	0	0	0.516
NRXN2	HOMER2	0	0	0	0	0	0	0	0	0	0	0.592
NRXN2	HOMER3	0	0	0	0	0	0	0	0	0	0	0.619
NRXN2	GRM1	0	0	0	0	0	0	0	0	0	0	0.676
NRXN2	HOMER1	0	0	0	0	0	0	0	0	0	0	0.687
NRXN2	DLG3	0	0	0	0	0	0	0	0	0	0	0.713
NRXN2	GRM5	0	0	0	0	0	0	0	0	0	0	0.713
NRXN2	DLGAP2	0	0	0	0	0	0	0	0	0	0	0.714
NRXN2	DLGAP3	0	0	0	0	0	0	0	0	0	0	0.719
NRXN2	DLG2	0	0	0	0	0	0	0	0	0	0	0.741
NRXN2	DLGAP1	0	0	0	0	0	0	0	0	0	0	0.743
NRXN2	NXPH1	0	0	0	0	0	0	0	0	0	0	0.827
NRXN2	SHANK1	0	0	0	0	0	0	0	0	0	0	0.876
NRXN2	SHANK2	0	0	0	0	0	0	0	0	0	0	0.88
NRXN2	SHANK3	0	0	0	0	0	0	0	0	0	0	0.897
NRXN2	NRXN1	0	0	0	0	0	0	0	0	0	0	0.922
NRXN2	DLG4	0	0	0	0	0	0	0	0	0	0	0.987
NRXN2	LRRTM2	0	0	0	0	0	0	0	0	0	0	0.993
NRXN2	DAG1	0	0	0	0	0	0	0	0	0	0	0.997
NRXN2	NLGN2	0	0	0	0	0	0	0	0	0	0	0.999
NRXN2	NLGN1	0	0	0	0	0	0	0	0	0	0	0.999
NRXN2	NLGN3	0	0	0	0	0	0	0	0	0	0	0.999
NRXN2	NLGN4Y	0	0	0	0	0	0	0	0	0	0	0.999
NRXN2	NLGN4X	0	0	0	0	0	0	0	0	0	0	0.999
LRRTM2	NLGN4Y	0	0	0	0	0	0	0	0	0	0	0.474
LRRTM2	NLGN2	0	0	0	0	0	0	0	0	0	0	0.65
LRRTM2	NLGN4X	0	0	0	0	0	0	0	0	0	0	0.724
LRRTM2	NLGN3	0	0	0	0	0	0	0	0	0	0	0.725
LRRTM2	NLGN1	0	0	0	0	0	0	0	0	0	0	0.815
LRRTM2	DLG4	0	0	0	0	0	0	0	0	0	0	0.902
LRRTM2	NRXN1	0	0	0	0	0	0	0	0	0	0	0.997
GRM1	FYN	0	0	0	0	0	0	0	0	0	0	0.45
GRM1	DLG1	0	0	0	0	0	0	0	0	0	0	0.46
GRM1	GRIN3A	0	0	0	0	0	0	0	0	0	0	0.537
GRM1	NLGN4Y	0	0	0	0	0	0	0	0	0	0	0.573
GRM1	DLG3	0	0	0	0	0	0	0	0	0	0	0.598
GRM1	NLGN2	0	0	0	0	0	0	0	0	0	0	0.61
GRM1	GRIN2C	0	0	0	0	0	0	0	0	0	0	0.616
GRM1	NLGN4X	0	0	0	0	0	0	0	0	0	0	0.624
GRM1	DLGAP2	0	0	0	0	0	0	0	0	0	0	0.628
GRM1	DLG2	0	0	0	0	0	0	0	0	0	0	0.64
GRM1	NLGN3	0	0	0	0	0	0	0	0	0	0	0.648
GRM1	NLGN1	0	0	0	0	0	0	0	0	0	0	0.652
GRM1	GRIN1	0	0	0	0	0	0	0	0	0	0	0.659
GRM1	DLGAP3	0	0	0	0	0	0	0	0	0	0	0.688
GRM1	NRXN1	0	0	0	0	0	0	0	0	0	0	0.705
GRM1	SHANK2	0	0	0	0	0	0	0	0	0	0	0.714
GRM1	GRIN2A	0	0	0	0	0	0	0	0	0	0	0.738
GRM1	GRIN2B	0	0	0	0	0	0	0	0	0	0	0.758
GRM1	SHANK3	0	0	0	0	0	0	0	0	0	0	0.788
GRM1	DLG4	0	0	0	0	0	0	0	0	0	0	0.862
GRM1	SHANK1	0	0	0	0	0	0	0	0	0	0	0.899
GRM1	DLGAP1	0	0	0	0	0	0	0	0	0	0	0.938
GRM1	CAMK2A	0	0	0	0	0	0	0	0	0	0	0.968
GRM1	GRM5	0	0	0	0	0	0	0	0	0	0	0.977
GRM1	HOMER2	0	0	0	0	0	0	0	0	0	0	0.989
GRM1	HOMER3	0	0	0	0	0	0	0	0	0	0	0.99
GRM1	GNAQ	0	0	0	0	0	0	0	0	0	0	0.998
GRM1	HOMER1	0	0	0	0	0	0	0	0	0	0	0.998
GNAQ	GRM5	0	0	0	0	0	0	0	0	0	0	0.999
GRIN2C	SHANK1	0	0	0	0	0	0	0	0	0	0	0.416
GRIN2C	GRM5	0	0	0	0	0	0	0	0	0	0	0.621
GRIN2C	DLG1	0	0	0	0	0	0	0	0	0	0	0.681
GRIN2C	CAMK2A	0	0	0	0	0	0	0	0	0	0	0.735
GRIN2C	DLG2	0	0	0	0	0	0	0	0	0	0	0.818
GRIN2C	DLG3	0	0	0	0	0	0	0	0	0	0	0.872
GRIN2C	DLG4	0	0	0	0	0	0	0	0	0	0	0.99
GRIN2C	GRIN2A	0	0	0	0	0	0	0	0	0	0	0.998
GRIN2C	GRIN2B	0	0	0	0	0	0	0	0	0	0	0.998
GRIN2C	GRIN3A	0	0	0	0	0	0	0	0	0	0	0.998
GRIN2C	GRIN1	0	0	0	0	0	0	0	0	0	0	0.999
SHANK1	DLG1	0	0	0	0	0	0	0	0	0	0	0.446
SHANK1	CAMK2A	0	0	0	0	0	0	0	0	0	0	0.533
SHANK1	GRIN1	0	0	0	0	0	0	0	0	0	0	0.596
SHANK1	GRIN2A	0	0	0	0	0	0	0	0	0	0	0.742
SHANK1	GRIN2B	0	0	0	0	0	0	0	0	0	0	0.752
SHANK1	NLGN4Y	0	0	0	0	0	0	0	0	0	0	0.76
SHANK1	DLG3	0	0	0	0	0	0	0	0	0	0	0.778
SHANK1	DLGAP2	0	0	0	0	0	0	0	0	0	0	0.841
SHANK1	NLGN2	0	0	0	0	0	0	0	0	0	0	0.868
SHANK1	DLG2	0	0	0	0	0	0	0	0	0	0	0.878
SHANK1	NRXN1	0	0	0	0	0	0	0	0	0	0	0.887
SHANK1	NLGN4X	0	0	0	0	0	0	0	0	0	0	0.894
SHANK1	NLGN3	0	0	0	0	0	0	0	0	0	0	0.904
SHANK1	DLGAP3	0	0	0	0	0	0	0	0	0	0	0.92
SHANK1	NLGN1	0	0	0	0	0	0	0	0	0	0	0.926
SHANK1	HOMER2	0	0	0	0	0	0	0	0	0	0	0.927
SHANK1	GRM5	0	0	0	0	0	0	0	0	0	0	0.939
SHANK1	HOMER3	0	0	0	0	0	0	0	0	0	0	0.966
SHANK1	SHANK2	0	0	0	0	0	0	0	0	0	0	0.968
SHANK1	SHANK3	0	0	0	0	0	0	0	0	0	0	0.982
SHANK1	HOMER1	0	0	0	0	0	0	0	0	0	0	0.984
SHANK1	DLG4	0	0	0	0	0	0	0	0	0	0	0.992
SHANK1	DLGAP1	0	0	0	0	0	0	0	0	0	0	0.996
NLGN2	CAMK2A	0	0	0	0	0	0	0	0	0	0	0.411
NLGN2	NXPH1	0	0	0	0	0	0	0	0	0	0	0.414
NLGN2	DLG1	0	0	0	0	0	0	0	0	0	0	0.44
NLGN2	GRIN1	0	0	0	0	0	0	0	0	0	0	0.469
NLGN2	GRIN2B	0	0	0	0	0	0	0	0	0	0	0.496
NLGN2	GRIN2A	0	0	0	0	0	0	0	0	0	0	0.521
NLGN2	NLGN4Y	0	0	0	0	0	0	0	0	0	0	0.525
NLGN2	DAG1	0	0	0	0	0	0	0	0	0	0	0.59
NLGN2	HOMER2	0	0	0	0	0	0	0	0	0	0	0.647
NLGN2	GRM5	0	0	0	0	0	0	0	0	0	0	0.668
NLGN2	NLGN3	0	0	0	0	0	0	0	0	0	0	0.683
NLGN2	HOMER3	0	0	0	0	0	0	0	0	0	0	0.697
NLGN2	HOMER1	0	0	0	0	0	0	0	0	0	0	0.699
NLGN2	NLGN4X	0	0	0	0	0	0	0	0	0	0	0.704
NLGN2	NLGN1	0	0	0	0	0	0	0	0	0	0	0.704
NLGN2	DLGAP3	0	0	0	0	0	0	0	0	0	0	0.709
NLGN2	DLGAP2	0	0	0	0	0	0	0	0	0	0	0.715
NLGN2	DLG2	0	0	0	0	0	0	0	0	0	0	0.784
NLGN2	DLGAP1	0	0	0	0	0	0	0	0	0	0	0.844
NLGN2	SHANK2	0	0	0	0	0	0	0	0	0	0	0.868
NLGN2	DLG3	0	0	0	0	0	0	0	0	0	0	0.883
NLGN2	SHANK3	0	0	0	0	0	0	0	0	0	0	0.935
NLGN2	DLG4	0	0	0	0	0	0	0	0	0	0	0.998
NLGN2	NRXN1	0	0	0	0	0	0	0	0	0	0	0.999
HOMER2	GRIN1	0	0	0	0	0	0	0	0	0	0	0.42
HOMER2	GRIN2A	0	0	0	0	0	0	0	0	0	0	0.478
HOMER2	GRIN2B	0	0	0	0	0	0	0	0	0	0	0.502
HOMER2	NLGN4X	0	0	0	0	0	0	0	0	0	0	0.596
HOMER2	NRXN1	0	0	0	0	0	0	0	0	0	0	0.605
HOMER2	NLGN4Y	0	0	0	0	0	0	0	0	0	0	0.607
HOMER2	DLG2	0	0	0	0	0	0	0	0	0	0	0.61
HOMER2	DLG3	0	0	0	0	0	0	0	0	0	0	0.613
HOMER2	NLGN1	0	0	0	0	0	0	0	0	0	0	0.618
HOMER2	DLGAP2	0	0	0	0	0	0	0	0	0	0	0.637
HOMER2	NLGN3	0	0	0	0	0	0	0	0	0	0	0.641
HOMER2	DLGAP3	0	0	0	0	0	0	0	0	0	0	0.666
HOMER2	SHANK3	0	0	0	0	0	0	0	0	0	0	0.758
HOMER2	DLG4	0	0	0	0	0	0	0	0	0	0	0.779
HOMER2	SHANK2	0	0	0	0	0	0	0	0	0	0	0.782
HOMER2	DLGAP1	0	0	0	0	0	0	0	0	0	0	0.857
HOMER2	GRM5	0	0	0	0	0	0	0	0	0	0	0.965
HOMER2	HOMER3	0	0	0	0	0	0	0	0	0	0	0.99
HOMER2	HOMER1	0	0	0	0	0	0	0	0	0	0	0.991
GRM5	FYN	0	0	0	0	0	0	0	0	0	0	0.471
GRM5	NXPH1	0	0	0	0	0	0	0	0	0	0	0.54
GRM5	NLGN4Y	0	0	0	0	0	0	0	0	0	0	0.611
GRM5	DLG3	0	0	0	0	0	0	0	0	0	0	0.642
GRM5	DLGAP2	0	0	0	0	0	0	0	0	0	0	0.686
GRM5	NLGN4X	0	0	0	0	0	0	0	0	0	0	0.696
GRM5	GRIN3A	0	0	0	0	0	0	0	0	0	0	0.699
GRM5	DLG2	0	0	0	0	0	0	0	0	0	0	0.702
GRM5	NLGN1	0	0	0	0	0	0	0	0	0	0	0.716
GRM5	NLGN3	0	0	0	0	0	0	0	0	0	0	0.735
GRM5	NRXN1	0	0	0	0	0	0	0	0	0	0	0.766
GRM5	DLGAP3	0	0	0	0	0	0	0	0	0	0	0.786
GRM5	GRIN1	0	0	0	0	0	0	0	0	0	0	0.792
GRM5	GRIN2A	0	0	0	0	0	0	0	0	0	0	0.841
GRM5	GRIN2B	0	0	0	0	0	0	0	0	0	0	0.842
GRM5	SHANK2	0	0	0	0	0	0	0	0	0	0	0.869
GRM5	SHANK3	0	0	0	0	0	0	0	0	0	0	0.88
GRM5	DLG4	0	0	0	0	0	0	0	0	0	0	0.902
GRM5	DLGAP1	0	0	0	0	0	0	0	0	0	0	0.915
GRM5	HOMER3	0	0	0	0	0	0	0	0	0	0	0.929
GRM5	CAMK2A	0	0	0	0	0	0	0	0	0	0	0.975
GRM5	HOMER1	0	0	0	0	0	0	0	0	0	0	0.999
DLGAP1	GRIN1	0	0	0	0	0	0	0	0	0	0	0.57
DLGAP1	CAMK2A	0	0	0	0	0	0	0	0	0	0	0.703
DLGAP1	DLGAP2	0	0	0	0	0	0	0	0	0	0	0.704
DLGAP1	DLGAP3	0	0	0	0	0	0	0	0	0	0	0.724
DLGAP1	NRXN1	0	0	0	0	0	0	0	0	0	0	0.774
DLGAP1	NLGN4Y	0	0	0	0	0	0	0	0	0	0	0.843
DLGAP1	NLGN3	0	0	0	0	0	0	0	0	0	0	0.855
DLGAP1	NLGN4X	0	0	0	0	0	0	0	0	0	0	0.861
DLGAP1	GRIN2A	0	0	0	0	0	0	0	0	0	0	0.885
DLGAP1	DLG3	0	0	0	0	0	0	0	0	0	0	0.887
DLGAP1	DLG2	0	0	0	0	0	0	0	0	0	0	0.89
DLGAP1	GRIN2B	0	0	0	0	0	0	0	0	0	0	0.9
DLGAP1	NLGN1	0	0	0	0	0	0	0	0	0	0	0.927
DLGAP1	HOMER3	0	0	0	0	0	0	0	0	0	0	0.943
DLGAP1	DLG1	0	0	0	0	0	0	0	0	0	0	0.952
DLGAP1	SHANK2	0	0	0	0	0	0	0	0	0	0	0.981
DLGAP1	HOMER1	0	0	0	0	0	0	0	0	0	0	0.986
DLGAP1	SHANK3	0	0	0	0	0	0	0	0	0	0	0.997
DLGAP1	DLG4	0	0	0	0	0	0	0	0	0	0	0.999
GRIN2A	NLGN4X	0	0	0	0	0	0	0	0	0	0	0.471
GRIN2A	NLGN3	0	0	0	0	0	0	0	0	0	0	0.472
GRIN2A	NLGN1	0	0	0	0	0	0	0	0	0	0	0.554
GRIN2A	SHANK2	0	0	0	0	0	0	0	0	0	0	0.555
GRIN2A	DLGAP3	0	0	0	0	0	0	0	0	0	0	0.574
GRIN2A	DLGAP2	0	0	0	0	0	0	0	0	0	0	0.577
GRIN2A	NRXN1	0	0	0	0	0	0	0	0	0	0	0.617
GRIN2A	SHANK3	0	0	0	0	0	0	0	0	0	0	0.638
GRIN2A	HOMER1	0	0	0	0	0	0	0	0	0	0	0.768
GRIN2A	CAMK2A	0	0	0	0	0	0	0	0	0	0	0.968
GRIN2A	DLG1	0	0	0	0	0	0	0	0	0	0	0.979
GRIN2A	FYN	0	0	0	0	0	0	0	0	0	0	0.981
GRIN2A	DLG2	0	0	0	0	0	0	0	0	0	0	0.997
GRIN2A	DLG3	0	0	0	0	0	0	0	0	0	0	0.998
GRIN2A	GRIN1	0	0	0	0	0	0	0	0	0	0	0.999
GRIN2A	GRIN2B	0	0	0	0	0	0	0	0	0	0	0.999
GRIN2A	GRIN3A	0	0	0	0	0	0	0	0	0	0	0.999
GRIN2A	DLG4	0	0	0	0	0	0	0	0	0	0	0.999
HOMER1	DLG1	0	0	0	0	0	0	0	0	0	0	0.553
HOMER1	GRIN1	0	0	0	0	0	0	0	0	0	0	0.641
HOMER1	NLGN4Y	0	0	0	0	0	0	0	0	0	0	0.649
HOMER1	GRIN2B	0	0	0	0	0	0	0	0	0	0	0.675
HOMER1	NLGN4X	0	0	0	0	0	0	0	0	0	0	0.69
HOMER1	NRXN1	0	0	0	0	0	0	0	0	0	0	0.706
HOMER1	DLG3	0	0	0	0	0	0	0	0	0	0	0.707
HOMER1	NLGN3	0	0	0	0	0	0	0	0	0	0	0.721
HOMER1	NLGN1	0	0	0	0	0	0	0	0	0	0	0.726
HOMER1	DLGAP2	0	0	0	0	0	0	0	0	0	0	0.734
HOMER1	CAMK2A	0	0	0	0	0	0	0	0	0	0	0.735
HOMER1	DLGAP3	0	0	0	0	0	0	0	0	0	0	0.816
HOMER1	DLG2	0	0	0	0	0	0	0	0	0	0	0.821
HOMER1	SHANK2	0	0	0	0	0	0	0	0	0	0	0.937
HOMER1	SHANK3	0	0	0	0	0	0	0	0	0	0	0.957
HOMER1	DLG4	0	0	0	0	0	0	0	0	0	0	0.988
HOMER1	HOMER3	0	0	0	0	0	0	0	0	0	0	0.993
SHANK2	DLG1	0	0	0	0	0	0	0	0	0	0	0.416
SHANK2	CAMK2A	0	0	0	0	0	0	0	0	0	0	0.442
SHANK2	GRIN1	0	0	0	0	0	0	0	0	0	0	0.475
SHANK2	GRIN3A	0	0	0	0	0	0	0	0	0	0	0.575
SHANK2	GRIN2B	0	0	0	0	0	0	0	0	0	0	0.628
SHANK2	DLG3	0	0	0	0	0	0	0	0	0	0	0.744
SHANK2	HOMER3	0	0	0	0	0	0	0	0	0	0	0.799
SHANK2	DLG2	0	0	0	0	0	0	0	0	0	0	0.811
SHANK2	NLGN4Y	0	0	0	0	0	0	0	0	0	0	0.85
SHANK2	NRXN1	0	0	0	0	0	0	0	0	0	0	0.914
SHANK2	NLGN1	0	0	0	0	0	0	0	0	0	0	0.914
SHANK2	DLGAP3	0	0	0	0	0	0	0	0	0	0	0.917
SHANK2	NLGN3	0	0	0	0	0	0	0	0	0	0	0.958
SHANK2	NLGN4X	0	0	0	0	0	0	0	0	0	0	0.964
SHANK2	DLGAP2	0	0	0	0	0	0	0	0	0	0	0.969
SHANK2	SHANK3	0	0	0	0	0	0	0	0	0	0	0.98
SHANK2	DLG4	0	0	0	0	0	0	0	0	0	0	0.993
DLG1	NLGN4Y	0	0	0	0	0	0	0	0	0	0	0.402
DLG1	NLGN4X	0	0	0	0	0	0	0	0	0	0	0.414
DLG1	NLGN3	0	0	0	0	0	0	0	0	0	0	0.436
DLG1	NRXN1	0	0	0	0	0	0	0	0	0	0	0.472
DLG1	NLGN1	0	0	0	0	0	0	0	0	0	0	0.483
DLG1	SHANK3	0	0	0	0	0	0	0	0	0	0	0.587
DLG1	DLGAP2	0	0	0	0	0	0	0	0	0	0	0.714
DLG1	CAMK2A	0	0	0	0	0	0	0	0	0	0	0.721
DLG1	GRIN1	0	0	0	0	0	0	0	0	0	0	0.878
DLG1	DLG4	0	0	0	0	0	0	0	0	0	0	0.956
DLG1	DLG2	0	0	0	0	0	0	0	0	0	0	0.962
DLG1	DLG3	0	0	0	0	0	0	0	0	0	0	0.974
DLG1	GRIN2B	0	0	0	0	0	0	0	0	0	0	0.992
FYN	DAG1	0	0	0	0	0	0	0	0	0	0	0.484
FYN	DLG3	0	0	0	0	0	0	0	0	0	0	0.705
FYN	GRIN1	0	0	0	0	0	0	0	0	0	0	0.743
FYN	DLG2	0	0	0	0	0	0	0	0	0	0	0.766
FYN	GRIN2B	0	0	0	0	0	0	0	0	0	0	0.993
FYN	DLG4	0	0	0	0	0	0	0	0	0	0	0.996
NLGN4Y	GRIN2B	0	0	0	0	0	0	0	0	0	0	0.448
NLGN4Y	NLGN4X	0	0	0	0	0	0	0	0	0	0	0.519
NLGN4Y	NLGN1	0	0	0	0	0	0	0	0	0	0	0.523
NLGN4Y	HOMER3	0	0	0	0	0	0	0	0	0	0	0.608
NLGN4Y	DLGAP3	0	0	0	0	0	0	0	0	0	0	0.66
NLGN4Y	DLGAP2	0	0	0	0	0	0	0	0	0	0	0.669
NLGN4Y	DLG2	0	0	0	0	0	0	0	0	0	0	0.696
NLGN4Y	NLGN3	0	0	0	0	0	0	0	0	0	0	0.697
NLGN4Y	DLG3	0	0	0	0	0	0	0	0	0	0	0.848
NLGN4Y	SHANK3	0	0	0	0	0	0	0	0	0	0	0.899
NLGN4Y	DLG4	0	0	0	0	0	0	0	0	0	0	0.986
NLGN4Y	NRXN1	0	0	0	0	0	0	0	0	0	0	0.999
NLGN3	NXPH1	0	0	0	0	0	0	0	0	0	0	0.418
NLGN3	GRIN1	0	0	0	0	0	0	0	0	0	0	0.446
NLGN3	GRIN2B	0	0	0	0	0	0	0	0	0	0	0.573
NLGN3	HOMER3	0	0	0	0	0	0	0	0	0	0	0.65
NLGN3	DLGAP3	0	0	0	0	0	0	0	0	0	0	0.763
NLGN3	DLG2	0	0	0	0	0	0	0	0	0	0	0.776
NLGN3	NLGN4X	0	0	0	0	0	0	0	0	0	0	0.796
NLGN3	NLGN1	0	0	0	0	0	0	0	0	0	0	0.799
NLGN3	DLGAP2	0	0	0	0	0	0	0	0	0	0	0.839
NLGN3	DLG3	0	0	0	0	0	0	0	0	0	0	0.885
NLGN3	SHANK3	0	0	0	0	0	0	0	0	0	0	0.993
NLGN3	DLG4	0	0	0	0	0	0	0	0	0	0	0.995
NLGN3	NRXN1	0	0	0	0	0	0	0	0	0	0	0.999
GRIN3A	DLG3	0	0	0	0	0	0	0	0	0	0	0.68
GRIN3A	DLG4	0	0	0	0	0	0	0	0	0	0	0.966
GRIN3A	GRIN1	0	0	0	0	0	0	0	0	0	0	0.999
GRIN3A	GRIN2B	0	0	0	0	0	0	0	0	0	0	0.999
GRIN1	NLGN4X	0	0	0	0	0	0	0	0	0	0	0.422
GRIN1	DLGAP2	0	0	0	0	0	0	0	0	0	0	0.442
GRIN1	NRXN1	0	0	0	0	0	0	0	0	0	0	0.449
GRIN1	DLGAP3	0	0	0	0	0	0	0	0	0	0	0.507
GRIN1	SHANK3	0	0	0	0	0	0	0	0	0	0	0.568
GRIN1	NLGN1	0	0	0	0	0	0	0	0	0	0	0.611
GRIN1	DLG2	0	0	0	0	0	0	0	0	0	0	0.761
GRIN1	DLG3	0	0	0	0	0	0	0	0	0	0	0.879
GRIN1	CAMK2A	0	0	0	0	0	0	0	0	0	0	0.911
GRIN1	DLG4	0	0	0	0	0	0	0	0	0	0	0.998
GRIN1	GRIN2B	0	0	0	0	0	0	0	0	0	0	0.999
DLGAP3	CAMK2A	0	0	0	0	0	0	0	0	0	0	0.451
DLGAP3	HOMER3	0	0	0	0	0	0	0	0	0	0	0.72
DLGAP3	NRXN1	0	0	0	0	0	0	0	0	0	0	0.733
DLGAP3	NLGN4X	0	0	0	0	0	0	0	0	0	0	0.737
DLGAP3	NLGN1	0	0	0	0	0	0	0	0	0	0	0.737
DLGAP3	GRIN2B	0	0	0	0	0	0	0	0	0	0	0.753
DLGAP3	DLG3	0	0	0	0	0	0	0	0	0	0	0.835
DLGAP3	DLG2	0	0	0	0	0	0	0	0	0	0	0.847
DLGAP3	DLGAP2	0	0	0	0	0	0	0	0	0	0	0.868
DLGAP3	SHANK3	0	0	0	0	0	0	0	0	0	0	0.992
DLGAP3	DLG4	0	0	0	0	0	0	0	0	0	0	0.993
DLG3	HOMER3	0	0	0	0	0	0	0	0	0	0	0.633
DLG3	CAMK2A	0	0	0	0	0	0	0	0	0	0	0.688
DLG3	NRXN1	0	0	0	0	0	0	0	0	0	0	0.717
DLG3	SHANK3	0	0	0	0	0	0	0	0	0	0	0.759
DLG3	NLGN4X	0	0	0	0	0	0	0	0	0	0	0.863
DLG3	DLGAP2	0	0	0	0	0	0	0	0	0	0	0.872
DLG3	NLGN1	0	0	0	0	0	0	0	0	0	0	0.892
DLG3	DLG2	0	0	0	0	0	0	0	0	0	0	0.984
DLG3	DLG4	0	0	0	0	0	0	0	0	0	0	0.997
DLG3	GRIN2B	0	0	0	0	0	0	0	0	0	0	0.998
DLG2	HOMER3	0	0	0	0	0	0	0	0	0	0	0.645
DLG2	CAMK2A	0	0	0	0	0	0	0	0	0	0	0.688
DLG2	NLGN4X	0	0	0	0	0	0	0	0	0	0	0.713
DLG2	NRXN1	0	0	0	0	0	0	0	0	0	0	0.778
DLG2	DLGAP2	0	0	0	0	0	0	0	0	0	0	0.811
DLG2	NLGN1	0	0	0	0	0	0	0	0	0	0	0.868
DLG2	SHANK3	0	0	0	0	0	0	0	0	0	0	0.919
DLG2	DLG4	0	0	0	0	0	0	0	0	0	0	0.969
DLG2	GRIN2B	0	0	0	0	0	0	0	0	0	0	0.996
NLGN4X	NXPH1	0	0	0	0	0	0	0	0	0	0	0.407
NLGN4X	GRIN2B	0	0	0	0	0	0	0	0	0	0	0.546
NLGN4X	NLGN1	0	0	0	0	0	0	0	0	0	0	0.548
NLGN4X	HOMER3	0	0	0	0	0	0	0	0	0	0	0.619
NLGN4X	DLGAP2	0	0	0	0	0	0	0	0	0	0	0.841
NLGN4X	SHANK3	0	0	0	0	0	0	0	0	0	0	0.995
NLGN4X	DLG4	0	0	0	0	0	0	0	0	0	0	0.995
NLGN4X	NRXN1	0	0	0	0	0	0	0	0	0	0	0.999
NXPH1	NLGN1	0	0	0	0	0	0	0	0	0	0	0.525
NXPH1	NRXN1	0	0	0	0	0	0	0	0	0	0	0.973
NRXN1	CAMK2A	0	0	0	0	0	0	0	0	0	0	0.542
NRXN1	HOMER3	0	0	0	0	0	0	0	0	0	0	0.619
NRXN1	DLGAP2	0	0	0	0	0	0	0	0	0	0	0.803
NRXN1	GRIN2B	0	0	0	0	0	0	0	0	0	0	0.832
NRXN1	SHANK3	0	0	0	0	0	0	0	0	0	0	0.961
NRXN1	DLG4	0	0	0	0	0	0	0	0	0	0	0.991
NRXN1	DAG1	0	0	0	0	0	0	0	0	0	0	0.998
NRXN1	NLGN1	0	0	0	0	0	0	0	0	0	0	0.999
NLGN1	CAMK2A	0	0	0	0	0	0	0	0	0	0	0.414
NLGN1	HOMER3	0	0	0	0	0	0	0	0	0	0	0.643
NLGN1	GRIN2B	0	0	0	0	0	0	0	0	0	0	0.755
NLGN1	DLGAP2	0	0	0	0	0	0	0	0	0	0	0.811
NLGN1	SHANK3	0	0	0	0	0	0	0	0	0	0	0.978
NLGN1	DLG4	0	0	0	0	0	0	0	0	0	0	0.999
HOMER3	GRIN2B	0	0	0	0	0	0	0	0	0	0	0.466
HOMER3	DLGAP2	0	0	0	0	0	0	0	0	0	0	0.698
HOMER3	DLG4	0	0	0	0	0	0	0	0	0	0	0.868
HOMER3	SHANK3	0	0	0	0	0	0	0	0	0	0	0.884
GRIN2B	DLGAP2	0	0	0	0	0	0	0	0	0	0	0.514
GRIN2B	SHANK3	0	0	0	0	0	0	0	0	0	0	0.785
GRIN2B	DLG4	0	0	0	0	0	0	0	0	0	0	0.999
GRIN2B	CAMK2A	0	0	0	0	0	0	0	0	0	0	0.999
SHANK3	CAMK2A	0	0	0	0	0	0	0	0	0	0	0.509
SHANK3	DLGAP2	0	0	0	0	0	0	0	0	0	0	0.988
SHANK3	DLG4	0	0	0	0	0	0	0	0	0	0	0.996
DLGAP2	CAMK2A	0	0	0	0	0	0	0	0	0	0	0.436
DLGAP2	DLG4	0	0	0	0	0	0	0	0	0	0	0.891
DLG4	CAMK2A	0	0	0	0	0	0	0	0	0	0	0.92
CBLN1	DLG4	0	0	0	0	0	0	0	0	0	0	0.402
CBLN1	NLGN3	0	0	0	0	0	0	0	0	0	0	0.507
CBLN1	NLGN2	0	0	0	0	0	0	0	0	0	0	0.559
CBLN1	NLGN4X	0	0	0	0	0	0	0	0	0	0	0.56
CBLN1	NLGN1	0	0	0	0	0	0	0	0	0	0	0.611
CBLN1	LRRTM2	0	0	0	0	0	0	0	0	0	0	0.717
CBLN1	NRXN2	0	0	0	0	0	0	0	0	0	0	0.989
CBLN1	NRXN1	0	0	0	0	0	0	0	0	0	0	0.994
GRIN3B	GRM5	0	0	0	0	0	0	0	0	0	0	0.419
GRIN3B	GRM1	0	0	0	0	0	0	0	0	0	0	0.466
GRIN3B	DLG3	0	0	0	0	0	0	0	0	0	0	0.598
GRIN3B	DLG4	0	0	0	0	0	0	0	0	0	0	0.942
GRIN3B	GRIN3A	0	0	0	0	0	0	0	0	0	0	0.995
GRIN3B	GRIN2C	0	0	0	0	0	0	0	0	0	0	0.996
GRIN3B	GRIN2B	0	0	0	0	0	0	0	0	0	0	0.996
GRIN3B	GRIN2D	0	0	0	0	0	0	0	0	0	0	0.996
GRIN3B	GRIN2A	0	0	0	0	0	0	0	0	0	0	0.998
GRIN3B	GRIN1	0	0	0	0	0	0	0	0	0	0	0.999
GRIN2D	DLGAP3	0	0	0	0	0	0	0	0	0	0	0.451
GRIN2D	GRM5	0	0	0	0	0	0	0	0	0	0	0.556
GRIN2D	DLG1	0	0	0	0	0	0	0	0	0	0	0.604
GRIN2D	CAMK2A	0	0	0	0	0	0	0	0	0	0	0.607
GRIN2D	DLGAP1	0	0	0	0	0	0	0	0	0	0	0.617
GRIN2D	DLG2	0	0	0	0	0	0	0	0	0	0	0.634
GRIN2D	DLG3	0	0	0	0	0	0	0	0	0	0	0.659
GRIN2D	GRM1	0	0	0	0	0	0	0	0	0	0	0.678
GRIN2D	DLG4	0	0	0	0	0	0	0	0	0	0	0.976
GRIN2D	GRIN3A	0	0	0	0	0	0	0	0	0	0	0.998
GRIN2D	GRIN2B	0	0	0	0	0	0	0	0	0	0	0.998
GRIN2D	GRIN2A	0	0	0	0	0	0	0	0	0	0	0.998
GRIN2D	GRIN2C	0	0	0	0	0	0	0	0	0	0	0.998
GRIN2D	GRIN1	0	0	0	0	0	0	0	0	0	0	0.999
NRXN2	GRIN1	0	0	0	0	0	0	0	0	0	0	0.436
NRXN2	GRIN2A	0	0	0	0	0	0	0	0	0	0	0.452
NRXN2	DLG1	0	0	0	0	0	0	0	0	0	0	0.457
NRXN2	CAMK2A	0	0	0	0	0	0	0	0	0	0	0.507
NRXN2	GRIN2B	0	0	0	0	0	0	0	0	0	0	0.516
NRXN2	HOMER2	0	0	0	0	0	0	0	0	0	0	0.592
NRXN2	HOMER3	0	0	0	0	0	0	0	0	0	0	0.619
NRXN2	GRM1	0	0	0	0	0	0	0	0	0	0	0.676
NRXN2	HOMER1	0	0	0	0	0	0	0	0	0	0	0.687
NRXN2	DLG3	0	0	0	0	0	0	0	0	0	0	0.713
NRXN2	GRM5	0	0	0	0	0	0	0	0	0	0	0.713
NRXN2	DLGAP2	0	0	0	0	0	0	0	0	0	0	0.714
NRXN2	DLGAP3	0	0	0	0	0	0	0	0	0	0	0.719
NRXN2	DLG2	0	0	0	0	0	0	0	0	0	0	0.741
NRXN2	DLGAP1	0	0	0	0	0	0	0	0	0	0	0.743
NRXN2	NXPH1	0	0	0	0	0	0	0	0	0	0	0.827
NRXN2	SHANK1	0	0	0	0	0	0	0	0	0	0	0.876
NRXN2	SHANK2	0	0	0	0	0	0	0	0	0	0	0.88
NRXN2	SHANK3	0	0	0	0	0	0	0	0	0	0	0.897
NRXN2	NRXN1	0	0	0	0	0	0	0	0	0	0	0.922
NRXN2	DLG4	0	0	0	0	0	0	0	0	0	0	0.987
NRXN2	LRRTM2	0	0	0	0	0	0	0	0	0	0	0.993
NRXN2	DAG1	0	0	0	0	0	0	0	0	0	0	0.997
NRXN2	NLGN2	0	0	0	0	0	0	0	0	0	0	0.999
NRXN2	NLGN1	0	0	0	0	0	0	0	0	0	0	0.999
NRXN2	NLGN3	0	0	0	0	0	0	0	0	0	0	0.999
NRXN2	NLGN4Y	0	0	0	0	0	0	0	0	0	0	0.999
NRXN2	NLGN4X	0	0	0	0	0	0	0	0	0	0	0.999
LRRTM2	NLGN4Y	0	0	0	0	0	0	0	0	0	0	0.474
LRRTM2	NLGN2	0	0	0	0	0	0	0	0	0	0	0.65
LRRTM2	NLGN4X	0	0	0	0	0	0	0	0	0	0	0.724
LRRTM2	NLGN3	0	0	0	0	0	0	0	0	0	0	0.725
LRRTM2	NLGN1	0	0	0	0	0	0	0	0	0	0	0.815
LRRTM2	DLG4	0	0	0	0	0	0	0	0	0	0	0.902
LRRTM2	NRXN1	0	0	0	0	0	0	0	0	0	0	0.997
GRM1	FYN	0	0	0	0	0	0	0	0	0	0	0.45
GRM1	DLG1	0	0	0	0	0	0	0	0	0	0	0.46
GRM1	GRIN3A	0	0	0	0	0	0	0	0	0	0	0.537
GRM1	NLGN4Y	0	0	0	0	0	0	0	0	0	0	0.573
GRM1	DLG3	0	0	0	0	0	0	0	0	0	0	0.598
GRM1	NLGN2	0	0	0	0	0	0	0	0	0	0	0.61
GRM1	GRIN2C	0	0	0	0	0	0	0	0	0	0	0.616
GRM1	NLGN4X	0	0	0	0	0	0	0	0	0	0	0.624
GRM1	DLGAP2	0	0	0	0	0	0	0	0	0	0	0.628
GRM1	DLG2	0	0	0	0	0	0	0	0	0	0	0.64
GRM1	NLGN3	0	0	0	0	0	0	0	0	0	0	0.648
GRM1	NLGN1	0	0	0	0	0	0	0	0	0	0	0.652
GRM1	GRIN1	0	0	0	0	0	0	0	0	0	0	0.659
GRM1	DLGAP3	0	0	0	0	0	0	0	0	0	0	0.688
GRM1	NRXN1	0	0	0	0	0	0	0	0	0	0	0.705
GRM1	SHANK2	0	0	0	0	0	0	0	0	0	0	0.714
GRM1	GRIN2A	0	0	0	0	0	0	0	0	0	0	0.738
GRM1	GRIN2B	0	0	0	0	0	0	0	0	0	0	0.758
GRM1	SHANK3	0	0	0	0	0	0	0	0	0	0	0.788
GRM1	DLG4	0	0	0	0	0	0	0	0	0	0	0.862
GRM1	SHANK1	0	0	0	0	0	0	0	0	0	0	0.899
GRM1	DLGAP1	0	0	0	0	0	0	0	0	0	0	0.938
GRM1	CAMK2A	0	0	0	0	0	0	0	0	0	0	0.968
GRM1	GRM5	0	0	0	0	0	0	0	0	0	0	0.977
GRM1	HOMER2	0	0	0	0	0	0	0	0	0	0	0.989
GRM1	HOMER3	0	0	0	0	0	0	0	0	0	0	0.99
GRM1	GNAQ	0	0	0	0	0	0	0	0	0	0	0.998
GRM1	HOMER1	0	0	0	0	0	0	0	0	0	0	0.998
GNAQ	GRM5	0	0	0	0	0	0	0	0	0	0	0.999
GRIN2C	SHANK1	0	0	0	0	0	0	0	0	0	0	0.416
GRIN2C	GRM5	0	0	0	0	0	0	0	0	0	0	0.621
GRIN2C	DLG1	0	0	0	0	0	0	0	0	0	0	0.681
GRIN2C	CAMK2A	0	0	0	0	0	0	0	0	0	0	0.735
GRIN2C	DLG2	0	0	0	0	0	0	0	0	0	0	0.818
GRIN2C	DLG3	0	0	0	0	0	0	0	0	0	0	0.872
GRIN2C	DLG4	0	0	0	0	0	0	0	0	0	0	0.99
GRIN2C	GRIN2A	0	0	0	0	0	0	0	0	0	0	0.998
GRIN2C	GRIN2B	0	0	0	0	0	0	0	0	0	0	0.998
GRIN2C	GRIN3A	0	0	0	0	0	0	0	0	0	0	0.998
GRIN2C	GRIN1	0	0	0	0	0	0	0	0	0	0	0.999
SHANK1	DLG1	0	0	0	0	0	0	0	0	0	0	0.446
SHANK1	CAMK2A	0	0	0	0	0	0	0	0	0	0	0.533
SHANK1	GRIN1	0	0	0	0	0	0	0	0	0	0	0.596
SHANK1	GRIN2A	0	0	0	0	0	0	0	0	0	0	0.742
SHANK1	GRIN2B	0	0	0	0	0	0	0	0	0	0	0.752
SHANK1	NLGN4Y	0	0	0	0	0	0	0	0	0	0	0.76
SHANK1	DLG3	0	0	0	0	0	0	0	0	0	0	0.778
SHANK1	DLGAP2	0	0	0	0	0	0	0	0	0	0	0.841
SHANK1	NLGN2	0	0	0	0	0	0	0	0	0	0	0.868
SHANK1	DLG2	0	0	0	0	0	0	0	0	0	0	0.878
SHANK1	NRXN1	0	0	0	0	0	0	0	0	0	0	0.887
SHANK1	NLGN4X	0	0	0	0	0	0	0	0	0	0	0.894
SHANK1	NLGN3	0	0	0	0	0	0	0	0	0	0	0.904
SHANK1	DLGAP3	0	0	0	0	0	0	0	0	0	0	0.92
SHANK1	NLGN1	0	0	0	0	0	0	0	0	0	0	0.926
SHANK1	HOMER2	0	0	0	0	0	0	0	0	0	0	0.927
SHANK1	GRM5	0	0	0	0	0	0	0	0	0	0	0.939
SHANK1	HOMER3	0	0	0	0	0	0	0	0	0	0	0.966
SHANK1	SHANK2	0	0	0	0	0	0	0	0	0	0	0.968
SHANK1	SHANK3	0	0	0	0	0	0	0	0	0	0	0.982
SHANK1	HOMER1	0	0	0	0	0	0	0	0	0	0	0.984
SHANK1	DLG4	0	0	0	0	0	0	0	0	0	0	0.992
SHANK1	DLGAP1	0	0	0	0	0	0	0	0	0	0	0.996
NLGN2	CAMK2A	0	0	0	0	0	0	0	0	0	0	0.411
NLGN2	NXPH1	0	0	0	0	0	0	0	0	0	0	0.414
NLGN2	DLG1	0	0	0	0	0	0	0	0	0	0	0.44
NLGN2	GRIN1	0	0	0	0	0	0	0	0	0	0	0.469
NLGN2	GRIN2B	0	0	0	0	0	0	0	0	0	0	0.496
NLGN2	GRIN2A	0	0	0	0	0	0	0	0	0	0	0.521
NLGN2	NLGN4Y	0	0	0	0	0	0	0	0	0	0	0.525
NLGN2	DAG1	0	0	0	0	0	0	0	0	0	0	0.59
NLGN2	HOMER2	0	0	0	0	0	0	0	0	0	0	0.647
NLGN2	GRM5	0	0	0	0	0	0	0	0	0	0	0.668
NLGN2	NLGN3	0	0	0	0	0	0	0	0	0	0	0.683
NLGN2	HOMER3	0	0	0	0	0	0	0	0	0	0	0.697
NLGN2	HOMER1	0	0	0	0	0	0	0	0	0	0	0.699
NLGN2	NLGN4X	0	0	0	0	0	0	0	0	0	0	0.704
NLGN2	NLGN1	0	0	0	0	0	0	0	0	0	0	0.704
NLGN2	DLGAP3	0	0	0	0	0	0	0	0	0	0	0.709
NLGN2	DLGAP2	0	0	0	0	0	0	0	0	0	0	0.715
NLGN2	DLG2	0	0	0	0	0	0	0	0	0	0	0.784
NLGN2	DLGAP1	0	0	0	0	0	0	0	0	0	0	0.844
NLGN2	SHANK2	0	0	0	0	0	0	0	0	0	0	0.868
NLGN2	DLG3	0	0	0	0	0	0	0	0	0	0	0.883
NLGN2	SHANK3	0	0	0	0	0	0	0	0	0	0	0.935
NLGN2	DLG4	0	0	0	0	0	0	0	0	0	0	0.998
NLGN2	NRXN1	0	0	0	0	0	0	0	0	0	0	0.999
HOMER2	GRIN1	0	0	0	0	0	0	0	0	0	0	0.42
HOMER2	GRIN2A	0	0	0	0	0	0	0	0	0	0	0.478
HOMER2	GRIN2B	0	0	0	0	0	0	0	0	0	0	0.502
HOMER2	NLGN4X	0	0	0	0	0	0	0	0	0	0	0.596
HOMER2	NRXN1	0	0	0	0	0	0	0	0	0	0	0.605
HOMER2	NLGN4Y	0	0	0	0	0	0	0	0	0	0	0.607
HOMER2	DLG2	0	0	0	0	0	0	0	0	0	0	0.61
HOMER2	DLG3	0	0	0	0	0	0	0	0	0	0	0.613
HOMER2	NLGN1	0	0	0	0	0	0	0	0	0	0	0.618
HOMER2	DLGAP2	0	0	0	0	0	0	0	0	0	0	0.637
HOMER2	NLGN3	0	0	0	0	0	0	0	0	0	0	0.641
HOMER2	DLGAP3	0	0	0	0	0	0	0	0	0	0	0.666
HOMER2	SHANK3	0	0	0	0	0	0	0	0	0	0	0.758
HOMER2	DLG4	0	0	0	0	0	0	0	0	0	0	0.779
HOMER2	SHANK2	0	0	0	0	0	0	0	0	0	0	0.782
HOMER2	DLGAP1	0	0	0	0	0	0	0	0	0	0	0.857
HOMER2	GRM5	0	0	0	0	0	0	0	0	0	0	0.965
HOMER2	HOMER3	0	0	0	0	0	0	0	0	0	0	0.99
HOMER2	HOMER1	0	0	0	0	0	0	0	0	0	0	0.991
GRM5	FYN	0	0	0	0	0	0	0	0	0	0	0.471
GRM5	NXPH1	0	0	0	0	0	0	0	0	0	0	0.54
GRM5	NLGN4Y	0	0	0	0	0	0	0	0	0	0	0.611
GRM5	DLG3	0	0	0	0	0	0	0	0	0	0	0.642
GRM5	DLGAP2	0	0	0	0	0	0	0	0	0	0	0.686
GRM5	NLGN4X	0	0	0	0	0	0	0	0	0	0	0.696
GRM5	GRIN3A	0	0	0	0	0	0	0	0	0	0	0.699
GRM5	DLG2	0	0	0	0	0	0	0	0	0	0	0.702
GRM5	NLGN1	0	0	0	0	0	0	0	0	0	0	0.716
GRM5	NLGN3	0	0	0	0	0	0	0	0	0	0	0.735
GRM5	NRXN1	0	0	0	0	0	0	0	0	0	0	0.766
GRM5	DLGAP3	0	0	0	0	0	0	0	0	0	0	0.786
GRM5	GRIN1	0	0	0	0	0	0	0	0	0	0	0.792
GRM5	GRIN2A	0	0	0	0	0	0	0	0	0	0	0.841
GRM5	GRIN2B	0	0	0	0	0	0	0	0	0	0	0.842
GRM5	SHANK2	0	0	0	0	0	0	0	0	0	0	0.869
GRM5	SHANK3	0	0	0	0	0	0	0	0	0	0	0.88
GRM5	DLG4	0	0	0	0	0	0	0	0	0	0	0.902
GRM5	DLGAP1	0	0	0	0	0	0	0	0	0	0	0.915
GRM5	HOMER3	0	0	0	0	0	0	0	0	0	0	0.929
GRM5	CAMK2A	0	0	0	0	0	0	0	0	0	0	0.975
GRM5	HOMER1	0	0	0	0	0	0	0	0	0	0	0.999
DLGAP1	GRIN1	0	0	0	0	0	0	0	0	0	0	0.57
DLGAP1	CAMK2A	0	0	0	0	0	0	0	0	0	0	0.703
DLGAP1	DLGAP2	0	0	0	0	0	0	0	0	0	0	0.704
DLGAP1	DLGAP3	0	0	0	0	0	0	0	0	0	0	0.724
DLGAP1	NRXN1	0	0	0	0	0	0	0	0	0	0	0.774
DLGAP1	NLGN4Y	0	0	0	0	0	0	0	0	0	0	0.843
DLGAP1	NLGN3	0	0	0	0	0	0	0	0	0	0	0.855
DLGAP1	NLGN4X	0	0	0	0	0	0	0	0	0	0	0.861
DLGAP1	GRIN2A	0	0	0	0	0	0	0	0	0	0	0.885
DLGAP1	DLG3	0	0	0	0	0	0	0	0	0	0	0.887
DLGAP1	DLG2	0	0	0	0	0	0	0	0	0	0	0.89
DLGAP1	GRIN2B	0	0	0	0	0	0	0	0	0	0	0.9
DLGAP1	NLGN1	0	0	0	0	0	0	0	0	0	0	0.927
DLGAP1	HOMER3	0	0	0	0	0	0	0	0	0	0	0.943
DLGAP1	DLG1	0	0	0	0	0	0	0	0	0	0	0.952
DLGAP1	SHANK2	0	0	0	0	0	0	0	0	0	0	0.981
DLGAP1	HOMER1	0	0	0	0	0	0	0	0	0	0	0.986
DLGAP1	SHANK3	0	0	0	0	0	0	0	0	0	0	0.997
DLGAP1	DLG4	0	0	0	0	0	0	0	0	0	0	0.999
GRIN2A	NLGN4X	0	0	0	0	0	0	0	0	0	0	0.471
GRIN2A	NLGN3	0	0	0	0	0	0	0	0	0	0	0.472
GRIN2A	NLGN1	0	0	0	0	0	0	0	0	0	0	0.554
GRIN2A	SHANK2	0	0	0	0	0	0	0	0	0	0	0.555
GRIN2A	DLGAP3	0	0	0	0	0	0	0	0	0	0	0.574
GRIN2A	DLGAP2	0	0	0	0	0	0	0	0	0	0	0.577
GRIN2A	NRXN1	0	0	0	0	0	0	0	0	0	0	0.617
GRIN2A	SHANK3	0	0	0	0	0	0	0	0	0	0	0.638
GRIN2A	HOMER1	0	0	0	0	0	0	0	0	0	0	0.768
GRIN2A	CAMK2A	0	0	0	0	0	0	0	0	0	0	0.968
GRIN2A	DLG1	0	0	0	0	0	0	0	0	0	0	0.979
GRIN2A	FYN	0	0	0	0	0	0	0	0	0	0	0.981
GRIN2A	DLG2	0	0	0	0	0	0	0	0	0	0	0.997
GRIN2A	DLG3	0	0	0	0	0	0	0	0	0	0	0.998
GRIN2A	GRIN1	0	0	0	0	0	0	0	0	0	0	0.999
GRIN2A	GRIN2B	0	0	0	0	0	0	0	0	0	0	0.999
GRIN2A	GRIN3A	0	0	0	0	0	0	0	0	0	0	0.999
GRIN2A	DLG4	0	0	0	0	0	0	0	0	0	0	0.999
HOMER1	DLG1	0	0	0	0	0	0	0	0	0	0	0.553
HOMER1	GRIN1	0	0	0	0	0	0	0	0	0	0	0.641
HOMER1	NLGN4Y	0	0	0	0	0	0	0	0	0	0	0.649
HOMER1	GRIN2B	0	0	0	0	0	0	0	0	0	0	0.675
HOMER1	NLGN4X	0	0	0	0	0	0	0	0	0	0	0.69
HOMER1	NRXN1	0	0	0	0	0	0	0	0	0	0	0.706
HOMER1	DLG3	0	0	0	0	0	0	0	0	0	0	0.707
HOMER1	NLGN3	0	0	0	0	0	0	0	0	0	0	0.721
HOMER1	NLGN1	0	0	0	0	0	0	0	0	0	0	0.726
HOMER1	DLGAP2	0	0	0	0	0	0	0	0	0	0	0.734
HOMER1	CAMK2A	0	0	0	0	0	0	0	0	0	0	0.735
HOMER1	DLGAP3	0	0	0	0	0	0	0	0	0	0	0.816
HOMER1	DLG2	0	0	0	0	0	0	0	0	0	0	0.821
HOMER1	SHANK2	0	0	0	0	0	0	0	0	0	0	0.937
HOMER1	SHANK3	0	0	0	0	0	0	0	0	0	0	0.957
HOMER1	DLG4	0	0	0	0	0	0	0	0	0	0	0.988
HOMER1	HOMER3	0	0	0	0	0	0	0	0	0	0	0.993
SHANK2	DLG1	0	0	0	0	0	0	0	0	0	0	0.416
SHANK2	CAMK2A	0	0	0	0	0	0	0	0	0	0	0.442
SHANK2	GRIN1	0	0	0	0	0	0	0	0	0	0	0.475
SHANK2	GRIN3A	0	0	0	0	0	0	0	0	0	0	0.575
SHANK2	GRIN2B	0	0	0	0	0	0	0	0	0	0	0.628
SHANK2	DLG3	0	0	0	0	0	0	0	0	0	0	0.744
SHANK2	HOMER3	0	0	0	0	0	0	0	0	0	0	0.799
SHANK2	DLG2	0	0	0	0	0	0	0	0	0	0	0.811
SHANK2	NLGN4Y	0	0	0	0	0	0	0	0	0	0	0.85
SHANK2	NRXN1	0	0	0	0	0	0	0	0	0	0	0.914
SHANK2	NLGN1	0	0	0	0	0	0	0	0	0	0	0.914
SHANK2	DLGAP3	0	0	0	0	0	0	0	0	0	0	0.917
SHANK2	NLGN3	0	0	0	0	0	0	0	0	0	0	0.958
SHANK2	NLGN4X	0	0	0	0	0	0	0	0	0	0	0.964
SHANK2	DLGAP2	0	0	0	0	0	0	0	0	0	0	0.969
SHANK2	SHANK3	0	0	0	0	0	0	0	0	0	0	0.98
SHANK2	DLG4	0	0	0	0	0	0	0	0	0	0	0.993
DLG1	NLGN4Y	0	0	0	0	0	0	0	0	0	0	0.402
DLG1	NLGN4X	0	0	0	0	0	0	0	0	0	0	0.414
DLG1	NLGN3	0	0	0	0	0	0	0	0	0	0	0.436
DLG1	NRXN1	0	0	0	0	0	0	0	0	0	0	0.472
DLG1	NLGN1	0	0	0	0	0	0	0	0	0	0	0.483
DLG1	SHANK3	0	0	0	0	0	0	0	0	0	0	0.587
DLG1	DLGAP2	0	0	0	0	0	0	0	0	0	0	0.714
DLG1	CAMK2A	0	0	0	0	0	0	0	0	0	0	0.721
DLG1	GRIN1	0	0	0	0	0	0	0	0	0	0	0.878
DLG1	DLG4	0	0	0	0	0	0	0	0	0	0	0.956
DLG1	DLG2	0	0	0	0	0	0	0	0	0	0	0.962
DLG1	DLG3	0	0	0	0	0	0	0	0	0	0	0.974
DLG1	GRIN2B	0	0	0	0	0	0	0	0	0	0	0.992
FYN	DAG1	0	0	0	0	0	0	0	0	0	0	0.484
FYN	DLG3	0	0	0	0	0	0	0	0	0	0	0.705
FYN	GRIN1	0	0	0	0	0	0	0	0	0	0	0.743
FYN	DLG2	0	0	0	0	0	0	0	0	0	0	0.766
FYN	GRIN2B	0	0	0	0	0	0	0	0	0	0	0.993
FYN	DLG4	0	0	0	0	0	0	0	0	0	0	0.996
NLGN4Y	GRIN2B	0	0	0	0	0	0	0	0	0	0	0.448
NLGN4Y	NLGN4X	0	0	0	0	0	0	0	0	0	0	0.519
NLGN4Y	NLGN1	0	0	0	0	0	0	0	0	0	0	0.523
NLGN4Y	HOMER3	0	0	0	0	0	0	0	0	0	0	0.608
NLGN4Y	DLGAP3	0	0	0	0	0	0	0	0	0	0	0.66
NLGN4Y	DLGAP2	0	0	0	0	0	0	0	0	0	0	0.669
NLGN4Y	DLG2	0	0	0	0	0	0	0	0	0	0	0.696
NLGN4Y	NLGN3	0	0	0	0	0	0	0	0	0	0	0.697
NLGN4Y	DLG3	0	0	0	0	0	0	0	0	0	0	0.848
NLGN4Y	SHANK3	0	0	0	0	0	0	0	0	0	0	0.899
NLGN4Y	DLG4	0	0	0	0	0	0	0	0	0	0	0.986
NLGN4Y	NRXN1	0	0	0	0	0	0	0	0	0	0	0.999
NLGN3	NXPH1	0	0	0	0	0	0	0	0	0	0	0.418
NLGN3	GRIN1	0	0	0	0	0	0	0	0	0	0	0.446
NLGN3	GRIN2B	0	0	0	0	0	0	0	0	0	0	0.573
NLGN3	HOMER3	0	0	0	0	0	0	0	0	0	0	0.65
NLGN3	DLGAP3	0	0	0	0	0	0	0	0	0	0	0.763
NLGN3	DLG2	0	0	0	0	0	0	0	0	0	0	0.776
NLGN3	NLGN4X	0	0	0	0	0	0	0	0	0	0	0.796
NLGN3	NLGN1	0	0	0	0	0	0	0	0	0	0	0.799
NLGN3	DLGAP2	0	0	0	0	0	0	0	0	0	0	0.839
NLGN3	DLG3	0	0	0	0	0	0	0	0	0	0	0.885
NLGN3	SHANK3	0	0	0	0	0	0	0	0	0	0	0.993
NLGN3	DLG4	0	0	0	0	0	0	0	0	0	0	0.995
NLGN3	NRXN1	0	0	0	0	0	0	0	0	0	0	0.999
GRIN3A	DLG3	0	0	0	0	0	0	0	0	0	0	0.68
GRIN3A	DLG4	0	0	0	0	0	0	0	0	0	0	0.966
GRIN3A	GRIN1	0	0	0	0	0	0	0	0	0	0	0.999
GRIN3A	GRIN2B	0	0	0	0	0	0	0	0	0	0	0.999
GRIN1	NLGN4X	0	0	0	0	0	0	0	0	0	0	0.422
GRIN1	DLGAP2	0	0	0	0	0	0	0	0	0	0	0.442
GRIN1	NRXN1	0	0	0	0	0	0	0	0	0	0	0.449
GRIN1	DLGAP3	0	0	0	0	0	0	0	0	0	0	0.507
GRIN1	SHANK3	0	0	0	0	0	0	0	0	0	0	0.568
GRIN1	NLGN1	0	0	0	0	0	0	0	0	0	0	0.611
GRIN1	DLG2	0	0	0	0	0	0	0	0	0	0	0.761
GRIN1	DLG3	0	0	0	0	0	0	0	0	0	0	0.879
GRIN1	CAMK2A	0	0	0	0	0	0	0	0	0	0	0.911
GRIN1	DLG4	0	0	0	0	0	0	0	0	0	0	0.998
GRIN1	GRIN2B	0	0	0	0	0	0	0	0	0	0	0.999
DLGAP3	CAMK2A	0	0	0	0	0	0	0	0	0	0	0.451
DLGAP3	HOMER3	0	0	0	0	0	0	0	0	0	0	0.72
DLGAP3	NRXN1	0	0	0	0	0	0	0	0	0	0	0.733
DLGAP3	NLGN4X	0	0	0	0	0	0	0	0	0	0	0.737
DLGAP3	NLGN1	0	0	0	0	0	0	0	0	0	0	0.737
DLGAP3	GRIN2B	0	0	0	0	0	0	0	0	0	0	0.753
DLGAP3	DLG3	0	0	0	0	0	0	0	0	0	0	0.835
DLGAP3	DLG2	0	0	0	0	0	0	0	0	0	0	0.847
DLGAP3	DLGAP2	0	0	0	0	0	0	0	0	0	0	0.868
DLGAP3	SHANK3	0	0	0	0	0	0	0	0	0	0	0.992
DLGAP3	DLG4	0	0	0	0	0	0	0	0	0	0	0.993
DLG3	HOMER3	0	0	0	0	0	0	0	0	0	0	0.633
DLG3	CAMK2A	0	0	0	0	0	0	0	0	0	0	0.688
DLG3	NRXN1	0	0	0	0	0	0	0	0	0	0	0.717
DLG3	SHANK3	0	0	0	0	0	0	0	0	0	0	0.759
DLG3	NLGN4X	0	0	0	0	0	0	0	0	0	0	0.863
DLG3	DLGAP2	0	0	0	0	0	0	0	0	0	0	0.872
DLG3	NLGN1	0	0	0	0	0	0	0	0	0	0	0.892
DLG3	DLG2	0	0	0	0	0	0	0	0	0	0	0.984
DLG3	DLG4	0	0	0	0	0	0	0	0	0	0	0.997
DLG3	GRIN2B	0	0	0	0	0	0	0	0	0	0	0.998
DLG2	HOMER3	0	0	0	0	0	0	0	0	0	0	0.645
DLG2	CAMK2A	0	0	0	0	0	0	0	0	0	0	0.688
DLG2	NLGN4X	0	0	0	0	0	0	0	0	0	0	0.713
DLG2	NRXN1	0	0	0	0	0	0	0	0	0	0	0.778
DLG2	DLGAP2	0	0	0	0	0	0	0	0	0	0	0.811
DLG2	NLGN1	0	0	0	0	0	0	0	0	0	0	0.868
DLG2	SHANK3	0	0	0	0	0	0	0	0	0	0	0.919
DLG2	DLG4	0	0	0	0	0	0	0	0	0	0	0.969
DLG2	GRIN2B	0	0	0	0	0	0	0	0	0	0	0.996
NLGN4X	NXPH1	0	0	0	0	0	0	0	0	0	0	0.407
NLGN4X	GRIN2B	0	0	0	0	0	0	0	0	0	0	0.546
NLGN4X	NLGN1	0	0	0	0	0	0	0	0	0	0	0.548
NLGN4X	HOMER3	0	0	0	0	0	0	0	0	0	0	0.619
NLGN4X	DLGAP2	0	0	0	0	0	0	0	0	0	0	0.841
NLGN4X	SHANK3	0	0	0	0	0	0	0	0	0	0	0.995
NLGN4X	DLG4	0	0	0	0	0	0	0	0	0	0	0.995
NLGN4X	NRXN1	0	0	0	0	0	0	0	0	0	0	0.999
NXPH1	NLGN1	0	0	0	0	0	0	0	0	0	0	0.525
NXPH1	NRXN1	0	0	0	0	0	0	0	0	0	0	0.973
NRXN1	CAMK2A	0	0	0	0	0	0	0	0	0	0	0.542
NRXN1	HOMER3	0	0	0	0	0	0	0	0	0	0	0.619
NRXN1	DLGAP2	0	0	0	0	0	0	0	0	0	0	0.803
NRXN1	GRIN2B	0	0	0	0	0	0	0	0	0	0	0.832
NRXN1	SHANK3	0	0	0	0	0	0	0	0	0	0	0.961
NRXN1	DLG4	0	0	0	0	0	0	0	0	0	0	0.991
NRXN1	DAG1	0	0	0	0	0	0	0	0	0	0	0.998
NRXN1	NLGN1	0	0	0	0	0	0	0	0	0	0	0.999
NLGN1	CAMK2A	0	0	0	0	0	0	0	0	0	0	0.414
NLGN1	HOMER3	0	0	0	0	0	0	0	0	0	0	0.643
NLGN1	GRIN2B	0	0	0	0	0	0	0	0	0	0	0.755
NLGN1	DLGAP2	0	0	0	0	0	0	0	0	0	0	0.811
NLGN1	SHANK3	0	0	0	0	0	0	0	0	0	0	0.978
NLGN1	DLG4	0	0	0	0	0	0	0	0	0	0	0.999
HOMER3	GRIN2B	0	0	0	0	0	0	0	0	0	0	0.466
HOMER3	DLGAP2	0	0	0	0	0	0	0	0	0	0	0.698
HOMER3	DLG4	0	0	0	0	0	0	0	0	0	0	0.868
HOMER3	SHANK3	0	0	0	0	0	0	0	0	0	0	0.884
GRIN2B	DLGAP2	0	0	0	0	0	0	0	0	0	0	0.514
GRIN2B	SHANK3	0	0	0	0	0	0	0	0	0	0	0.785
GRIN2B	DLG4	0	0	0	0	0	0	0	0	0	0	0.999
GRIN2B	CAMK2A	0	0	0	0	0	0	0	0	0	0	0.999
SHANK3	CAMK2A	0	0	0	0	0	0	0	0	0	0	0.509
SHANK3	DLGAP2	0	0	0	0	0	0	0	0	0	0	0.988
SHANK3	DLG4	0	0	0	0	0	0	0	0	0	0	0.996
DLGAP2	CAMK2A	0	0	0	0	0	0	0	0	0	0	0.436
DLGAP2	DLG4	0	0	0	0	0	0	0	0	0	0	0.891
DLG4	CAMK2A	0	0	0	0	0	0	0	0	0	0	0.92
CBLN1	DLG4	0	0	0	0	0	0	0	0	0	0	0.402
CBLN1	NLGN3	0	0	0	0	0	0	0	0	0	0	0.507
CBLN1	NLGN2	0	0	0	0	0	0	0	0	0	0	0.559
CBLN1	NLGN4X	0	0	0	0	0	0	0	0	0	0	0.56
CBLN1	NLGN1	0	0	0	0	0	0	0	0	0	0	0.611
CBLN1	LRRTM2	0	0	0	0	0	0	0	0	0	0	0.717
CBLN1	NRXN2	0	0	0	0	0	0	0	0	0	0	0.989
CBLN1	NRXN1	0	0	0	0	0	0	0	0	0	0	0.994
GRIN3B	GRM5	0	0	0	0	0	0	0	0	0	0	0.419
GRIN3B	GRM1	0	0	0	0	0	0	0	0	0	0	0.466
GRIN3B	DLG3	0	0	0	0	0	0	0	0	0	0	0.598
GRIN3B	DLG4	0	0	0	0	0	0	0	0	0	0	0.942
GRIN3B	GRIN3A	0	0	0	0	0	0	0	0	0	0	0.995
GRIN3B	GRIN2C	0	0	0	0	0	0	0	0	0	0	0.996
GRIN3B	GRIN2B	0	0	0	0	0	0	0	0	0	0	0.996
GRIN3B	GRIN2D	0	0	0	0	0	0	0	0	0	0	0.996
GRIN3B	GRIN2A	0	0	0	0	0	0	0	0	0	0	0.998
GRIN3B	GRIN1	0	0	0	0	0	0	0	0	0	0	0.999
GRIN2D	DLGAP3	0	0	0	0	0	0	0	0	0	0	0.451
GRIN2D	GRM5	0	0	0	0	0	0	0	0	0	0	0.556
GRIN2D	DLG1	0	0	0	0	0	0	0	0	0	0	0.604
GRIN2D	CAMK2A	0	0	0	0	0	0	0	0	0	0	0.607
GRIN2D	DLGAP1	0	0	0	0	0	0	0	0	0	0	0.617
GRIN2D	DLG2	0	0	0	0	0	0	0	0	0	0	0.634
GRIN2D	DLG3	0	0	0	0	0	0	0	0	0	0	0.659
GRIN2D	GRM1	0	0	0	0	0	0	0	0	0	0	0.678
GRIN2D	DLG4	0	0	0	0	0	0	0	0	0	0	0.976
GRIN2D	GRIN3A	0	0	0	0	0	0	0	0	0	0	0.998
GRIN2D	GRIN2B	0	0	0	0	0	0	0	0	0	0	0.998
GRIN2D	GRIN2A	0	0	0	0	0	0	0	0	0	0	0.998
GRIN2D	GRIN2C	0	0	0	0	0	0	0	0	0	0	0.998
GRIN2D	GRIN1	0	0	0	0	0	0	0	0	0	0	0.999
NRXN2	GRIN1	0	0	0	0	0	0	0	0	0	0	0.436
NRXN2	GRIN2A	0	0	0	0	0	0	0	0	0	0	0.452
NRXN2	DLG1	0	0	0	0	0	0	0	0	0	0	0.457
NRXN2	CAMK2A	0	0	0	0	0	0	0	0	0	0	0.507
NRXN2	GRIN2B	0	0	0	0	0	0	0	0	0	0	0.516
NRXN2	HOMER2	0	0	0	0	0	0	0	0	0	0	0.592
NRXN2	HOMER3	0	0	0	0	0	0	0	0	0	0	0.619
NRXN2	GRM1	0	0	0	0	0	0	0	0	0	0	0.676
NRXN2	HOMER1	0	0	0	0	0	0	0	0	0	0	0.687
NRXN2	DLG3	0	0	0	0	0	0	0	0	0	0	0.713
NRXN2	GRM5	0	0	0	0	0	0	0	0	0	0	0.713
NRXN2	DLGAP2	0	0	0	0	0	0	0	0	0	0	0.714
NRXN2	DLGAP3	0	0	0	0	0	0	0	0	0	0	0.719
NRXN2	DLG2	0	0	0	0	0	0	0	0	0	0	0.741
NRXN2	DLGAP1	0	0	0	0	0	0	0	0	0	0	0.743
NRXN2	NXPH1	0	0	0	0	0	0	0	0	0	0	0.827
NRXN2	SHANK1	0	0	0	0	0	0	0	0	0	0	0.876
NRXN2	SHANK2	0	0	0	0	0	0	0	0	0	0	0.88
NRXN2	SHANK3	0	0	0	0	0	0	0	0	0	0	0.897
NRXN2	NRXN1	0	0	0	0	0	0	0	0	0	0	0.922
NRXN2	DLG4	0	0	0	0	0	0	0	0	0	0	0.987
NRXN2	LRRTM2	0	0	0	0	0	0	0	0	0	0	0.993
NRXN2	DAG1	0	0	0	0	0	0	0	0	0	0	0.997
NRXN2	NLGN2	0	0	0	0	0	0	0	0	0	0	0.999
NRXN2	NLGN1	0	0	0	0	0	0	0	0	0	0	0.999
NRXN2	NLGN3	0	0	0	0	0	0	0	0	0	0	0.999
NRXN2	NLGN4Y	0	0	0	0	0	0	0	0	0	0	0.999
NRXN2	NLGN4X	0	0	0	0	0	0	0	0	0	0	0.999
LRRTM2	NLGN4Y	0	0	0	0	0	0	0	0	0	0	0.474
LRRTM2	NLGN2	0	0	0	0	0	0	0	0	0	0	0.65
LRRTM2	NLGN4X	0	0	0	0	0	0	0	0	0	0	0.724
LRRTM2	NLGN3	0	0	0	0	0	0	0	0	0	0	0.725
LRRTM2	NLGN1	0	0	0	0	0	0	0	0	0	0	0.815
LRRTM2	DLG4	0	0	0	0	0	0	0	0	0	0	0.902
LRRTM2	NRXN1	0	0	0	0	0	0	0	0	0	0	0.997
GRM1	FYN	0	0	0	0	0	0	0	0	0	0	0.45
GRM1	DLG1	0	0	0	0	0	0	0	0	0	0	0.46
GRM1	GRIN3A	0	0	0	0	0	0	0	0	0	0	0.537
GRM1	NLGN4Y	0	0	0	0	0	0	0	0	0	0	0.573
GRM1	DLG3	0	0	0	0	0	0	0	0	0	0	0.598
GRM1	NLGN2	0	0	0	0	0	0	0	0	0	0	0.61
GRM1	GRIN2C	0	0	0	0	0	0	0	0	0	0	0.616
GRM1	NLGN4X	0	0	0	0	0	0	0	0	0	0	0.624
GRM1	DLGAP2	0	0	0	0	0	0	0	0	0	0	0.628
GRM1	DLG2	0	0	0	0	0	0	0	0	0	0	0.64
GRM1	NLGN3	0	0	0	0	0	0	0	0	0	0	0.648
GRM1	NLGN1	0	0	0	0	0	0	0	0	0	0	0.652
GRM1	GRIN1	0	0	0	0	0	0	0	0	0	0	0.659
GRM1	DLGAP3	0	0	0	0	0	0	0	0	0	0	0.688
GRM1	NRXN1	0	0	0	0	0	0	0	0	0	0	0.705
GRM1	SHANK2	0	0	0	0	0	0	0	0	0	0	0.714
GRM1	GRIN2A	0	0	0	0	0	0	0	0	0	0	0.738
GRM1	GRIN2B	0	0	0	0	0	0	0	0	0	0	0.758
GRM1	SHANK3	0	0	0	0	0	0	0	0	0	0	0.788
GRM1	DLG4	0	0	0	0	0	0	0	0	0	0	0.862
GRM1	SHANK1	0	0	0	0	0	0	0	0	0	0	0.899
GRM1	DLGAP1	0	0	0	0	0	0	0	0	0	0	0.938
GRM1	CAMK2A	0	0	0	0	0	0	0	0	0	0	0.968
GRM1	GRM5	0	0	0	0	0	0	0	0	0	0	0.977
GRM1	HOMER2	0	0	0	0	0	0	0	0	0	0	0.989
GRM1	HOMER3	0	0	0	0	0	0	0	0	0	0	0.99
GRM1	GNAQ	0	0	0	0	0	0	0	0	0	0	0.998
GRM1	HOMER1	0	0	0	0	0	0	0	0	0	0	0.998
GNAQ	GRM5	0	0	0	0	0	0	0	0	0	0	0.999
GRIN2C	SHANK1	0	0	0	0	0	0	0	0	0	0	0.416
GRIN2C	GRM5	0	0	0	0	0	0	0	0	0	0	0.621
GRIN2C	DLG1	0	0	0	0	0	0	0	0	0	0	0.681
GRIN2C	CAMK2A	0	0	0	0	0	0	0	0	0	0	0.735
GRIN2C	DLG2	0	0	0	0	0	0	0	0	0	0	0.818
GRIN2C	DLG3	0	0	0	0	0	0	0	0	0	0	0.872
GRIN2C	DLG4	0	0	0	0	0	0	0	0	0	0	0.99
GRIN2C	GRIN2A	0	0	0	0	0	0	0	0	0	0	0.998
GRIN2C	GRIN2B	0	0	0	0	0	0	0	0	0	0	0.998
GRIN2C	GRIN3A	0	0	0	0	0	0	0	0	0	0	0.998
GRIN2C	GRIN1	0	0	0	0	0	0	0	0	0	0	0.999
SHANK1	DLG1	0	0	0	0	0	0	0	0	0	0	0.446
SHANK1	CAMK2A	0	0	0	0	0	0	0	0	0	0	0.533
SHANK1	GRIN1	0	0	0	0	0	0	0	0	0	0	0.596
SHANK1	GRIN2A	0	0	0	0	0	0	0	0	0	0	0.742
SHANK1	GRIN2B	0	0	0	0	0	0	0	0	0	0	0.752
SHANK1	NLGN4Y	0	0	0	0	0	0	0	0	0	0	0.76
SHANK1	DLG3	0	0	0	0	0	0	0	0	0	0	0.778
SHANK1	DLGAP2	0	0	0	0	0	0	0	0	0	0	0.841
SHANK1	NLGN2	0	0	0	0	0	0	0	0	0	0	0.868
SHANK1	DLG2	0	0	0	0	0	0	0	0	0	0	0.878
SHANK1	NRXN1	0	0	0	0	0	0	0	0	0	0	0.887
SHANK1	NLGN4X	0	0	0	0	0	0	0	0	0	0	0.894
SHANK1	NLGN3	0	0	0	0	0	0	0	0	0	0	0.904
SHANK1	DLGAP3	0	0	0	0	0	0	0	0	0	0	0.92
SHANK1	NLGN1	0	0	0	0	0	0	0	0	0	0	0.926
SHANK1	HOMER2	0	0	0	0	0	0	0	0	0	0	0.927
SHANK1	GRM5	0	0	0	0	0	0	0	0	0	0	0.939
SHANK1	HOMER3	0	0	0	0	0	0	0	0	0	0	0.966
SHANK1	SHANK2	0	0	0	0	0	0	0	0	0	0	0.968
SHANK1	SHANK3	0	0	0	0	0	0	0	0	0	0	0.982
SHANK1	HOMER1	0	0	0	0	0	0	0	0	0	0	0.984
SHANK1	DLG4	0	0	0	0	0	0	0	0	0	0	0.992
SHANK1	DLGAP1	0	0	0	0	0	0	0	0	0	0	0.996
NLGN2	CAMK2A	0	0	0	0	0	0	0	0	0	0	0.411
NLGN2	NXPH1	0	0	0	0	0	0	0	0	0	0	0.414
NLGN2	DLG1	0	0	0	0	0	0	0	0	0	0	0.44
NLGN2	GRIN1	0	0	0	0	0	0	0	0	0	0	0.469
NLGN2	GRIN2B	0	0	0	0	0	0	0	0	0	0	0.496
NLGN2	GRIN2A	0	0	0	0	0	0	0	0	0	0	0.521
NLGN2	NLGN4Y	0	0	0	0	0	0	0	0	0	0	0.525
NLGN2	DAG1	0	0	0	0	0	0	0	0	0	0	0.59
NLGN2	HOMER2	0	0	0	0	0	0	0	0	0	0	0.647
NLGN2	GRM5	0	0	0	0	0	0	0	0	0	0	0.668
NLGN2	NLGN3	0	0	0	0	0	0	0	0	0	0	0.683
NLGN2	HOMER3	0	0	0	0	0	0	0	0	0	0	0.697
NLGN2	HOMER1	0	0	0	0	0	0	0	0	0	0	0.699
NLGN2	NLGN4X	0	0	0	0	0	0	0	0	0	0	0.704
NLGN2	NLGN1	0	0	0	0	0	0	0	0	0	0	0.704
NLGN2	DLGAP3	0	0	0	0	0	0	0	0	0	0	0.709
NLGN2	DLGAP2	0	0	0	0	0	0	0	0	0	0	0.715
NLGN2	DLG2	0	0	0	0	0	0	0	0	0	0	0.784
NLGN2	DLGAP1	0	0	0	0	0	0	0	0	0	0	0.844
NLGN2	SHANK2	0	0	0	0	0	0	0	0	0	0	0.868
NLGN2	DLG3	0	0	0	0	0	0	0	0	0	0	0.883
NLGN2	SHANK3	0	0	0	0	0	0	0	0	0	0	0.935
NLGN2	DLG4	0	0	0	0	0	0	0	0	0	0	0.998
NLGN2	NRXN1	0	0	0	0	0	0	0	0	0	0	0.999
HOMER2	GRIN1	0	0	0	0	0	0	0	0	0	0	0.42
HOMER2	GRIN2A	0	0	0	0	0	0	0	0	0	0	0.478
HOMER2	GRIN2B	0	0	0	0	0	0	0	0	0	0	0.502
HOMER2	NLGN4X	0	0	0	0	0	0	0	0	0	0	0.596
HOMER2	NRXN1	0	0	0	0	0	0	0	0	0	0	0.605
HOMER2	NLGN4Y	0	0	0	0	0	0	0	0	0	0	0.607
HOMER2	DLG2	0	0	0	0	0	0	0	0	0	0	0.61
HOMER2	DLG3	0	0	0	0	0	0	0	0	0	0	0.613
HOMER2	NLGN1	0	0	0	0	0	0	0	0	0	0	0.618
HOMER2	DLGAP2	0	0	0	0	0	0	0	0	0	0	0.637
HOMER2	NLGN3	0	0	0	0	0	0	0	0	0	0	0.641
HOMER2	DLGAP3	0	0	0	0	0	0	0	0	0	0	0.666
HOMER2	SHANK3	0	0	0	0	0	0	0	0	0	0	0.758
HOMER2	DLG4	0	0	0	0	0	0	0	0	0	0	0.779
HOMER2	SHANK2	0	0	0	0	0	0	0	0	0	0	0.782
HOMER2	DLGAP1	0	0	0	0	0	0	0	0	0	0	0.857
HOMER2	GRM5	0	0	0	0	0	0	0	0	0	0	0.965
HOMER2	HOMER3	0	0	0	0	0	0	0	0	0	0	0.99
HOMER2	HOMER1	0	0	0	0	0	0	0	0	0	0	0.991
GRM5	FYN	0	0	0	0	0	0	0	0	0	0	0.471
GRM5	NXPH1	0	0	0	0	0	0	0	0	0	0	0.54
GRM5	NLGN4Y	0	0	0	0	0	0	0	0	0	0	0.611
GRM5	DLG3	0	0	0	0	0	0	0	0	0	0	0.642
GRM5	DLGAP2	0	0	0	0	0	0	0	0	0	0	0.686
GRM5	NLGN4X	0	0	0	0	0	0	0	0	0	0	0.696
GRM5	GRIN3A	0	0	0	0	0	0	0	0	0	0	0.699
GRM5	DLG2	0	0	0	0	0	0	0	0	0	0	0.702
GRM5	NLGN1	0	0	0	0	0	0	0	0	0	0	0.716
GRM5	NLGN3	0	0	0	0	0	0	0	0	0	0	0.735
GRM5	NRXN1	0	0	0	0	0	0	0	0	0	0	0.766
GRM5	DLGAP3	0	0	0	0	0	0	0	0	0	0	0.786
GRM5	GRIN1	0	0	0	0	0	0	0	0	0	0	0.792
GRM5	GRIN2A	0	0	0	0	0	0	0	0	0	0	0.841
GRM5	GRIN2B	0	0	0	0	0	0	0	0	0	0	0.842
GRM5	SHANK2	0	0	0	0	0	0	0	0	0	0	0.869
GRM5	SHANK3	0	0	0	0	0	0	0	0	0	0	0.88
GRM5	DLG4	0	0	0	0	0	0	0	0	0	0	0.902
GRM5	DLGAP1	0	0	0	0	0	0	0	0	0	0	0.915
GRM5	HOMER3	0	0	0	0	0	0	0	0	0	0	0.929
GRM5	CAMK2A	0	0	0	0	0	0	0	0	0	0	0.975
GRM5	HOMER1	0	0	0	0	0	0	0	0	0	0	0.999
DLGAP1	GRIN1	0	0	0	0	0	0	0	0	0	0	0.57
DLGAP1	CAMK2A	0	0	0	0	0	0	0	0	0	0	0.703
DLGAP1	DLGAP2	0	0	0	0	0	0	0	0	0	0	0.704
DLGAP1	DLGAP3	0	0	0	0	0	0	0	0	0	0	0.724
DLGAP1	NRXN1	0	0	0	0	0	0	0	0	0	0	0.774
DLGAP1	NLGN4Y	0	0	0	0	0	0	0	0	0	0	0.843
DLGAP1	NLGN3	0	0	0	0	0	0	0	0	0	0	0.855
DLGAP1	NLGN4X	0	0	0	0	0	0	0	0	0	0	0.861
DLGAP1	GRIN2A	0	0	0	0	0	0	0	0	0	0	0.885
DLGAP1	DLG3	0	0	0	0	0	0	0	0	0	0	0.887
DLGAP1	DLG2	0	0	0	0	0	0	0	0	0	0	0.89
DLGAP1	GRIN2B	0	0	0	0	0	0	0	0	0	0	0.9
DLGAP1	NLGN1	0	0	0	0	0	0	0	0	0	0	0.927
DLGAP1	HOMER3	0	0	0	0	0	0	0	0	0	0	0.943
DLGAP1	DLG1	0	0	0	0	0	0	0	0	0	0	0.952
DLGAP1	SHANK2	0	0	0	0	0	0	0	0	0	0	0.981
DLGAP1	HOMER1	0	0	0	0	0	0	0	0	0	0	0.986
DLGAP1	SHANK3	0	0	0	0	0	0	0	0	0	0	0.997
DLGAP1	DLG4	0	0	0	0	0	0	0	0	0	0	0.999
GRIN2A	NLGN4X	0	0	0	0	0	0	0	0	0	0	0.471
GRIN2A	NLGN3	0	0	0	0	0	0	0	0	0	0	0.472
GRIN2A	NLGN1	0	0	0	0	0	0	0	0	0	0	0.554
GRIN2A	SHANK2	0	0	0	0	0	0	0	0	0	0	0.555
GRIN2A	DLGAP3	0	0	0	0	0	0	0	0	0	0	0.574
GRIN2A	DLGAP2	0	0	0	0	0	0	0	0	0	0	0.577
GRIN2A	NRXN1	0	0	0	0	0	0	0	0	0	0	0.617
GRIN2A	SHANK3	0	0	0	0	0	0	0	0	0	0	0.638
GRIN2A	HOMER1	0	0	0	0	0	0	0	0	0	0	0.768
GRIN2A	CAMK2A	0	0	0	0	0	0	0	0	0	0	0.968
GRIN2A	DLG1	0	0	0	0	0	0	0	0	0	0	0.979
GRIN2A	FYN	0	0	0	0	0	0	0	0	0	0	0.981
GRIN2A	DLG2	0	0	0	0	0	0	0	0	0	0	0.997
GRIN2A	DLG3	0	0	0	0	0	0	0	0	0	0	0.998
GRIN2A	GRIN1	0	0	0	0	0	0	0	0	0	0	0.999
GRIN2A	GRIN2B	0	0	0	0	0	0	0	0	0	0	0.999
GRIN2A	GRIN3A	0	0	0	0	0	0	0	0	0	0	0.999
GRIN2A	DLG4	0	0	0	0	0	0	0	0	0	0	0.999
HOMER1	DLG1	0	0	0	0	0	0	0	0	0	0	0.553
HOMER1	GRIN1	0	0	0	0	0	0	0	0	0	0	0.641
HOMER1	NLGN4Y	0	0	0	0	0	0	0	0	0	0	0.649
HOMER1	GRIN2B	0	0	0	0	0	0	0	0	0	0	0.675
HOMER1	NLGN4X	0	0	0	0	0	0	0	0	0	0	0.69
HOMER1	NRXN1	0	0	0	0	0	0	0	0	0	0	0.706
HOMER1	DLG3	0	0	0	0	0	0	0	0	0	0	0.707
HOMER1	NLGN3	0	0	0	0	0	0	0	0	0	0	0.721
HOMER1	NLGN1	0	0	0	0	0	0	0	0	0	0	0.726
HOMER1	DLGAP2	0	0	0	0	0	0	0	0	0	0	0.734
HOMER1	CAMK2A	0	0	0	0	0	0	0	0	0	0	0.735
HOMER1	DLGAP3	0	0	0	0	0	0	0	0	0	0	0.816
HOMER1	DLG2	0	0	0	0	0	0	0	0	0	0	0.821
HOMER1	SHANK2	0	0	0	0	0	0	0	0	0	0	0.937
HOMER1	SHANK3	0	0	0	0	0	0	0	0	0	0	0.957
HOMER1	DLG4	0	0	0	0	0	0	0	0	0	0	0.988
HOMER1	HOMER3	0	0	0	0	0	0	0	0	0	0	0.993
SHANK2	DLG1	0	0	0	0	0	0	0	0	0	0	0.416
SHANK2	CAMK2A	0	0	0	0	0	0	0	0	0	0	0.442
SHANK2	GRIN1	0	0	0	0	0	0	0	0	0	0	0.475
SHANK2	GRIN3A	0	0	0	0	0	0	0	0	0	0	0.575
SHANK2	GRIN2B	0	0	0	0	0	0	0	0	0	0	0.628
SHANK2	DLG3	0	0	0	0	0	0	0	0	0	0	0.744
SHANK2	HOMER3	0	0	0	0	0	0	0	0	0	0	0.799
SHANK2	DLG2	0	0	0	0	0	0	0	0	0	0	0.811
SHANK2	NLGN4Y	0	0	0	0	0	0	0	0	0	0	0.85
SHANK2	NRXN1	0	0	0	0	0	0	0	0	0	0	0.914
SHANK2	NLGN1	0	0	0	0	0	0	0	0	0	0	0.914
SHANK2	DLGAP3	0	0	0	0	0	0	0	0	0	0	0.917
SHANK2	NLGN3	0	0	0	0	0	0	0	0	0	0	0.958
SHANK2	NLGN4X	0	0	0	0	0	0	0	0	0	0	0.964
SHANK2	DLGAP2	0	0	0	0	0	0	0	0	0	0	0.969
SHANK2	SHANK3	0	0	0	0	0	0	0	0	0	0	0.98
SHANK2	DLG4	0	0	0	0	0	0	0	0	0	0	0.993
DLG1	NLGN4Y	0	0	0	0	0	0	0	0	0	0	0.402
DLG1	NLGN4X	0	0	0	0	0	0	0	0	0	0	0.414
DLG1	NLGN3	0	0	0	0	0	0	0	0	0	0	0.436
DLG1	NRXN1	0	0	0	0	0	0	0	0	0	0	0.472
DLG1	NLGN1	0	0	0	0	0	0	0	0	0	0	0.483
DLG1	SHANK3	0	0	0	0	0	0	0	0	0	0	0.587
DLG1	DLGAP2	0	0	0	0	0	0	0	0	0	0	0.714
DLG1	CAMK2A	0	0	0	0	0	0	0	0	0	0	0.721
DLG1	GRIN1	0	0	0	0	0	0	0	0	0	0	0.878
DLG1	DLG4	0	0	0	0	0	0	0	0	0	0	0.956
DLG1	DLG2	0	0	0	0	0	0	0	0	0	0	0.962
DLG1	DLG3	0	0	0	0	0	0	0	0	0	0	0.974
DLG1	GRIN2B	0	0	0	0	0	0	0	0	0	0	0.992
FYN	DAG1	0	0	0	0	0	0	0	0	0	0	0.484
FYN	DLG3	0	0	0	0	0	0	0	0	0	0	0.705
FYN	GRIN1	0	0	0	0	0	0	0	0	0	0	0.743
FYN	DLG2	0	0	0	0	0	0	0	0	0	0	0.766
FYN	GRIN2B	0	0	0	0	0	0	0	0	0	0	0.993
FYN	DLG4	0	0	0	0	0	0	0	0	0	0	0.996
NLGN4Y	GRIN2B	0	0	0	0	0	0	0	0	0	0	0.448
NLGN4Y	NLGN4X	0	0	0	0	0	0	0	0	0	0	0.519
NLGN4Y	NLGN1	0	0	0	0	0	0	0	0	0	0	0.523
NLGN4Y	HOMER3	0	0	0	0	0	0	0	0	0	0	0.608
NLGN4Y	DLGAP3	0	0	0	0	0	0	0	0	0	0	0.66
NLGN4Y	DLGAP2	0	0	0	0	0	0	0	0	0	0	0.669
NLGN4Y	DLG2	0	0	0	0	0	0	0	0	0	0	0.696
NLGN4Y	NLGN3	0	0	0	0	0	0	0	0	0	0	0.697
NLGN4Y	DLG3	0	0	0	0	0	0	0	0	0	0	0.848
NLGN4Y	SHANK3	0	0	0	0	0	0	0	0	0	0	0.899
NLGN4Y	DLG4	0	0	0	0	0	0	0	0	0	0	0.986
NLGN4Y	NRXN1	0	0	0	0	0	0	0	0	0	0	0.999
NLGN3	NXPH1	0	0	0	0	0	0	0	0	0	0	0.418
NLGN3	GRIN1	0	0	0	0	0	0	0	0	0	0	0.446
NLGN3	GRIN2B	0	0	0	0	0	0	0	0	0	0	0.573
NLGN3	HOMER3	0	0	0	0	0	0	0	0	0	0	0.65
NLGN3	DLGAP3	0	0	0	0	0	0	0	0	0	0	0.763
NLGN3	DLG2	0	0	0	0	0	0	0	0	0	0	0.776
NLGN3	NLGN4X	0	0	0	0	0	0	0	0	0	0	0.796
NLGN3	NLGN1	0	0	0	0	0	0	0	0	0	0	0.799
NLGN3	DLGAP2	0	0	0	0	0	0	0	0	0	0	0.839
NLGN3	DLG3	0	0	0	0	0	0	0	0	0	0	0.885
NLGN3	SHANK3	0	0	0	0	0	0	0	0	0	0	0.993
NLGN3	DLG4	0	0	0	0	0	0	0	0	0	0	0.995
NLGN3	NRXN1	0	0	0	0	0	0	0	0	0	0	0.999
GRIN3A	DLG3	0	0	0	0	0	0	0	0	0	0	0.68
GRIN3A	DLG4	0	0	0	0	0	0	0	0	0	0	0.966
GRIN3A	GRIN1	0	0	0	0	0	0	0	0	0	0	0.999
GRIN3A	GRIN2B	0	0	0	0	0	0	0	0	0	0	0.999
GRIN1	NLGN4X	0	0	0	0	0	0	0	0	0	0	0.422
GRIN1	DLGAP2	0	0	0	0	0	0	0	0	0	0	0.442
GRIN1	NRXN1	0	0	0	0	0	0	0	0	0	0	0.449
GRIN1	DLGAP3	0	0	0	0	0	0	0	0	0	0	0.507
GRIN1	SHANK3	0	0	0	0	0	0	0	0	0	0	0.568
GRIN1	NLGN1	0	0	0	0	0	0	0	0	0	0	0.611
GRIN1	DLG2	0	0	0	0	0	0	0	0	0	0	0.761
GRIN1	DLG3	0	0	0	0	0	0	0	0	0	0	0.879
GRIN1	CAMK2A	0	0	0	0	0	0	0	0	0	0	0.911
GRIN1	DLG4	0	0	0	0	0	0	0	0	0	0	0.998
GRIN1	GRIN2B	0	0	0	0	0	0	0	0	0	0	0.999
DLGAP3	CAMK2A	0	0	0	0	0	0	0	0	0	0	0.451
DLGAP3	HOMER3	0	0	0	0	0	0	0	0	0	0	0.72
DLGAP3	NRXN1	0	0	0	0	0	0	0	0	0	0	0.733
DLGAP3	NLGN4X	0	0	0	0	0	0	0	0	0	0	0.737
DLGAP3	NLGN1	0	0	0	0	0	0	0	0	0	0	0.737
DLGAP3	GRIN2B	0	0	0	0	0	0	0	0	0	0	0.753
DLGAP3	DLG3	0	0	0	0	0	0	0	0	0	0	0.835
DLGAP3	DLG2	0	0	0	0	0	0	0	0	0	0	0.847
DLGAP3	DLGAP2	0	0	0	0	0	0	0	0	0	0	0.868
DLGAP3	SHANK3	0	0	0	0	0	0	0	0	0	0	0.992
DLGAP3	DLG4	0	0	0	0	0	0	0	0	0	0	0.993
DLG3	HOMER3	0	0	0	0	0	0	0	0	0	0	0.633
DLG3	CAMK2A	0	0	0	0	0	0	0	0	0	0	0.688
DLG3	NRXN1	0	0	0	0	0	0	0	0	0	0	0.717
DLG3	SHANK3	0	0	0	0	0	0	0	0	0	0	0.759
DLG3	NLGN4X	0	0	0	0	0	0	0	0	0	0	0.863
DLG3	DLGAP2	0	0	0	0	0	0	0	0	0	0	0.872
DLG3	NLGN1	0	0	0	0	0	0	0	0	0	0	0.892
DLG3	DLG2	0	0	0	0	0	0	0	0	0	0	0.984
DLG3	DLG4	0	0	0	0	0	0	0	0	0	0	0.997
DLG3	GRIN2B	0	0	0	0	0	0	0	0	0	0	0.998
DLG2	HOMER3	0	0	0	0	0	0	0	0	0	0	0.645
DLG2	CAMK2A	0	0	0	0	0	0	0	0	0	0	0.688
DLG2	NLGN4X	0	0	0	0	0	0	0	0	0	0	0.713
DLG2	NRXN1	0	0	0	0	0	0	0	0	0	0	0.778
DLG2	DLGAP2	0	0	0	0	0	0	0	0	0	0	0.811
DLG2	NLGN1	0	0	0	0	0	0	0	0	0	0	0.868
DLG2	SHANK3	0	0	0	0	0	0	0	0	0	0	0.919
DLG2	DLG4	0	0	0	0	0	0	0	0	0	0	0.969
DLG2	GRIN2B	0	0	0	0	0	0	0	0	0	0	0.996
NLGN4X	NXPH1	0	0	0	0	0	0	0	0	0	0	0.407
NLGN4X	GRIN2B	0	0	0	0	0	0	0	0	0	0	0.546
NLGN4X	NLGN1	0	0	0	0	0	0	0	0	0	0	0.548
NLGN4X	HOMER3	0	0	0	0	0	0	0	0	0	0	0.619
NLGN4X	DLGAP2	0	0	0	0	0	0	0	0	0	0	0.841
NLGN4X	SHANK3	0	0	0	0	0	0	0	0	0	0	0.995
NLGN4X	DLG4	0	0	0	0	0	0	0	0	0	0	0.995
NLGN4X	NRXN1	0	0	0	0	0	0	0	0	0	0	0.999
NXPH1	NLGN1	0	0	0	0	0	0	0	0	0	0	0.525
NXPH1	NRXN1	0	0	0	0	0	0	0	0	0	0	0.973
NRXN1	CAMK2A	0	0	0	0	0	0	0	0	0	0	0.542
NRXN1	HOMER3	0	0	0	0	0	0	0	0	0	0	0.619
NRXN1	DLGAP2	0	0	0	0	0	0	0	0	0	0	0.803
NRXN1	GRIN2B	0	0	0	0	0	0	0	0	0	0	0.832
NRXN1	SHANK3	0	0	0	0	0	0	0	0	0	0	0.961
NRXN1	DLG4	0	0	0	0	0	0	0	0	0	0	0.991
NRXN1	DAG1	0	0	0	0	0	0	0	0	0	0	0.998
NRXN1	NLGN1	0	0	0	0	0	0	0	0	0	0	0.999
NLGN1	CAMK2A	0	0	0	0	0	0	0	0	0	0	0.414
NLGN1	HOMER3	0	0	0	0	0	0	0	0	0	0	0.643
NLGN1	GRIN2B	0	0	0	0	0	0	0	0	0	0	0.755
NLGN1	DLGAP2	0	0	0	0	0	0	0	0	0	0	0.811
NLGN1	SHANK3	0	0	0	0	0	0	0	0	0	0	0.978
NLGN1	DLG4	0	0	0	0	0	0	0	0	0	0	0.999
HOMER3	GRIN2B	0	0	0	0	0	0	0	0	0	0	0.466
HOMER3	DLGAP2	0	0	0	0	0	0	0	0	0	0	0.698
HOMER3	DLG4	0	0	0	0	0	0	0	0	0	0	0.868
HOMER3	SHANK3	0	0	0	0	0	0	0	0	0	0	0.884
GRIN2B	DLGAP2	0	0	0	0	0	0	0	0	0	0	0.514
GRIN2B	SHANK3	0	0	0	0	0	0	0	0	0	0	0.785
GRIN2B	DLG4	0	0	0	0	0	0	0	0	0	0	0.999
GRIN2B	CAMK2A	0	0	0	0	0	0	0	0	0	0	0.999
SHANK3	CAMK2A	0	0	0	0	0	0	0	0	0	0	0.509
SHANK3	DLGAP2	0	0	0	0	0	0	0	0	0	0	0.988
SHANK3	DLG4	0	0	0	0	0	0	0	0	0	0	0.996
DLGAP2	CAMK2A	0	0	0	0	0	0	0	0	0	0	0.436
DLGAP2	DLG4	0	0	0	0	0	0	0	0	0	0	0.891
DLG4	CAMK2A	0	0	0	0	0	0	0	0	0	0	0.92
CBLN1	DLG4	0	0	0	0	0	0	0	0	0	0	0.402
CBLN1	NLGN3	0	0	0	0	0	0	0	0	0	0	0.507
CBLN1	NLGN2	0	0	0	0	0	0	0	0	0	0	0.559
CBLN1	NLGN4X	0	0	0	0	0	0	0	0	0	0	0.56
CBLN1	NRXN3	0	0	0	0	0	0	0	0	0	0	0.565
CBLN1	NLGN1	0	0	0	0	0	0	0	0	0	0	0.611
CBLN1	LRRTM2	0	0	0	0	0	0	0	0	0	0	0.717
CBLN1	NRXN2	0	0	0	0	0	0	0	0	0	0	0.989
CBLN1	NRXN1	0	0	0	0	0	0	0	0	0	0	0.994
TSC2	NLGN4X	0	0	0	0	0	0	0	0	0	0	0.459
TSC2	NLGN3	0	0	0	0	0	0	0	0	0	0	0.471
TSC2	PTK2	0	0	0	0	0	0	0	0	0	0	0.476
TSC2	CTNNB1	0	0	0	0	0	0	0	0	0	0	0.517
TSC2	PIK3R1	0	0	0	0	0	0	0	0	0	0	0.524
TSC2	SHANK3	0	0	0	0	0	0	0	0	0	0	0.537
TSC2	PIK3CA	0	0	0	0	0	0	0	0	0	0	0.687
TSC2	TP53	0	0	0	0	0	0	0	0	0	0	0.713
TSC2	PTEN	0	0	0	0	0	0	0	0	0	0	0.889
TSC2	UBE3A	0	0	0	0	0	0	0	0	0	0	0.981
TSC2	AKT1	0	0	0	0	0	0	0	0	0	0	0.99
CACNG1	CAMK2A	0	0	0	0	0	0	0	0	0	0	0.725
CACNG1	CACNB4	0	0	0	0	0	0	0	0	0	0	0.935
CACNG1	CACNG2	0	0	0	0	0	0	0	0	0	0	0.962
CACNG1	CACNG8	0	0	0	0	0	0	0	0	0	0	0.968
GRIN3B	GRM5	0	0	0	0	0	0	0	0	0	0	0.419
GRIN3B	GRM1	0	0	0	0	0	0	0	0	0	0	0.466
GRIN3B	DLG3	0	0	0	0	0	0	0	0	0	0	0.598
GRIN3B	CNIH2	0	0	0	0	0	0	0	0	0	0	0.746
GRIN3B	SHISA9	0	0	0	0	0	0	0	0	0	0	0.748
GRIN3B	CACNG8	0	0	0	0	0	0	0	0	0	0	0.758
GRIN3B	GRIA2	0	0	0	0	0	0	0	0	0	0	0.787
GRIN3B	GRIA3	0	0	0	0	0	0	0	0	0	0	0.791
GRIN3B	GRIA4	0	0	0	0	0	0	0	0	0	0	0.811
GRIN3B	GRIA1	0	0	0	0	0	0	0	0	0	0	0.84
GRIN3B	CACNG2	0	0	0	0	0	0	0	0	0	0	0.845
GRIN3B	DLG4	0	0	0	0	0	0	0	0	0	0	0.942
GRIN3B	GRIN3A	0	0	0	0	0	0	0	0	0	0	0.995
GRIN3B	GRIN2C	0	0	0	0	0	0	0	0	0	0	0.996
GRIN3B	GRIN2B	0	0	0	0	0	0	0	0	0	0	0.996
GRIN3B	GRIN2D	0	0	0	0	0	0	0	0	0	0	0.996
GRIN3B	GRIN2A	0	0	0	0	0	0	0	0	0	0	0.998
GRIN3B	GRIN1	0	0	0	0	0	0	0	0	0	0	0.999
GRIN2D	DLGAP3	0	0	0	0	0	0	0	0	0	0	0.451
GRIN2D	GRM5	0	0	0	0	0	0	0	0	0	0	0.556
GRIN2D	DLG1	0	0	0	0	0	0	0	0	0	0	0.604
GRIN2D	CAMK2A	0	0	0	0	0	0	0	0	0	0	0.607
GRIN2D	DLGAP1	0	0	0	0	0	0	0	0	0	0	0.617
GRIN2D	DLG2	0	0	0	0	0	0	0	0	0	0	0.634
GRIN2D	DLG3	0	0	0	0	0	0	0	0	0	0	0.659
GRIN2D	GRM1	0	0	0	0	0	0	0	0	0	0	0.678
GRIN2D	CALML4	0	0	0	0	0	0	0	0	0	0	0.74
GRIN2D	CALML3	0	0	0	0	0	0	0	0	0	0	0.74
GRIN2D	CALM3	0	0	0	0	0	0	0	0	0	0	0.755
GRIN2D	CNIH2	0	0	0	0	0	0	0	0	0	0	0.761
GRIN2D	SHISA9	0	0	0	0	0	0	0	0	0	0	0.767
GRIN2D	CACNG8	0	0	0	0	0	0	0	0	0	0	0.778
GRIN2D	PRNP	0	0	0	0	0	0	0	0	0	0	0.779
GRIN2D	CACNG2	0	0	0	0	0	0	0	0	0	0	0.795
GRIN2D	GRIA3	0	0	0	0	0	0	0	0	0	0	0.799
GRIN2D	GRIA2	0	0	0	0	0	0	0	0	0	0	0.8
GRIN2D	GRIA1	0	0	0	0	0	0	0	0	0	0	0.816
GRIN2D	GRIA4	0	0	0	0	0	0	0	0	0	0	0.864
GRIN2D	DLG4	0	0	0	0	0	0	0	0	0	0	0.976
GRIN2D	GRIN3A	0	0	0	0	0	0	0	0	0	0	0.998
GRIN2D	GRIN2B	0	0	0	0	0	0	0	0	0	0	0.998
GRIN2D	GRIN2A	0	0	0	0	0	0	0	0	0	0	0.998
GRIN2D	GRIN2C	0	0	0	0	0	0	0	0	0	0	0.998
GRIN2D	GRIN1	0	0	0	0	0	0	0	0	0	0	0.999
PIK3CA	CALML4	0	0	0	0	0	0	0	0	0	0	0.517
PIK3CA	CALML3	0	0	0	0	0	0	0	0	0	0	0.518
PIK3CA	SPOP	0	0	0	0	0	0	0	0	0	0	0.523
PIK3CA	DLG1	0	0	0	0	0	0	0	0	0	0	0.569
PIK3CA	PREX2	0	0	0	0	0	0	0	0	0	0	0.58
PIK3CA	GNAQ	0	0	0	0	0	0	0	0	0	0	0.901
PIK3CA	CTNNB1	0	0	0	0	0	0	0	0	0	0	0.901
PIK3CA	PRKCZ	0	0	0	0	0	0	0	0	0	0	0.925
PIK3CA	TP53	0	0	0	0	0	0	0	0	0	0	0.941
PIK3CA	FYN	0	0	0	0	0	0	0	0	0	0	0.951
PIK3CA	PRKCI	0	0	0	0	0	0	0	0	0	0	0.952
PIK3CA	PTK2	0	0	0	0	0	0	0	0	0	0	0.97
PIK3CA	PTEN	0	0	0	0	0	0	0	0	0	0	0.995
PIK3CA	AKT1	0	0	0	0	0	0	0	0	0	0	0.998
PIK3CA	PIK3R1	0	0	0	0	0	0	0	0	0	0	0.999
NRXN2	CACNG2	0	0	0	0	0	0	0	0	0	0	0.408
NRXN2	GRIN1	0	0	0	0	0	0	0	0	0	0	0.436
NRXN2	GRIN2A	0	0	0	0	0	0	0	0	0	0	0.452
NRXN2	DLG1	0	0	0	0	0	0	0	0	0	0	0.457
NRXN2	CAMK2A	0	0	0	0	0	0	0	0	0	0	0.507
NRXN2	GRIN2B	0	0	0	0	0	0	0	0	0	0	0.516
NRXN2	GRIA1	0	0	0	0	0	0	0	0	0	0	0.538
NRXN2	NRXN3	0	0	0	0	0	0	0	0	0	0	0.585
NRXN2	HOMER2	0	0	0	0	0	0	0	0	0	0	0.592
NRXN2	EPB41L1	0	0	0	0	0	0	0	0	0	0	0.599
NRXN2	GRIA2	0	0	0	0	0	0	0	0	0	0	0.607
NRXN2	MDGA1	0	0	0	0	0	0	0	0	0	0	0.612
NRXN2	HOMER3	0	0	0	0	0	0	0	0	0	0	0.619
NRXN2	GRM1	0	0	0	0	0	0	0	0	0	0	0.676
NRXN2	GRIA4	0	0	0	0	0	0	0	0	0	0	0.684
NRXN2	HOMER1	0	0	0	0	0	0	0	0	0	0	0.687
NRXN2	DLG3	0	0	0	0	0	0	0	0	0	0	0.713
NRXN2	GRM5	0	0	0	0	0	0	0	0	0	0	0.713
NRXN2	DLGAP2	0	0	0	0	0	0	0	0	0	0	0.714
NRXN2	DLGAP3	0	0	0	0	0	0	0	0	0	0	0.719
NRXN2	DLG2	0	0	0	0	0	0	0	0	0	0	0.741
NRXN2	DLGAP1	0	0	0	0	0	0	0	0	0	0	0.743
NRXN2	NXPH1	0	0	0	0	0	0	0	0	0	0	0.827
NRXN2	GPHN	0	0	0	0	0	0	0	0	0	0	0.831
NRXN2	SHANK1	0	0	0	0	0	0	0	0	0	0	0.876
NRXN2	SHANK2	0	0	0	0	0	0	0	0	0	0	0.88
NRXN2	SHANK3	0	0	0	0	0	0	0	0	0	0	0.897
NRXN2	NRXN1	0	0	0	0	0	0	0	0	0	0	0.922
NRXN2	DLG4	0	0	0	0	0	0	0	0	0	0	0.987
NRXN2	LRRTM2	0	0	0	0	0	0	0	0	0	0	0.993
NRXN2	DAG1	0	0	0	0	0	0	0	0	0	0	0.997
NRXN2	NLGN2	0	0	0	0	0	0	0	0	0	0	0.999
NRXN2	NLGN1	0	0	0	0	0	0	0	0	0	0	0.999
NRXN2	NLGN3	0	0	0	0	0	0	0	0	0	0	0.999
NRXN2	NLGN4Y	0	0	0	0	0	0	0	0	0	0	0.999
NRXN2	NLGN4X	0	0	0	0	0	0	0	0	0	0	0.999
TP53	GNAQ	0	0	0	0	0	0	0	0	0	0	0.479
TP53	UBE2L3	0	0	0	0	0	0	0	0	0	0	0.5
TP53	CALM3	0	0	0	0	0	0	0	0	0	0	0.508
TP53	UBE2D2	0	0	0	0	0	0	0	0	0	0	0.531
TP53	DLG1	0	0	0	0	0	0	0	0	0	0	0.533
TP53	SPOP	0	0	0	0	0	0	0	0	0	0	0.571
TP53	UBE2D1	0	0	0	0	0	0	0	0	0	0	0.578
TP53	SCRIB	0	0	0	0	0	0	0	0	0	0	0.587
TP53	CALML4	0	0	0	0	0	0	0	0	0	0	0.657
TP53	RAD23A	0	0	0	0	0	0	0	0	0	0	0.657
TP53	CALML3	0	0	0	0	0	0	0	0	0	0	0.657
TP53	FYN	0	0	0	0	0	0	0	0	0	0	0.657
TP53	PRKCI	0	0	0	0	0	0	0	0	0	0	0.661
TP53	DLG4	0	0	0	0	0	0	0	0	0	0	0.734
TP53	PIK3R1	0	0	0	0	0	0	0	0	0	0	0.853
TP53	PSMD4	0	0	0	0	0	0	0	0	0	0	0.88
TP53	CTNNB1	0	0	0	0	0	0	0	0	0	0	0.927
TP53	PTK2	0	0	0	0	0	0	0	0	0	0	0.928
TP53	PRKCZ	0	0	0	0	0	0	0	0	0	0	0.933
TP53	AKT1	0	0	0	0	0	0	0	0	0	0	0.994
TP53	UBE3A	0	0	0	0	0	0	0	0	0	0	0.999
TP53	PTEN	0	0	0	0	0	0	0	0	0	0	0.999
CACNG8	EPB41L1	0	0	0	0	0	0	0	0	0	0	0.46
CACNG8	NLGN1	0	0	0	0	0	0	0	0	0	0	0.514
CACNG8	DLG1	0	0	0	0	0	0	0	0	0	0	0.584
CACNG8	DLG3	0	0	0	0	0	0	0	0	0	0	0.649
CACNG8	GRIN3A	0	0	0	0	0	0	0	0	0	0	0.743
CACNG8	CACNG2	0	0	0	0	0	0	0	0	0	0	0.748
CACNG8	GRIN2C	0	0	0	0	0	0	0	0	0	0	0.761
CACNG8	CAMK2A	0	0	0	0	0	0	0	0	0	0	0.782
CACNG8	GRIN1	0	0	0	0	0	0	0	0	0	0	0.799
CACNG8	GRIN2A	0	0	0	0	0	0	0	0	0	0	0.812
CACNG8	GRIN2B	0	0	0	0	0	0	0	0	0	0	0.822
CACNG8	DLG4	0	0	0	0	0	0	0	0	0	0	0.901
CACNG8	GRIA3	0	0	0	0	0	0	0	0	0	0	0.936
CACNG8	GRIA4	0	0	0	0	0	0	0	0	0	0	0.936
CACNG8	CACNB4	0	0	0	0	0	0	0	0	0	0	0.94
CACNG8	SHISA9	0	0	0	0	0	0	0	0	0	0	0.948
CACNG8	CNIH2	0	0	0	0	0	0	0	0	0	0	0.99
CACNG8	GRIA2	0	0	0	0	0	0	0	0	0	0	0.994
CACNG8	GRIA1	0	0	0	0	0	0	0	0	0	0	0.996
LRRTM2	MDGA1	0	0	0	0	0	0	0	0	0	0	0.419
LRRTM2	GPHN	0	0	0	0	0	0	0	0	0	0	0.464
LRRTM2	NLGN4Y	0	0	0	0	0	0	0	0	0	0	0.474
LRRTM2	GRIA1	0	0	0	0	0	0	0	0	0	0	0.493
LRRTM2	NLGN2	0	0	0	0	0	0	0	0	0	0	0.65
LRRTM2	GRIA2	0	0	0	0	0	0	0	0	0	0	0.681
LRRTM2	NLGN4X	0	0	0	0	0	0	0	0	0	0	0.724
LRRTM2	NLGN3	0	0	0	0	0	0	0	0	0	0	0.725
LRRTM2	NLGN1	0	0	0	0	0	0	0	0	0	0	0.815
LRRTM2	DLG4	0	0	0	0	0	0	0	0	0	0	0.902
LRRTM2	NRXN3	0	0	0	0	0	0	0	0	0	0	0.92
LRRTM2	NRXN1	0	0	0	0	0	0	0	0	0	0	0.997
GRIA4	HOMER1	0	0	0	0	0	0	0	0	0	0	0.42
GRIA4	NXPH1	0	0	0	0	0	0	0	0	0	0	0.421
GRIA4	DLGAP1	0	0	0	0	0	0	0	0	0	0	0.423
GRIA4	SHANK1	0	0	0	0	0	0	0	0	0	0	0.45
GRIA4	NLGN1	0	0	0	0	0	0	0	0	0	0	0.496
GRIA4	SHANK2	0	0	0	0	0	0	0	0	0	0	0.579
GRIA4	DLG3	0	0	0	0	0	0	0	0	0	0	0.646
GRIA4	GRM1	0	0	0	0	0	0	0	0	0	0	0.653
GRIA4	GRM5	0	0	0	0	0	0	0	0	0	0	0.667
GRIA4	NRXN1	0	0	0	0	0	0	0	0	0	0	0.688
GRIA4	DLG2	0	0	0	0	0	0	0	0	0	0	0.698
GRIA4	EPB41L1	0	0	0	0	0	0	0	0	0	0	0.807
GRIA4	CAMK2A	0	0	0	0	0	0	0	0	0	0	0.814
GRIA4	GRIN2C	0	0	0	0	0	0	0	0	0	0	0.824
GRIA4	DLG1	0	0	0	0	0	0	0	0	0	0	0.828
GRIA4	DLG4	0	0	0	0	0	0	0	0	0	0	0.829
GRIA4	GRIN2B	0	0	0	0	0	0	0	0	0	0	0.853
GRIA4	GRIN3A	0	0	0	0	0	0	0	0	0	0	0.878
GRIA4	GRIN1	0	0	0	0	0	0	0	0	0	0	0.886
GRIA4	GRIN2A	0	0	0	0	0	0	0	0	0	0	0.898
GRIA4	SHISA9	0	0	0	0	0	0	0	0	0	0	0.919
GRIA4	CNIH2	0	0	0	0	0	0	0	0	0	0	0.94
GRIA4	CACNG2	0	0	0	0	0	0	0	0	0	0	0.975
GRIA4	GRIA3	0	0	0	0	0	0	0	0	0	0	0.997
GRIA4	GRIA1	0	0	0	0	0	0	0	0	0	0	0.997
GRIA4	GRIA2	0	0	0	0	0	0	0	0	0	0	0.999
GRM1	AKT1	0	0	0	0	0	0	0	0	0	0	0.421
GRM1	CALML4	0	0	0	0	0	0	0	0	0	0	0.427
GRM1	CALML3	0	0	0	0	0	0	0	0	0	0	0.432
GRM1	CALM3	0	0	0	0	0	0	0	0	0	0	0.445
GRM1	FYN	0	0	0	0	0	0	0	0	0	0	0.45
GRM1	DLG1	0	0	0	0	0	0	0	0	0	0	0.46
GRM1	PIK3R1	0	0	0	0	0	0	0	0	0	0	0.48
GRM1	GRIN3A	0	0	0	0	0	0	0	0	0	0	0.537
GRM1	NLGN4Y	0	0	0	0	0	0	0	0	0	0	0.573
GRM1	DLG3	0	0	0	0	0	0	0	0	0	0	0.598
GRM1	GRIA3	0	0	0	0	0	0	0	0	0	0	0.602
GRM1	NLGN2	0	0	0	0	0	0	0	0	0	0	0.61
GRM1	GRIN2C	0	0	0	0	0	0	0	0	0	0	0.616
GRM1	NLGN4X	0	0	0	0	0	0	0	0	0	0	0.624
GRM1	DLGAP2	0	0	0	0	0	0	0	0	0	0	0.628
GRM1	DLG2	0	0	0	0	0	0	0	0	0	0	0.64
GRM1	NLGN3	0	0	0	0	0	0	0	0	0	0	0.648
GRM1	NLGN1	0	0	0	0	0	0	0	0	0	0	0.652
GRM1	GRIN1	0	0	0	0	0	0	0	0	0	0	0.659
GRM1	NRXN3	0	0	0	0	0	0	0	0	0	0	0.687
GRM1	DLGAP3	0	0	0	0	0	0	0	0	0	0	0.688
GRM1	NRXN1	0	0	0	0	0	0	0	0	0	0	0.705
GRM1	SHANK2	0	0	0	0	0	0	0	0	0	0	0.714
GRM1	GRIN2A	0	0	0	0	0	0	0	0	0	0	0.738
GRM1	GRIN2B	0	0	0	0	0	0	0	0	0	0	0.758
GRM1	SHANK3	0	0	0	0	0	0	0	0	0	0	0.788
GRM1	GRIA2	0	0	0	0	0	0	0	0	0	0	0.809
GRM1	GRIA1	0	0	0	0	0	0	0	0	0	0	0.849
GRM1	DLG4	0	0	0	0	0	0	0	0	0	0	0.862
GRM1	SHANK1	0	0	0	0	0	0	0	0	0	0	0.899
GRM1	DLGAP1	0	0	0	0	0	0	0	0	0	0	0.938
GRM1	CAMK2A	0	0	0	0	0	0	0	0	0	0	0.968
GRM1	GRM5	0	0	0	0	0	0	0	0	0	0	0.977
GRM1	HOMER2	0	0	0	0	0	0	0	0	0	0	0.989
GRM1	HOMER3	0	0	0	0	0	0	0	0	0	0	0.99
GRM1	GNAQ	0	0	0	0	0	0	0	0	0	0	0.998
GRM1	HOMER1	0	0	0	0	0	0	0	0	0	0	0.998
GNAQ	CTNNB1	0	0	0	0	0	0	0	0	0	0	0.56
GNAQ	PTEN	0	0	0	0	0	0	0	0	0	0	0.567
GNAQ	CALML4	0	0	0	0	0	0	0	0	0	0	0.57
GNAQ	CALML3	0	0	0	0	0	0	0	0	0	0	0.581
GNAQ	CALM3	0	0	0	0	0	0	0	0	0	0	0.593
GNAQ	AKT1	0	0	0	0	0	0	0	0	0	0	0.775
GNAQ	PIK3R1	0	0	0	0	0	0	0	0	0	0	0.854
GNAQ	ADORA2A	0	0	0	0	0	0	0	0	0	0	0.959
GNAQ	GRM5	0	0	0	0	0	0	0	0	0	0	0.999
PREX2	AKT1	0	0	0	0	0	0	0	0	0	0	0.444
PREX2	PTEN	0	0	0	0	0	0	0	0	0	0	0.99
CALM3	GRIA2	0	0	0	0	0	0	0	0	0	0	0.434
CALM3	PTEN	0	0	0	0	0	0	0	0	0	0	0.451
CALM3	DLG1	0	0	0	0	0	0	0	0	0	0	0.457
CALM3	CACNB4	0	0	0	0	0	0	0	0	0	0	0.463
CALM3	MAST2	0	0	0	0	0	0	0	0	0	0	0.471
CALM3	PIK3R1	0	0	0	0	0	0	0	0	0	0	0.513
CALM3	GRIN3A	0	0	0	0	0	0	0	0	0	0	0.515
CALM3	ADORA2A	0	0	0	0	0	0	0	0	0	0	0.515
CALM3	HOMER2	0	0	0	0	0	0	0	0	0	0	0.517
CALM3	CTNNB1	0	0	0	0	0	0	0	0	0	0	0.528
CALM3	HOMER3	0	0	0	0	0	0	0	0	0	0	0.533
CALM3	GRIA1	0	0	0	0	0	0	0	0	0	0	0.583
CALM3	HOMER1	0	0	0	0	0	0	0	0	0	0	0.63
CALM3	FYN	0	0	0	0	0	0	0	0	0	0	0.685
CALM3	GRM5	0	0	0	0	0	0	0	0	0	0	0.688
CALM3	GRIN2C	0	0	0	0	0	0	0	0	0	0	0.758
CALM3	AKT1	0	0	0	0	0	0	0	0	0	0	0.802
CALM3	GRIN2A	0	0	0	0	0	0	0	0	0	0	0.901
CALM3	GRIN2B	0	0	0	0	0	0	0	0	0	0	0.91
CALM3	DLG4	0	0	0	0	0	0	0	0	0	0	0.989
CALM3	CALML4	0	0	0	0	0	0	0	0	0	0	0.996
CALM3	GRIN1	0	0	0	0	0	0	0	0	0	0	0.996
CALM3	CALML3	0	0	0	0	0	0	0	0	0	0	0.996
CALM3	CAMK2A	0	0	0	0	0	0	0	0	0	0	0.999
GRIN2C	MAGI2	0	0	0	0	0	0	0	0	0	0	0.409
GRIN2C	SHANK1	0	0	0	0	0	0	0	0	0	0	0.416
GRIN2C	GRM5	0	0	0	0	0	0	0	0	0	0	0.621
GRIN2C	DLG1	0	0	0	0	0	0	0	0	0	0	0.681
GRIN2C	SHISA9	0	0	0	0	0	0	0	0	0	0	0.733
GRIN2C	CAMK2A	0	0	0	0	0	0	0	0	0	0	0.735
GRIN2C	CALML3	0	0	0	0	0	0	0	0	0	0	0.741
GRIN2C	CALML4	0	0	0	0	0	0	0	0	0	0	0.741
GRIN2C	CNIH2	0	0	0	0	0	0	0	0	0	0	0.765
GRIN2C	GRIA3	0	0	0	0	0	0	0	0	0	0	0.809
GRIN2C	CACNG2	0	0	0	0	0	0	0	0	0	0	0.817
GRIN2C	DLG2	0	0	0	0	0	0	0	0	0	0	0.818
GRIN2C	GRIA2	0	0	0	0	0	0	0	0	0	0	0.822
GRIN2C	GRIA1	0	0	0	0	0	0	0	0	0	0	0.829
GRIN2C	DLG3	0	0	0	0	0	0	0	0	0	0	0.872
GRIN2C	DLG4	0	0	0	0	0	0	0	0	0	0	0.99
GRIN2C	GRIN2A	0	0	0	0	0	0	0	0	0	0	0.998
GRIN2C	GRIN2B	0	0	0	0	0	0	0	0	0	0	0.998
GRIN2C	GRIN3A	0	0	0	0	0	0	0	0	0	0	0.998
GRIN2C	GRIN1	0	0	0	0	0	0	0	0	0	0	0.999
SHANK1	GPHN	0	0	0	0	0	0	0	0	0	0	0.416
SHANK1	CACNG2	0	0	0	0	0	0	0	0	0	0	0.418
SHANK1	MAGI2	0	0	0	0	0	0	0	0	0	0	0.418
SHANK1	DLG1	0	0	0	0	0	0	0	0	0	0	0.446
SHANK1	CAMK2A	0	0	0	0	0	0	0	0	0	0	0.533
SHANK1	GRIA2	0	0	0	0	0	0	0	0	0	0	0.563
SHANK1	GRIN1	0	0	0	0	0	0	0	0	0	0	0.596
SHANK1	GRIA1	0	0	0	0	0	0	0	0	0	0	0.619
SHANK1	NRXN3	0	0	0	0	0	0	0	0	0	0	0.696
SHANK1	GRIN2A	0	0	0	0	0	0	0	0	0	0	0.742
SHANK1	GRIN2B	0	0	0	0	0	0	0	0	0	0	0.752
SHANK1	NLGN4Y	0	0	0	0	0	0	0	0	0	0	0.76
SHANK1	DLG3	0	0	0	0	0	0	0	0	0	0	0.778
SHANK1	DLGAP2	0	0	0	0	0	0	0	0	0	0	0.841
SHANK1	NLGN2	0	0	0	0	0	0	0	0	0	0	0.868
SHANK1	DLG2	0	0	0	0	0	0	0	0	0	0	0.878
SHANK1	NRXN1	0	0	0	0	0	0	0	0	0	0	0.887
SHANK1	NLGN4X	0	0	0	0	0	0	0	0	0	0	0.894
SHANK1	NLGN3	0	0	0	0	0	0	0	0	0	0	0.904
SHANK1	DLGAP3	0	0	0	0	0	0	0	0	0	0	0.92
SHANK1	NLGN1	0	0	0	0	0	0	0	0	0	0	0.926
SHANK1	HOMER2	0	0	0	0	0	0	0	0	0	0	0.927
SHANK1	GRM5	0	0	0	0	0	0	0	0	0	0	0.939
SHANK1	HOMER3	0	0	0	0	0	0	0	0	0	0	0.966
SHANK1	SHANK2	0	0	0	0	0	0	0	0	0	0	0.968
SHANK1	SHANK3	0	0	0	0	0	0	0	0	0	0	0.982
SHANK1	HOMER1	0	0	0	0	0	0	0	0	0	0	0.984
SHANK1	DLG4	0	0	0	0	0	0	0	0	0	0	0.992
SHANK1	DLGAP1	0	0	0	0	0	0	0	0	0	0	0.996
PRKCI	PIK3R1	0	0	0	0	0	0	0	0	0	0	0.919
PRKCI	PTEN	0	0	0	0	0	0	0	0	0	0	0.933
PRKCI	PRKCZ	0	0	0	0	0	0	0	0	0	0	0.989
PRKCI	LLGL1	0	0	0	0	0	0	0	0	0	0	0.993
PRKCI	LLGL2	0	0	0	0	0	0	0	0	0	0	0.996
GRIA2	DLGAP3	0	0	0	0	0	0	0	0	0	0	0.401
GRIA2	CALML4	0	0	0	0	0	0	0	0	0	0	0.404
GRIA2	PIK3R1	0	0	0	0	0	0	0	0	0	0	0.415
GRIA2	NRXN3	0	0	0	0	0	0	0	0	0	0	0.416
GRIA2	DLGAP2	0	0	0	0	0	0	0	0	0	0	0.422
GRIA2	NLGN4Y	0	0	0	0	0	0	0	0	0	0	0.426
GRIA2	NLGN4X	0	0	0	0	0	0	0	0	0	0	0.485
GRIA2	EPB41L1	0	0	0	0	0	0	0	0	0	0	0.485
GRIA2	NLGN2	0	0	0	0	0	0	0	0	0	0	0.516
GRIA2	GPHN	0	0	0	0	0	0	0	0	0	0	0.52
GRIA2	NLGN3	0	0	0	0	0	0	0	0	0	0	0.535
GRIA2	SHANK3	0	0	0	0	0	0	0	0	0	0	0.573
GRIA2	HOMER1	0	0	0	0	0	0	0	0	0	0	0.596
GRIA2	CTNNB1	0	0	0	0	0	0	0	0	0	0	0.615
GRIA2	SHANK2	0	0	0	0	0	0	0	0	0	0	0.637
GRIA2	NLGN1	0	0	0	0	0	0	0	0	0	0	0.64
GRIA2	NRXN1	0	0	0	0	0	0	0	0	0	0	0.695
GRIA2	DLGAP1	0	0	0	0	0	0	0	0	0	0	0.722
GRIA2	DLG3	0	0	0	0	0	0	0	0	0	0	0.789
GRIA2	DLG1	0	0	0	0	0	0	0	0	0	0	0.809
GRIA2	DLG2	0	0	0	0	0	0	0	0	0	0	0.815
GRIA2	GRIN3A	0	0	0	0	0	0	0	0	0	0	0.845
GRIA2	GRM5	0	0	0	0	0	0	0	0	0	0	0.852
GRIA2	SHISA9	0	0	0	0	0	0	0	0	0	0	0.855
GRIA2	GRIN2B	0	0	0	0	0	0	0	0	0	0	0.885
GRIA2	GRIN1	0	0	0	0	0	0	0	0	0	0	0.901
GRIA2	GRIN2A	0	0	0	0	0	0	0	0	0	0	0.933
GRIA2	DLG4	0	0	0	0	0	0	0	0	0	0	0.968
GRIA2	CAMK2A	0	0	0	0	0	0	0	0	0	0	0.977
GRIA2	CNIH2	0	0	0	0	0	0	0	0	0	0	0.99
GRIA2	CACNG2	0	0	0	0	0	0	0	0	0	0	0.995
GRIA2	GRIA1	0	0	0	0	0	0	0	0	0	0	0.999
GRIA2	GRIA3	0	0	0	0	0	0	0	0	0	0	0.999
CACNG2	NLGN1	0	0	0	0	0	0	0	0	0	0	0.413
CACNG2	NRXN1	0	0	0	0	0	0	0	0	0	0	0.435
CACNG2	HOMER1	0	0	0	0	0	0	0	0	0	0	0.446
CACNG2	EPB41L1	0	0	0	0	0	0	0	0	0	0	0.67
CACNG2	DLGAP1	0	0	0	0	0	0	0	0	0	0	0.751
CACNG2	DLG2	0	0	0	0	0	0	0	0	0	0	0.783
CACNG2	CAMK2A	0	0	0	0	0	0	0	0	0	0	0.808
CACNG2	GRIN3A	0	0	0	0	0	0	0	0	0	0	0.852
CACNG2	GRIN2A	0	0	0	0	0	0	0	0	0	0	0.88
CACNG2	GRIN2B	0	0	0	0	0	0	0	0	0	0	0.893
CACNG2	GRIN1	0	0	0	0	0	0	0	0	0	0	0.894
CACNG2	DLG3	0	0	0	0	0	0	0	0	0	0	0.9
CACNG2	CNIH2	0	0	0	0	0	0	0	0	0	0	0.906
CACNG2	MAGI2	0	0	0	0	0	0	0	0	0	0	0.915
CACNG2	DLG1	0	0	0	0	0	0	0	0	0	0	0.941
CACNG2	CACNB4	0	0	0	0	0	0	0	0	0	0	0.951
CACNG2	SHISA9	0	0	0	0	0	0	0	0	0	0	0.973
CACNG2	GRIA3	0	0	0	0	0	0	0	0	0	0	0.984
CACNG2	DLG4	0	0	0	0	0	0	0	0	0	0	0.999
CACNG2	GRIA1	0	0	0	0	0	0	0	0	0	0	0.999
NLGN2	CAMK2A	0	0	0	0	0	0	0	0	0	0	0.411
NLGN2	NXPH1	0	0	0	0	0	0	0	0	0	0	0.414
NLGN2	DLG1	0	0	0	0	0	0	0	0	0	0	0.44
NLGN2	PTEN	0	0	0	0	0	0	0	0	0	0	0.455
NLGN2	GRIN1	0	0	0	0	0	0	0	0	0	0	0.469
NLGN2	PRNP	0	0	0	0	0	0	0	0	0	0	0.485
NLGN2	GRIN2B	0	0	0	0	0	0	0	0	0	0	0.496
NLGN2	CTNNB1	0	0	0	0	0	0	0	0	0	0	0.499
NLGN2	GRIN2A	0	0	0	0	0	0	0	0	0	0	0.521
NLGN2	NLGN4Y	0	0	0	0	0	0	0	0	0	0	0.525
NLGN2	GRIA1	0	0	0	0	0	0	0	0	0	0	0.532
NLGN2	DAG1	0	0	0	0	0	0	0	0	0	0	0.59
NLGN2	EPB41L1	0	0	0	0	0	0	0	0	0	0	0.624
NLGN2	HOMER2	0	0	0	0	0	0	0	0	0	0	0.647
NLGN2	GRM5	0	0	0	0	0	0	0	0	0	0	0.668
NLGN2	NLGN3	0	0	0	0	0	0	0	0	0	0	0.683
NLGN2	HOMER3	0	0	0	0	0	0	0	0	0	0	0.697
NLGN2	HOMER1	0	0	0	0	0	0	0	0	0	0	0.699
NLGN2	NLGN4X	0	0	0	0	0	0	0	0	0	0	0.704
NLGN2	NLGN1	0	0	0	0	0	0	0	0	0	0	0.704
NLGN2	DLGAP3	0	0	0	0	0	0	0	0	0	0	0.709
NLGN2	DLGAP2	0	0	0	0	0	0	0	0	0	0	0.715
NLGN2	DLG2	0	0	0	0	0	0	0	0	0	0	0.784
NLGN2	MAGI2	0	0	0	0	0	0	0	0	0	0	0.813
NLGN2	DLGAP1	0	0	0	0	0	0	0	0	0	0	0.844
NLGN2	SHANK2	0	0	0	0	0	0	0	0	0	0	0.868
NLGN2	DLG3	0	0	0	0	0	0	0	0	0	0	0.883
NLGN2	SHANK3	0	0	0	0	0	0	0	0	0	0	0.935
NLGN2	GPHN	0	0	0	0	0	0	0	0	0	0	0.968
NLGN2	NRXN3	0	0	0	0	0	0	0	0	0	0	0.978
NLGN2	MDGA1	0	0	0	0	0	0	0	0	0	0	0.994
NLGN2	DLG4	0	0	0	0	0	0	0	0	0	0	0.998
NLGN2	NRXN1	0	0	0	0	0	0	0	0	0	0	0.999
HOMER2	GRIA1	0	0	0	0	0	0	0	0	0	0	0.4
HOMER2	GRIN1	0	0	0	0	0	0	0	0	0	0	0.42
HOMER2	GRIN2A	0	0	0	0	0	0	0	0	0	0	0.478
HOMER2	GRIN2B	0	0	0	0	0	0	0	0	0	0	0.502
HOMER2	CALML4	0	0	0	0	0	0	0	0	0	0	0.507
HOMER2	CALML3	0	0	0	0	0	0	0	0	0	0	0.518
HOMER2	NLGN4X	0	0	0	0	0	0	0	0	0	0	0.596
HOMER2	NRXN1	0	0	0	0	0	0	0	0	0	0	0.605
HOMER2	NLGN4Y	0	0	0	0	0	0	0	0	0	0	0.607
HOMER2	DLG2	0	0	0	0	0	0	0	0	0	0	0.61
HOMER2	DLG3	0	0	0	0	0	0	0	0	0	0	0.613
HOMER2	NLGN1	0	0	0	0	0	0	0	0	0	0	0.618
HOMER2	DLGAP2	0	0	0	0	0	0	0	0	0	0	0.637
HOMER2	AKT1	0	0	0	0	0	0	0	0	0	0	0.638
HOMER2	NLGN3	0	0	0	0	0	0	0	0	0	0	0.641
HOMER2	DLGAP3	0	0	0	0	0	0	0	0	0	0	0.666
HOMER2	NRXN3	0	0	0	0	0	0	0	0	0	0	0.691
HOMER2	SHANK3	0	0	0	0	0	0	0	0	0	0	0.758
HOMER2	DLG4	0	0	0	0	0	0	0	0	0	0	0.779
HOMER2	SHANK2	0	0	0	0	0	0	0	0	0	0	0.782
HOMER2	DLGAP1	0	0	0	0	0	0	0	0	0	0	0.857
HOMER2	GRM5	0	0	0	0	0	0	0	0	0	0	0.965
HOMER2	HOMER3	0	0	0	0	0	0	0	0	0	0	0.99
HOMER2	HOMER1	0	0	0	0	0	0	0	0	0	0	0.991
GRM5	AKT1	0	0	0	0	0	0	0	0	0	0	0.44
GRM5	FYN	0	0	0	0	0	0	0	0	0	0	0.471
GRM5	CALML4	0	0	0	0	0	0	0	0	0	0	0.49
GRM5	CALML3	0	0	0	0	0	0	0	0	0	0	0.493
GRM5	PRKCZ	0	0	0	0	0	0	0	0	0	0	0.515
GRM5	NXPH1	0	0	0	0	0	0	0	0	0	0	0.54
GRM5	GPHN	0	0	0	0	0	0	0	0	0	0	0.545
GRM5	EPB41L1	0	0	0	0	0	0	0	0	0	0	0.547
GRM5	NLGN4Y	0	0	0	0	0	0	0	0	0	0	0.611
GRM5	DLG3	0	0	0	0	0	0	0	0	0	0	0.642
GRM5	DLGAP2	0	0	0	0	0	0	0	0	0	0	0.686
GRM5	NLGN4X	0	0	0	0	0	0	0	0	0	0	0.696
GRM5	GRIN3A	0	0	0	0	0	0	0	0	0	0	0.699
GRM5	DLG2	0	0	0	0	0	0	0	0	0	0	0.702
GRM5	NLGN1	0	0	0	0	0	0	0	0	0	0	0.716
GRM5	NRXN3	0	0	0	0	0	0	0	0	0	0	0.724
GRM5	NLGN3	0	0	0	0	0	0	0	0	0	0	0.735
GRM5	NRXN1	0	0	0	0	0	0	0	0	0	0	0.766
GRM5	GRIA3	0	0	0	0	0	0	0	0	0	0	0.782
GRM5	DLGAP3	0	0	0	0	0	0	0	0	0	0	0.786
GRM5	GRIN1	0	0	0	0	0	0	0	0	0	0	0.792
GRM5	GRIN2A	0	0	0	0	0	0	0	0	0	0	0.841
GRM5	GRIN2B	0	0	0	0	0	0	0	0	0	0	0.842
GRM5	SHANK2	0	0	0	0	0	0	0	0	0	0	0.869
GRM5	SHANK3	0	0	0	0	0	0	0	0	0	0	0.88
GRM5	DLG4	0	0	0	0	0	0	0	0	0	0	0.902
GRM5	DLGAP1	0	0	0	0	0	0	0	0	0	0	0.915
GRM5	GRIA1	0	0	0	0	0	0	0	0	0	0	0.916
GRM5	HOMER3	0	0	0	0	0	0	0	0	0	0	0.929
GRM5	PRNP	0	0	0	0	0	0	0	0	0	0	0.953
GRM5	CAMK2A	0	0	0	0	0	0	0	0	0	0	0.975
GRM5	ADORA2A	0	0	0	0	0	0	0	0	0	0	0.976
GRM5	HOMER1	0	0	0	0	0	0	0	0	0	0	0.999
CNIH2	DLG3	0	0	0	0	0	0	0	0	0	0	0.552
CNIH2	GRIN3A	0	0	0	0	0	0	0	0	0	0	0.763
CNIH2	GRIN2B	0	0	0	0	0	0	0	0	0	0	0.774
CNIH2	GRIN2A	0	0	0	0	0	0	0	0	0	0	0.784
CNIH2	GRIN1	0	0	0	0	0	0	0	0	0	0	0.796
CNIH2	DLG4	0	0	0	0	0	0	0	0	0	0	0.856
CNIH2	SHISA9	0	0	0	0	0	0	0	0	0	0	0.949
CNIH2	GRIA3	0	0	0	0	0	0	0	0	0	0	0.97
CNIH2	GRIA1	0	0	0	0	0	0	0	0	0	0	0.995
CALML3	PTEN	0	0	0	0	0	0	0	0	0	0	0.437
CALML3	ADORA2A	0	0	0	0	0	0	0	0	0	0	0.455
CALML3	DLG1	0	0	0	0	0	0	0	0	0	0	0.456
CALML3	HOMER3	0	0	0	0	0	0	0	0	0	0	0.532
CALML3	GRIA1	0	0	0	0	0	0	0	0	0	0	0.581
CALML3	HOMER1	0	0	0	0	0	0	0	0	0	0	0.625
CALML3	CTNNB1	0	0	0	0	0	0	0	0	0	0	0.628
CALML3	FYN	0	0	0	0	0	0	0	0	0	0	0.682
CALML3	AKT1	0	0	0	0	0	0	0	0	0	0	0.719
CALML3	DLG4	0	0	0	0	0	0	0	0	0	0	0.891
CALML3	GRIN2A	0	0	0	0	0	0	0	0	0	0	0.895
CALML3	GRIN2B	0	0	0	0	0	0	0	0	0	0	0.927
CALML3	GRIN1	0	0	0	0	0	0	0	0	0	0	0.96
CALML3	CALML4	0	0	0	0	0	0	0	0	0	0	0.963
CALML3	CAMK2A	0	0	0	0	0	0	0	0	0	0	0.999
DLGAP1	GRIN1	0	0	0	0	0	0	0	0	0	0	0.57
DLGAP1	NRXN3	0	0	0	0	0	0	0	0	0	0	0.659
DLGAP1	CAMK2A	0	0	0	0	0	0	0	0	0	0	0.703
DLGAP1	DLGAP2	0	0	0	0	0	0	0	0	0	0	0.704
DLGAP1	DLGAP3	0	0	0	0	0	0	0	0	0	0	0.724
DLGAP1	MAGI2	0	0	0	0	0	0	0	0	0	0	0.732
DLGAP1	NRXN1	0	0	0	0	0	0	0	0	0	0	0.774
DLGAP1	NLGN4Y	0	0	0	0	0	0	0	0	0	0	0.843
DLGAP1	GRIA1	0	0	0	0	0	0	0	0	0	0	0.852
DLGAP1	NLGN3	0	0	0	0	0	0	0	0	0	0	0.855
DLGAP1	NLGN4X	0	0	0	0	0	0	0	0	0	0	0.861
DLGAP1	GRIN2A	0	0	0	0	0	0	0	0	0	0	0.885
DLGAP1	DLG3	0	0	0	0	0	0	0	0	0	0	0.887
DLGAP1	DLG2	0	0	0	0	0	0	0	0	0	0	0.89
DLGAP1	GRIN2B	0	0	0	0	0	0	0	0	0	0	0.9
DLGAP1	NLGN1	0	0	0	0	0	0	0	0	0	0	0.927
DLGAP1	HOMER3	0	0	0	0	0	0	0	0	0	0	0.943
DLGAP1	DLG1	0	0	0	0	0	0	0	0	0	0	0.952
DLGAP1	SHANK2	0	0	0	0	0	0	0	0	0	0	0.981
DLGAP1	HOMER1	0	0	0	0	0	0	0	0	0	0	0.986
DLGAP1	SHANK3	0	0	0	0	0	0	0	0	0	0	0.997
DLGAP1	DLG4	0	0	0	0	0	0	0	0	0	0	0.999
LLGL1	FYN	0	0	0	0	0	0	0	0	0	0	0.406
LLGL1	DLG2	0	0	0	0	0	0	0	0	0	0	0.84
LLGL1	UBE3A	0	0	0	0	0	0	0	0	0	0	0.905
LLGL1	DLG3	0	0	0	0	0	0	0	0	0	0	0.939
LLGL1	SCRIB	0	0	0	0	0	0	0	0	0	0	0.964
LLGL1	DLG1	0	0	0	0	0	0	0	0	0	0	0.975
LLGL1	DLG4	0	0	0	0	0	0	0	0	0	0	0.983
LLGL1	LLGL2	0	0	0	0	0	0	0	0	0	0	0.993
LLGL1	PRKCZ	0	0	0	0	0	0	0	0	0	0	0.995
GRIN2A	NLGN4X	0	0	0	0	0	0	0	0	0	0	0.471
GRIN2A	NLGN3	0	0	0	0	0	0	0	0	0	0	0.472
GRIN2A	GPHN	0	0	0	0	0	0	0	0	0	0	0.482
GRIN2A	CACNB4	0	0	0	0	0	0	0	0	0	0	0.54
GRIN2A	NLGN1	0	0	0	0	0	0	0	0	0	0	0.554
GRIN2A	SHANK2	0	0	0	0	0	0	0	0	0	0	0.555
GRIN2A	DLGAP3	0	0	0	0	0	0	0	0	0	0	0.574
GRIN2A	MAGI2	0	0	0	0	0	0	0	0	0	0	0.575
GRIN2A	DLGAP2	0	0	0	0	0	0	0	0	0	0	0.577
GRIN2A	NRXN1	0	0	0	0	0	0	0	0	0	0	0.617
GRIN2A	SHANK3	0	0	0	0	0	0	0	0	0	0	0.638
GRIN2A	AKT1	0	0	0	0	0	0	0	0	0	0	0.659
GRIN2A	HOMER1	0	0	0	0	0	0	0	0	0	0	0.768
GRIN2A	SHISA9	0	0	0	0	0	0	0	0	0	0	0.786
GRIN2A	GRIA3	0	0	0	0	0	0	0	0	0	0	0.886
GRIN2A	CALML4	0	0	0	0	0	0	0	0	0	0	0.897
GRIN2A	GRIA1	0	0	0	0	0	0	0	0	0	0	0.926
GRIN2A	CAMK2A	0	0	0	0	0	0	0	0	0	0	0.968
GRIN2A	DLG1	0	0	0	0	0	0	0	0	0	0	0.979
GRIN2A	FYN	0	0	0	0	0	0	0	0	0	0	0.981
GRIN2A	DLG2	0	0	0	0	0	0	0	0	0	0	0.997
GRIN2A	DLG3	0	0	0	0	0	0	0	0	0	0	0.998
GRIN2A	GRIN1	0	0	0	0	0	0	0	0	0	0	0.999
GRIN2A	GRIN2B	0	0	0	0	0	0	0	0	0	0	0.999
GRIN2A	GRIN3A	0	0	0	0	0	0	0	0	0	0	0.999
GRIN2A	DLG4	0	0	0	0	0	0	0	0	0	0	0.999
HOMER1	GRIA3	0	0	0	0	0	0	0	0	0	0	0.43
HOMER1	PRNP	0	0	0	0	0	0	0	0	0	0	0.521
HOMER1	DLG1	0	0	0	0	0	0	0	0	0	0	0.553
HOMER1	NRXN3	0	0	0	0	0	0	0	0	0	0	0.608
HOMER1	CALML4	0	0	0	0	0	0	0	0	0	0	0.618
HOMER1	GRIN1	0	0	0	0	0	0	0	0	0	0	0.641
HOMER1	NLGN4Y	0	0	0	0	0	0	0	0	0	0	0.649
HOMER1	GRIN2B	0	0	0	0	0	0	0	0	0	0	0.675
HOMER1	NLGN4X	0	0	0	0	0	0	0	0	0	0	0.69
HOMER1	NRXN1	0	0	0	0	0	0	0	0	0	0	0.706
HOMER1	DLG3	0	0	0	0	0	0	0	0	0	0	0.707
HOMER1	NLGN3	0	0	0	0	0	0	0	0	0	0	0.721
HOMER1	NLGN1	0	0	0	0	0	0	0	0	0	0	0.726
HOMER1	GPHN	0	0	0	0	0	0	0	0	0	0	0.733
HOMER1	DLGAP2	0	0	0	0	0	0	0	0	0	0	0.734
HOMER1	CAMK2A	0	0	0	0	0	0	0	0	0	0	0.735
HOMER1	EPB41L1	0	0	0	0	0	0	0	0	0	0	0.747
HOMER1	DLGAP3	0	0	0	0	0	0	0	0	0	0	0.816
HOMER1	DLG2	0	0	0	0	0	0	0	0	0	0	0.821
HOMER1	GRIA1	0	0	0	0	0	0	0	0	0	0	0.873
HOMER1	SHANK2	0	0	0	0	0	0	0	0	0	0	0.937
HOMER1	SHANK3	0	0	0	0	0	0	0	0	0	0	0.957
HOMER1	DLG4	0	0	0	0	0	0	0	0	0	0	0.988
HOMER1	HOMER3	0	0	0	0	0	0	0	0	0	0	0.993
EPB41L1	DLG3	0	0	0	0	0	0	0	0	0	0	0.471
EPB41L1	NRXN3	0	0	0	0	0	0	0	0	0	0	0.528
EPB41L1	NLGN3	0	0	0	0	0	0	0	0	0	0	0.543
EPB41L1	NLGN4Y	0	0	0	0	0	0	0	0	0	0	0.547
EPB41L1	CAMK2A	0	0	0	0	0	0	0	0	0	0	0.571
EPB41L1	NLGN4X	0	0	0	0	0	0	0	0	0	0	0.578
EPB41L1	NRXN1	0	0	0	0	0	0	0	0	0	0	0.592
EPB41L1	NLGN1	0	0	0	0	0	0	0	0	0	0	0.639
EPB41L1	GRIA3	0	0	0	0	0	0	0	0	0	0	0.66
EPB41L1	DLG4	0	0	0	0	0	0	0	0	0	0	0.793
EPB41L1	DLG1	0	0	0	0	0	0	0	0	0	0	0.815
EPB41L1	GRIA1	0	0	0	0	0	0	0	0	0	0	0.997
PTK2	DAG1	0	0	0	0	0	0	0	0	0	0	0.434
PTK2	CTNNB1	0	0	0	0	0	0	0	0	0	0	0.802
PTK2	AKT1	0	0	0	0	0	0	0	0	0	0	0.879
PTK2	PIK3R1	0	0	0	0	0	0	0	0	0	0	0.988
PTK2	PTEN	0	0	0	0	0	0	0	0	0	0	0.995
PTK2	FYN	0	0	0	0	0	0	0	0	0	0	0.998
SHANK2	MAGI2	0	0	0	0	0	0	0	0	0	0	0.413
SHANK2	DLG1	0	0	0	0	0	0	0	0	0	0	0.416
SHANK2	CAMK2A	0	0	0	0	0	0	0	0	0	0	0.442
SHANK2	GRIN1	0	0	0	0	0	0	0	0	0	0	0.475
SHANK2	UBE3A	0	0	0	0	0	0	0	0	0	0	0.486
SHANK2	GPHN	0	0	0	0	0	0	0	0	0	0	0.486
SHANK2	AKT1	0	0	0	0	0	0	0	0	0	0	0.539
SHANK2	GRIN3A	0	0	0	0	0	0	0	0	0	0	0.575
SHANK2	GRIN2B	0	0	0	0	0	0	0	0	0	0	0.628
SHANK2	NRXN3	0	0	0	0	0	0	0	0	0	0	0.725
SHANK2	DLG3	0	0	0	0	0	0	0	0	0	0	0.744
SHANK2	GRIA1	0	0	0	0	0	0	0	0	0	0	0.75
SHANK2	HOMER3	0	0	0	0	0	0	0	0	0	0	0.799
SHANK2	DLG2	0	0	0	0	0	0	0	0	0	0	0.811
SHANK2	NLGN4Y	0	0	0	0	0	0	0	0	0	0	0.85
SHANK2	NRXN1	0	0	0	0	0	0	0	0	0	0	0.914
SHANK2	NLGN1	0	0	0	0	0	0	0	0	0	0	0.914
SHANK2	DLGAP3	0	0	0	0	0	0	0	0	0	0	0.917
SHANK2	NLGN3	0	0	0	0	0	0	0	0	0	0	0.958
SHANK2	NLGN4X	0	0	0	0	0	0	0	0	0	0	0.964
SHANK2	DLGAP2	0	0	0	0	0	0	0	0	0	0	0.969
SHANK2	SHANK3	0	0	0	0	0	0	0	0	0	0	0.98
SHANK2	DLG4	0	0	0	0	0	0	0	0	0	0	0.993
DLG1	NLGN4Y	0	0	0	0	0	0	0	0	0	0	0.402
DLG1	NLGN4X	0	0	0	0	0	0	0	0	0	0	0.414
DLG1	NLGN3	0	0	0	0	0	0	0	0	0	0	0.436
DLG1	CALML4	0	0	0	0	0	0	0	0	0	0	0.457
DLG1	NRXN1	0	0	0	0	0	0	0	0	0	0	0.472
DLG1	NLGN1	0	0	0	0	0	0	0	0	0	0	0.483
DLG1	MAST2	0	0	0	0	0	0	0	0	0	0	0.531
DLG1	MAGI2	0	0	0	0	0	0	0	0	0	0	0.579
DLG1	SHANK3	0	0	0	0	0	0	0	0	0	0	0.587
DLG1	GRIA3	0	0	0	0	0	0	0	0	0	0	0.697
DLG1	DLGAP2	0	0	0	0	0	0	0	0	0	0	0.714
DLG1	CAMK2A	0	0	0	0	0	0	0	0	0	0	0.721
DLG1	CTNNB1	0	0	0	0	0	0	0	0	0	0	0.786
DLG1	GRIN1	0	0	0	0	0	0	0	0	0	0	0.878
DLG1	LLGL2	0	0	0	0	0	0	0	0	0	0	0.916
DLG1	SCRIB	0	0	0	0	0	0	0	0	0	0	0.917
DLG1	DLG4	0	0	0	0	0	0	0	0	0	0	0.956
DLG1	DLG2	0	0	0	0	0	0	0	0	0	0	0.962
DLG1	UBE3A	0	0	0	0	0	0	0	0	0	0	0.974
DLG1	DLG3	0	0	0	0	0	0	0	0	0	0	0.974
DLG1	GRIN2B	0	0	0	0	0	0	0	0	0	0	0.992
DLG1	PTEN	0	0	0	0	0	0	0	0	0	0	0.996
DLG1	GRIA1	0	0	0	0	0	0	0	0	0	0	0.999
MAGI2	GRIA1	0	0	0	0	0	0	0	0	0	0	0.408
MAGI2	DLGAP2	0	0	0	0	0	0	0	0	0	0	0.42
MAGI2	NRXN1	0	0	0	0	0	0	0	0	0	0	0.461
MAGI2	GRIN2B	0	0	0	0	0	0	0	0	0	0	0.595
MAGI2	DLG4	0	0	0	0	0	0	0	0	0	0	0.616
MAGI2	DLGAP3	0	0	0	0	0	0	0	0	0	0	0.633
MAGI2	DAG1	0	0	0	0	0	0	0	0	0	0	0.669
MAGI2	NLGN4Y	0	0	0	0	0	0	0	0	0	0	0.743
MAGI2	NLGN4X	0	0	0	0	0	0	0	0	0	0	0.763
MAGI2	NLGN3	0	0	0	0	0	0	0	0	0	0	0.779
MAGI2	MAST2	0	0	0	0	0	0	0	0	0	0	0.84
MAGI2	NLGN1	0	0	0	0	0	0	0	0	0	0	0.893
MAGI2	CTNNB1	0	0	0	0	0	0	0	0	0	0	0.986
MAGI2	PTEN	0	0	0	0	0	0	0	0	0	0	0.998
FYN	GRIA1	0	0	0	0	0	0	0	0	0	0	0.451
FYN	DAG1	0	0	0	0	0	0	0	0	0	0	0.484
FYN	PTEN	0	0	0	0	0	0	0	0	0	0	0.657
FYN	CALML4	0	0	0	0	0	0	0	0	0	0	0.679
FYN	DLG3	0	0	0	0	0	0	0	0	0	0	0.705
FYN	GRIN1	0	0	0	0	0	0	0	0	0	0	0.743
FYN	DLG2	0	0	0	0	0	0	0	0	0	0	0.766
FYN	AKT1	0	0	0	0	0	0	0	0	0	0	0.834
FYN	CTNNB1	0	0	0	0	0	0	0	0	0	0	0.986
FYN	PIK3R1	0	0	0	0	0	0	0	0	0	0	0.988
FYN	PRNP	0	0	0	0	0	0	0	0	0	0	0.99
FYN	GRIN2B	0	0	0	0	0	0	0	0	0	0	0.993
FYN	DLG4	0	0	0	0	0	0	0	0	0	0	0.996
NLGN4Y	GRIA1	0	0	0	0	0	0	0	0	0	0	0.412
NLGN4Y	GRIN2B	0	0	0	0	0	0	0	0	0	0	0.448
NLGN4Y	PTEN	0	0	0	0	0	0	0	0	0	0	0.464
NLGN4Y	GPHN	0	0	0	0	0	0	0	0	0	0	0.478
NLGN4Y	PRNP	0	0	0	0	0	0	0	0	0	0	0.487
NLGN4Y	CTNNB1	0	0	0	0	0	0	0	0	0	0	0.498
NLGN4Y	MDGA1	0	0	0	0	0	0	0	0	0	0	0.505
NLGN4Y	NLGN4X	0	0	0	0	0	0	0	0	0	0	0.519
NLGN4Y	NLGN1	0	0	0	0	0	0	0	0	0	0	0.523
NLGN4Y	HOMER3	0	0	0	0	0	0	0	0	0	0	0.608
NLGN4Y	DLGAP3	0	0	0	0	0	0	0	0	0	0	0.66
NLGN4Y	DLGAP2	0	0	0	0	0	0	0	0	0	0	0.669
NLGN4Y	DLG2	0	0	0	0	0	0	0	0	0	0	0.696
NLGN4Y	NLGN3	0	0	0	0	0	0	0	0	0	0	0.697
NLGN4Y	NRXN3	0	0	0	0	0	0	0	0	0	0	0.827
NLGN4Y	DLG3	0	0	0	0	0	0	0	0	0	0	0.848
NLGN4Y	SHANK3	0	0	0	0	0	0	0	0	0	0	0.899
NLGN4Y	DLG4	0	0	0	0	0	0	0	0	0	0	0.986
NLGN4Y	NRXN1	0	0	0	0	0	0	0	0	0	0	0.999
SCRIB	GRIN2B	0	0	0	0	0	0	0	0	0	0	0.494
SCRIB	PRKCZ	0	0	0	0	0	0	0	0	0	0	0.657
SCRIB	AKT1	0	0	0	0	0	0	0	0	0	0	0.712
SCRIB	PTEN	0	0	0	0	0	0	0	0	0	0	0.834
SCRIB	DLG2	0	0	0	0	0	0	0	0	0	0	0.856
SCRIB	CTNNB1	0	0	0	0	0	0	0	0	0	0	0.88
SCRIB	DLG3	0	0	0	0	0	0	0	0	0	0	0.908
SCRIB	DLG4	0	0	0	0	0	0	0	0	0	0	0.921
SCRIB	LLGL2	0	0	0	0	0	0	0	0	0	0	0.959
SCRIB	UBE3A	0	0	0	0	0	0	0	0	0	0	0.98
NLGN3	NXPH1	0	0	0	0	0	0	0	0	0	0	0.418
NLGN3	GRIN1	0	0	0	0	0	0	0	0	0	0	0.446
NLGN3	PRNP	0	0	0	0	0	0	0	0	0	0	0.48
NLGN3	CTNNB1	0	0	0	0	0	0	0	0	0	0	0.513
NLGN3	GRIA1	0	0	0	0	0	0	0	0	0	0	0.536
NLGN3	GRIN2B	0	0	0	0	0	0	0	0	0	0	0.573
NLGN3	PTEN	0	0	0	0	0	0	0	0	0	0	0.591
NLGN3	GPHN	0	0	0	0	0	0	0	0	0	0	0.648
NLGN3	HOMER3	0	0	0	0	0	0	0	0	0	0	0.65
NLGN3	UBE3A	0	0	0	0	0	0	0	0	0	0	0.667
NLGN3	MDGA1	0	0	0	0	0	0	0	0	0	0	0.686
NLGN3	DLGAP3	0	0	0	0	0	0	0	0	0	0	0.763
NLGN3	DLG2	0	0	0	0	0	0	0	0	0	0	0.776
NLGN3	NLGN4X	0	0	0	0	0	0	0	0	0	0	0.796
NLGN3	NLGN1	0	0	0	0	0	0	0	0	0	0	0.799
NLGN3	DLGAP2	0	0	0	0	0	0	0	0	0	0	0.839
NLGN3	DLG3	0	0	0	0	0	0	0	0	0	0	0.885
NLGN3	NRXN3	0	0	0	0	0	0	0	0	0	0	0.94
NLGN3	SHANK3	0	0	0	0	0	0	0	0	0	0	0.993
NLGN3	DLG4	0	0	0	0	0	0	0	0	0	0	0.995
NLGN3	NRXN1	0	0	0	0	0	0	0	0	0	0	0.999
MAST2	PTEN	0	0	0	0	0	0	0	0	0	0	0.993
GRIN3A	DLG3	0	0	0	0	0	0	0	0	0	0	0.68
GRIN3A	SHISA9	0	0	0	0	0	0	0	0	0	0	0.784
GRIN3A	GRIA3	0	0	0	0	0	0	0	0	0	0	0.802
GRIN3A	GRIA1	0	0	0	0	0	0	0	0	0	0	0.815
GRIN3A	DLG4	0	0	0	0	0	0	0	0	0	0	0.966
GRIN3A	GRIN1	0	0	0	0	0	0	0	0	0	0	0.999
GRIN3A	GRIN2B	0	0	0	0	0	0	0	0	0	0	0.999
PSMD4	SPOP	0	0	0	0	0	0	0	0	0	0	0.425
PSMD4	UBE2L3	0	0	0	0	0	0	0	0	0	0	0.434
PSMD4	UBE2D2	0	0	0	0	0	0	0	0	0	0	0.501
PSMD4	PTEN	0	0	0	0	0	0	0	0	0	0	0.606
PSMD4	UBE2D1	0	0	0	0	0	0	0	0	0	0	0.668
PSMD4	PRNP	0	0	0	0	0	0	0	0	0	0	0.68
PSMD4	UBE3A	0	0	0	0	0	0	0	0	0	0	0.994
PSMD4	RAD23A	0	0	0	0	0	0	0	0	0	0	0.999
GRIN1	NLGN4X	0	0	0	0	0	0	0	0	0	0	0.422
GRIN1	DLGAP2	0	0	0	0	0	0	0	0	0	0	0.442
GRIN1	GPHN	0	0	0	0	0	0	0	0	0	0	0.446
GRIN1	NRXN1	0	0	0	0	0	0	0	0	0	0	0.449
GRIN1	DLGAP3	0	0	0	0	0	0	0	0	0	0	0.507
GRIN1	SHANK3	0	0	0	0	0	0	0	0	0	0	0.568
GRIN1	NLGN1	0	0	0	0	0	0	0	0	0	0	0.611
GRIN1	SHISA9	0	0	0	0	0	0	0	0	0	0	0.75
GRIN1	DLG2	0	0	0	0	0	0	0	0	0	0	0.761
GRIN1	GRIA3	0	0	0	0	0	0	0	0	0	0	0.877
GRIN1	DLG3	0	0	0	0	0	0	0	0	0	0	0.879
GRIN1	GRIA1	0	0	0	0	0	0	0	0	0	0	0.907
GRIN1	CAMK2A	0	0	0	0	0	0	0	0	0	0	0.911
GRIN1	CALML4	0	0	0	0	0	0	0	0	0	0	0.964
GRIN1	DLG4	0	0	0	0	0	0	0	0	0	0	0.998
GRIN1	GRIN2B	0	0	0	0	0	0	0	0	0	0	0.999
PTEN	UBE2D2	0	0	0	0	0	0	0	0	0	0	0.407
PTEN	CALML4	0	0	0	0	0	0	0	0	0	0	0.413
PTEN	SHANK3	0	0	0	0	0	0	0	0	0	0	0.483
PTEN	NLGN1	0	0	0	0	0	0	0	0	0	0	0.496
PTEN	GRIN2B	0	0	0	0	0	0	0	0	0	0	0.547
PTEN	NLGN4X	0	0	0	0	0	0	0	0	0	0	0.556
PTEN	UBE2L3	0	0	0	0	0	0	0	0	0	0	0.571
PTEN	DLG4	0	0	0	0	0	0	0	0	0	0	0.745
PTEN	CTNNB1	0	0	0	0	0	0	0	0	0	0	0.943
PTEN	PRKCZ	0	0	0	0	0	0	0	0	0	0	0.958
PTEN	UBE3A	0	0	0	0	0	0	0	0	0	0	0.96
PTEN	AKT1	0	0	0	0	0	0	0	0	0	0	0.988
PTEN	SPOP	0	0	0	0	0	0	0	0	0	0	0.99
PTEN	PIK3R1	0	0	0	0	0	0	0	0	0	0	0.997
DLGAP3	CAMK2A	0	0	0	0	0	0	0	0	0	0	0.451
DLGAP3	GRIA1	0	0	0	0	0	0	0	0	0	0	0.507
DLGAP3	NRXN3	0	0	0	0	0	0	0	0	0	0	0.634
DLGAP3	HOMER3	0	0	0	0	0	0	0	0	0	0	0.72
DLGAP3	NRXN1	0	0	0	0	0	0	0	0	0	0	0.733
DLGAP3	NLGN4X	0	0	0	0	0	0	0	0	0	0	0.737
DLGAP3	NLGN1	0	0	0	0	0	0	0	0	0	0	0.737
DLGAP3	GRIN2B	0	0	0	0	0	0	0	0	0	0	0.753
DLGAP3	DLG3	0	0	0	0	0	0	0	0	0	0	0.835
DLGAP3	DLG2	0	0	0	0	0	0	0	0	0	0	0.847
DLGAP3	DLGAP2	0	0	0	0	0	0	0	0	0	0	0.868
DLGAP3	SHANK3	0	0	0	0	0	0	0	0	0	0	0.992
DLGAP3	DLG4	0	0	0	0	0	0	0	0	0	0	0.993
UBE2D1	CTNNB1	0	0	0	0	0	0	0	0	0	0	0.456
UBE2D1	SPOP	0	0	0	0	0	0	0	0	0	0	0.505
UBE2D1	UBE2L3	0	0	0	0	0	0	0	0	0	0	0.654
UBE2D1	UBE2D2	0	0	0	0	0	0	0	0	0	0	0.943
UBE2D1	UBE3A	0	0	0	0	0	0	0	0	0	0	0.984
DLG3	GPHN	0	0	0	0	0	0	0	0	0	0	0.472
DLG3	SHISA9	0	0	0	0	0	0	0	0	0	0	0.513
DLG3	NRXN3	0	0	0	0	0	0	0	0	0	0	0.593
DLG3	HOMER3	0	0	0	0	0	0	0	0	0	0	0.633
DLG3	GRIA3	0	0	0	0	0	0	0	0	0	0	0.644
DLG3	CAMK2A	0	0	0	0	0	0	0	0	0	0	0.688
DLG3	NRXN1	0	0	0	0	0	0	0	0	0	0	0.717
DLG3	SHANK3	0	0	0	0	0	0	0	0	0	0	0.759
DLG3	GRIA1	0	0	0	0	0	0	0	0	0	0	0.815
DLG3	NLGN4X	0	0	0	0	0	0	0	0	0	0	0.863
DLG3	DLGAP2	0	0	0	0	0	0	0	0	0	0	0.872
DLG3	LLGL2	0	0	0	0	0	0	0	0	0	0	0.887
DLG3	NLGN1	0	0	0	0	0	0	0	0	0	0	0.892
DLG3	UBE3A	0	0	0	0	0	0	0	0	0	0	0.913
DLG3	DLG2	0	0	0	0	0	0	0	0	0	0	0.984
DLG3	DLG4	0	0	0	0	0	0	0	0	0	0	0.997
DLG3	GRIN2B	0	0	0	0	0	0	0	0	0	0	0.998
DLG2	CACNB4	0	0	0	0	0	0	0	0	0	0	0.455
DLG2	GPHN	0	0	0	0	0	0	0	0	0	0	0.607
DLG2	HOMER3	0	0	0	0	0	0	0	0	0	0	0.645
DLG2	GRIA3	0	0	0	0	0	0	0	0	0	0	0.655
DLG2	NRXN3	0	0	0	0	0	0	0	0	0	0	0.682
DLG2	CAMK2A	0	0	0	0	0	0	0	0	0	0	0.688
DLG2	NLGN4X	0	0	0	0	0	0	0	0	0	0	0.713
DLG2	NRXN1	0	0	0	0	0	0	0	0	0	0	0.778
DLG2	DLGAP2	0	0	0	0	0	0	0	0	0	0	0.811
DLG2	LLGL2	0	0	0	0	0	0	0	0	0	0	0.844
DLG2	NLGN1	0	0	0	0	0	0	0	0	0	0	0.868
DLG2	GRIA1	0	0	0	0	0	0	0	0	0	0	0.908
DLG2	UBE3A	0	0	0	0	0	0	0	0	0	0	0.913
DLG2	SHANK3	0	0	0	0	0	0	0	0	0	0	0.919
DLG2	DLG4	0	0	0	0	0	0	0	0	0	0	0.969
DLG2	GRIN2B	0	0	0	0	0	0	0	0	0	0	0.996
PRKCZ	CTNNB1	0	0	0	0	0	0	0	0	0	0	0.653
PRKCZ	PIK3R1	0	0	0	0	0	0	0	0	0	0	0.933
PRKCZ	AKT1	0	0	0	0	0	0	0	0	0	0	0.974
PRKCZ	LLGL2	0	0	0	0	0	0	0	0	0	0	0.994
NLGN4X	NXPH1	0	0	0	0	0	0	0	0	0	0	0.407
NLGN4X	PRNP	0	0	0	0	0	0	0	0	0	0	0.475
NLGN4X	CTNNB1	0	0	0	0	0	0	0	0	0	0	0.508
NLGN4X	GRIA1	0	0	0	0	0	0	0	0	0	0	0.514
NLGN4X	GRIN2B	0	0	0	0	0	0	0	0	0	0	0.546
NLGN4X	NLGN1	0	0	0	0	0	0	0	0	0	0	0.548
NLGN4X	MDGA1	0	0	0	0	0	0	0	0	0	0	0.613
NLGN4X	HOMER3	0	0	0	0	0	0	0	0	0	0	0.619
NLGN4X	UBE3A	0	0	0	0	0	0	0	0	0	0	0.633
NLGN4X	GPHN	0	0	0	0	0	0	0	0	0	0	0.767
NLGN4X	DLGAP2	0	0	0	0	0	0	0	0	0	0	0.841
NLGN4X	NRXN3	0	0	0	0	0	0	0	0	0	0	0.859
NLGN4X	SHANK3	0	0	0	0	0	0	0	0	0	0	0.995
NLGN4X	DLG4	0	0	0	0	0	0	0	0	0	0	0.995
NLGN4X	NRXN1	0	0	0	0	0	0	0	0	0	0	0.999
LLGL2	UBE3A	0	0	0	0	0	0	0	0	0	0	0.901
LLGL2	DLG4	0	0	0	0	0	0	0	0	0	0	0.982
SPOP	CTNNB1	0	0	0	0	0	0	0	0	0	0	0.407
SPOP	PIK3R1	0	0	0	0	0	0	0	0	0	0	0.421
SPOP	UBE2D2	0	0	0	0	0	0	0	0	0	0	0.662
UBE2D2	RAD23A	0	0	0	0	0	0	0	0	0	0	0.404
UBE2D2	CTNNB1	0	0	0	0	0	0	0	0	0	0	0.429
UBE2D2	UBE2L3	0	0	0	0	0	0	0	0	0	0	0.683
UBE2D2	UBE3A	0	0	0	0	0	0	0	0	0	0	0.984
NXPH1	NLGN1	0	0	0	0	0	0	0	0	0	0	0.525
NXPH1	NRXN3	0	0	0	0	0	0	0	0	0	0	0.671
NXPH1	NRXN1	0	0	0	0	0	0	0	0	0	0	0.973
NRXN1	GRIA3	0	0	0	0	0	0	0	0	0	0	0.509
NRXN1	UBE3A	0	0	0	0	0	0	0	0	0	0	0.532
NRXN1	CAMK2A	0	0	0	0	0	0	0	0	0	0	0.542
NRXN1	MDGA1	0	0	0	0	0	0	0	0	0	0	0.592
NRXN1	GRIA1	0	0	0	0	0	0	0	0	0	0	0.6
NRXN1	HOMER3	0	0	0	0	0	0	0	0	0	0	0.619
NRXN1	NRXN3	0	0	0	0	0	0	0	0	0	0	0.752
NRXN1	DLGAP2	0	0	0	0	0	0	0	0	0	0	0.803
NRXN1	GPHN	0	0	0	0	0	0	0	0	0	0	0.831
NRXN1	GRIN2B	0	0	0	0	0	0	0	0	0	0	0.832
NRXN1	SHANK3	0	0	0	0	0	0	0	0	0	0	0.961
NRXN1	DLG4	0	0	0	0	0	0	0	0	0	0	0.991
NRXN1	DAG1	0	0	0	0	0	0	0	0	0	0	0.998
NRXN1	NLGN1	0	0	0	0	0	0	0	0	0	0	0.999
NLGN1	CAMK2A	0	0	0	0	0	0	0	0	0	0	0.414
NLGN1	PRNP	0	0	0	0	0	0	0	0	0	0	0.538
NLGN1	UBE3A	0	0	0	0	0	0	0	0	0	0	0.548
NLGN1	CTNNB1	0	0	0	0	0	0	0	0	0	0	0.553
NLGN1	GRIA1	0	0	0	0	0	0	0	0	0	0	0.633
NLGN1	HOMER3	0	0	0	0	0	0	0	0	0	0	0.643
NLGN1	MDGA1	0	0	0	0	0	0	0	0	0	0	0.676
NLGN1	GPHN	0	0	0	0	0	0	0	0	0	0	0.722
NLGN1	GRIN2B	0	0	0	0	0	0	0	0	0	0	0.755
NLGN1	DLGAP2	0	0	0	0	0	0	0	0	0	0	0.811
NLGN1	NRXN3	0	0	0	0	0	0	0	0	0	0	0.964
NLGN1	SHANK3	0	0	0	0	0	0	0	0	0	0	0.978
NLGN1	DLG4	0	0	0	0	0	0	0	0	0	0	0.999
PRNP	AKT1	0	0	0	0	0	0	0	0	0	0	0.424
PRNP	GRIN2B	0	0	0	0	0	0	0	0	0	0	0.452
PRNP	DLG4	0	0	0	0	0	0	0	0	0	0	0.507
UBE2L3	RAD23A	0	0	0	0	0	0	0	0	0	0	0.437
UBE2L3	UBE3A	0	0	0	0	0	0	0	0	0	0	0.999
GPHN	NRXN3	0	0	0	0	0	0	0	0	0	0	0.404
GPHN	CAMK2A	0	0	0	0	0	0	0	0	0	0	0.418
GPHN	AKT1	0	0	0	0	0	0	0	0	0	0	0.472
GPHN	GRIN2B	0	0	0	0	0	0	0	0	0	0	0.526
GPHN	SHANK3	0	0	0	0	0	0	0	0	0	0	0.541
GPHN	GRIA1	0	0	0	0	0	0	0	0	0	0	0.621
GPHN	DLG4	0	0	0	0	0	0	0	0	0	0	0.884
CALML4	ADORA2A	0	0	0	0	0	0	0	0	0	0	0.446
CALML4	HOMER3	0	0	0	0	0	0	0	0	0	0	0.527
CALML4	GRIA1	0	0	0	0	0	0	0	0	0	0	0.586
CALML4	CTNNB1	0	0	0	0	0	0	0	0	0	0	0.631
CALML4	AKT1	0	0	0	0	0	0	0	0	0	0	0.713
CALML4	DLG4	0	0	0	0	0	0	0	0	0	0	0.892
CALML4	GRIN2B	0	0	0	0	0	0	0	0	0	0	0.926
CALML4	CAMK2A	0	0	0	0	0	0	0	0	0	0	0.999
PIK3R1	CTNNB1	0	0	0	0	0	0	0	0	0	0	0.858
PIK3R1	AKT1	0	0	0	0	0	0	0	0	0	0	0.995
GRIA1	NRXN3	0	0	0	0	0	0	0	0	0	0	0.404
GRIA1	DLGAP2	0	0	0	0	0	0	0	0	0	0	0.427
GRIA1	CACNB4	0	0	0	0	0	0	0	0	0	0	0.45
GRIA1	AKT1	0	0	0	0	0	0	0	0	0	0	0.48
GRIA1	UBE3A	0	0	0	0	0	0	0	0	0	0	0.592
GRIA1	SHANK3	0	0	0	0	0	0	0	0	0	0	0.623
GRIA1	GRIN2B	0	0	0	0	0	0	0	0	0	0	0.934
GRIA1	SHISA9	0	0	0	0	0	0	0	0	0	0	0.984
GRIA1	DLG4	0	0	0	0	0	0	0	0	0	0	0.994
GRIA1	GRIA3	0	0	0	0	0	0	0	0	0	0	0.999
GRIA1	CAMK2A	0	0	0	0	0	0	0	0	0	0	0.999
CACNB4	CAMK2A	0	0	0	0	0	0	0	0	0	0	0.717
HOMER3	AKT1	0	0	0	0	0	0	0	0	0	0	0.421
HOMER3	GRIN2B	0	0	0	0	0	0	0	0	0	0	0.466
HOMER3	NRXN3	0	0	0	0	0	0	0	0	0	0	0.516
HOMER3	DLGAP2	0	0	0	0	0	0	0	0	0	0	0.698
HOMER3	DLG4	0	0	0	0	0	0	0	0	0	0	0.868
HOMER3	SHANK3	0	0	0	0	0	0	0	0	0	0	0.884
DAG1	NRXN3	0	0	0	0	0	0	0	0	0	0	0.47
AKT1	ADORA2A	0	0	0	0	0	0	0	0	0	0	0.428
AKT1	GRIN2B	0	0	0	0	0	0	0	0	0	0	0.51
AKT1	SHANK3	0	0	0	0	0	0	0	0	0	0	0.548
AKT1	DLG4	0	0	0	0	0	0	0	0	0	0	0.747
AKT1	CTNNB1	0	0	0	0	0	0	0	0	0	0	0.979
SHISA9	GRIN2B	0	0	0	0	0	0	0	0	0	0	0.779
SHISA9	GRIA3	0	0	0	0	0	0	0	0	0	0	0.824
SHISA9	DLG4	0	0	0	0	0	0	0	0	0	0	0.858
RAD23A	UBE3A	0	0	0	0	0	0	0	0	0	0	0.974
GRIN2B	ADORA2A	0	0	0	0	0	0	0	0	0	0	0.414
GRIN2B	NRXN3	0	0	0	0	0	0	0	0	0	0	0.414
GRIN2B	DLGAP2	0	0	0	0	0	0	0	0	0	0	0.514
GRIN2B	CTNNB1	0	0	0	0	0	0	0	0	0	0	0.757
GRIN2B	SHANK3	0	0	0	0	0	0	0	0	0	0	0.785
GRIN2B	GRIA3	0	0	0	0	0	0	0	0	0	0	0.823
GRIN2B	DLG4	0	0	0	0	0	0	0	0	0	0	0.999
GRIN2B	CAMK2A	0	0	0	0	0	0	0	0	0	0	0.999
GRIA3	CAMK2A	0	0	0	0	0	0	0	0	0	0	0.808
GRIA3	DLG4	0	0	0	0	0	0	0	0	0	0	0.873
SHANK3	CAMK2A	0	0	0	0	0	0	0	0	0	0	0.509
SHANK3	UBE3A	0	0	0	0	0	0	0	0	0	0	0.647
SHANK3	NRXN3	0	0	0	0	0	0	0	0	0	0	0.703
SHANK3	DLGAP2	0	0	0	0	0	0	0	0	0	0	0.988
SHANK3	DLG4	0	0	0	0	0	0	0	0	0	0	0.996
NRXN3	CAMK2A	0	0	0	0	0	0	0	0	0	0	0.404
NRXN3	DLGAP2	0	0	0	0	0	0	0	0	0	0	0.645
NRXN3	DLG4	0	0	0	0	0	0	0	0	0	0	0.858
DLGAP2	CAMK2A	0	0	0	0	0	0	0	0	0	0	0.436
DLGAP2	DLG4	0	0	0	0	0	0	0	0	0	0	0.891
CTNNB1	DLG4	0	0	0	0	0	0	0	0	0	0	0.538
CTNNB1	UBE3A	0	0	0	0	0	0	0	0	0	0	0.974
UBE3A	DLG4	0	0	0	0	0	0	0	0	0	0	0.447
DLG4	CAMK2A	0	0	0	0	0	0	0	0	0	0	0.92
CBLN1	DLG4	0	0	0	0	0	0	0	0	0	0	0.402
CBLN1	NLGN3	0	0	0	0	0	0	0	0	0	0	0.507
CBLN1	NLGN2	0	0	0	0	0	0	0	0	0	0	0.559
CBLN1	NLGN4X	0	0	0	0	0	0	0	0	0	0	0.56
CBLN1	NRXN3	0	0	0	0	0	0	0	0	0	0	0.565
CBLN1	NLGN1	0	0	0	0	0	0	0	0	0	0	0.611
CBLN1	LRRTM2	0	0	0	0	0	0	0	0	0	0	0.717
CBLN1	NRXN2	0	0	0	0	0	0	0	0	0	0	0.989
CBLN1	NRXN1	0	0	0	0	0	0	0	0	0	0	0.994
TSC2	NLGN4X	0	0	0	0	0	0	0	0	0	0	0.459
TSC2	NLGN3	0	0	0	0	0	0	0	0	0	0	0.471
TSC2	PTK2	0	0	0	0	0	0	0	0	0	0	0.476
TSC2	CTNNB1	0	0	0	0	0	0	0	0	0	0	0.517
TSC2	PIK3R1	0	0	0	0	0	0	0	0	0	0	0.524
TSC2	SHANK3	0	0	0	0	0	0	0	0	0	0	0.537
TSC2	PIK3CA	0	0	0	0	0	0	0	0	0	0	0.687
TSC2	TP53	0	0	0	0	0	0	0	0	0	0	0.713
TSC2	PTEN	0	0	0	0	0	0	0	0	0	0	0.889
TSC2	UBE3A	0	0	0	0	0	0	0	0	0	0	0.981
TSC2	AKT1	0	0	0	0	0	0	0	0	0	0	0.99
CACNG1	CAMK2A	0	0	0	0	0	0	0	0	0	0	0.725
CACNG1	CACNB4	0	0	0	0	0	0	0	0	0	0	0.935
CACNG1	CACNG2	0	0	0	0	0	0	0	0	0	0	0.962
CACNG1	CACNG8	0	0	0	0	0	0	0	0	0	0	0.968
GRIN3B	GRM5	0	0	0	0	0	0	0	0	0	0	0.419
GRIN3B	GRM1	0	0	0	0	0	0	0	0	0	0	0.466
GRIN3B	DLG3	0	0	0	0	0	0	0	0	0	0	0.598
GRIN3B	CNIH2	0	0	0	0	0	0	0	0	0	0	0.746
GRIN3B	SHISA9	0	0	0	0	0	0	0	0	0	0	0.748
GRIN3B	CACNG8	0	0	0	0	0	0	0	0	0	0	0.758
GRIN3B	GRIA2	0	0	0	0	0	0	0	0	0	0	0.787
GRIN3B	GRIA3	0	0	0	0	0	0	0	0	0	0	0.791
GRIN3B	GRIA4	0	0	0	0	0	0	0	0	0	0	0.811
GRIN3B	GRIA1	0	0	0	0	0	0	0	0	0	0	0.84
GRIN3B	CACNG2	0	0	0	0	0	0	0	0	0	0	0.845
GRIN3B	DLG4	0	0	0	0	0	0	0	0	0	0	0.942
GRIN3B	GRIN3A	0	0	0	0	0	0	0	0	0	0	0.995
GRIN3B	GRIN2C	0	0	0	0	0	0	0	0	0	0	0.996
GRIN3B	GRIN2B	0	0	0	0	0	0	0	0	0	0	0.996
GRIN3B	GRIN2D	0	0	0	0	0	0	0	0	0	0	0.996
GRIN3B	GRIN2A	0	0	0	0	0	0	0	0	0	0	0.998
GRIN3B	GRIN1	0	0	0	0	0	0	0	0	0	0	0.999
GRIN2D	DLGAP3	0	0	0	0	0	0	0	0	0	0	0.451
GRIN2D	GRM5	0	0	0	0	0	0	0	0	0	0	0.556
GRIN2D	DLG1	0	0	0	0	0	0	0	0	0	0	0.604
GRIN2D	CAMK2A	0	0	0	0	0	0	0	0	0	0	0.607
GRIN2D	DLGAP1	0	0	0	0	0	0	0	0	0	0	0.617
GRIN2D	DLG2	0	0	0	0	0	0	0	0	0	0	0.634
GRIN2D	DLG3	0	0	0	0	0	0	0	0	0	0	0.659
GRIN2D	GRM1	0	0	0	0	0	0	0	0	0	0	0.678
GRIN2D	CALML4	0	0	0	0	0	0	0	0	0	0	0.74
GRIN2D	CALML3	0	0	0	0	0	0	0	0	0	0	0.74
GRIN2D	CALM3	0	0	0	0	0	0	0	0	0	0	0.755
GRIN2D	CNIH2	0	0	0	0	0	0	0	0	0	0	0.761
GRIN2D	SHISA9	0	0	0	0	0	0	0	0	0	0	0.767
GRIN2D	CACNG8	0	0	0	0	0	0	0	0	0	0	0.778
GRIN2D	PRNP	0	0	0	0	0	0	0	0	0	0	0.779
GRIN2D	CACNG2	0	0	0	0	0	0	0	0	0	0	0.795
GRIN2D	GRIA3	0	0	0	0	0	0	0	0	0	0	0.799
GRIN2D	GRIA2	0	0	0	0	0	0	0	0	0	0	0.8
GRIN2D	GRIA1	0	0	0	0	0	0	0	0	0	0	0.816
GRIN2D	GRIA4	0	0	0	0	0	0	0	0	0	0	0.864
GRIN2D	DLG4	0	0	0	0	0	0	0	0	0	0	0.976
GRIN2D	GRIN3A	0	0	0	0	0	0	0	0	0	0	0.998
GRIN2D	GRIN2B	0	0	0	0	0	0	0	0	0	0	0.998
GRIN2D	GRIN2A	0	0	0	0	0	0	0	0	0	0	0.998
GRIN2D	GRIN2C	0	0	0	0	0	0	0	0	0	0	0.998
GRIN2D	GRIN1	0	0	0	0	0	0	0	0	0	0	0.999
PIK3CA	CALML4	0	0	0	0	0	0	0	0	0	0	0.517
PIK3CA	CALML3	0	0	0	0	0	0	0	0	0	0	0.518
PIK3CA	SPOP	0	0	0	0	0	0	0	0	0	0	0.523
PIK3CA	DLG1	0	0	0	0	0	0	0	0	0	0	0.569
PIK3CA	PREX2	0	0	0	0	0	0	0	0	0	0	0.58
PIK3CA	GNAQ	0	0	0	0	0	0	0	0	0	0	0.901
PIK3CA	CTNNB1	0	0	0	0	0	0	0	0	0	0	0.901
PIK3CA	PRKCZ	0	0	0	0	0	0	0	0	0	0	0.925
PIK3CA	TP53	0	0	0	0	0	0	0	0	0	0	0.941
PIK3CA	FYN	0	0	0	0	0	0	0	0	0	0	0.951
PIK3CA	PRKCI	0	0	0	0	0	0	0	0	0	0	0.952
PIK3CA	PTK2	0	0	0	0	0	0	0	0	0	0	0.97
PIK3CA	PTEN	0	0	0	0	0	0	0	0	0	0	0.995
PIK3CA	AKT1	0	0	0	0	0	0	0	0	0	0	0.998
PIK3CA	PIK3R1	0	0	0	0	0	0	0	0	0	0	0.999
NRXN2	CACNG2	0	0	0	0	0	0	0	0	0	0	0.408
NRXN2	GRIN1	0	0	0	0	0	0	0	0	0	0	0.436
NRXN2	GRIN2A	0	0	0	0	0	0	0	0	0	0	0.452
NRXN2	DLG1	0	0	0	0	0	0	0	0	0	0	0.457
NRXN2	CAMK2A	0	0	0	0	0	0	0	0	0	0	0.507
NRXN2	GRIN2B	0	0	0	0	0	0	0	0	0	0	0.516
NRXN2	GRIA1	0	0	0	0	0	0	0	0	0	0	0.538
NRXN2	NRXN3	0	0	0	0	0	0	0	0	0	0	0.585
NRXN2	HOMER2	0	0	0	0	0	0	0	0	0	0	0.592
NRXN2	EPB41L1	0	0	0	0	0	0	0	0	0	0	0.599
NRXN2	GRIA2	0	0	0	0	0	0	0	0	0	0	0.607
NRXN2	MDGA1	0	0	0	0	0	0	0	0	0	0	0.612
NRXN2	HOMER3	0	0	0	0	0	0	0	0	0	0	0.619
NRXN2	GRM1	0	0	0	0	0	0	0	0	0	0	0.676
NRXN2	GRIA4	0	0	0	0	0	0	0	0	0	0	0.684
NRXN2	HOMER1	0	0	0	0	0	0	0	0	0	0	0.687
NRXN2	DLG3	0	0	0	0	0	0	0	0	0	0	0.713
NRXN2	GRM5	0	0	0	0	0	0	0	0	0	0	0.713
NRXN2	DLGAP2	0	0	0	0	0	0	0	0	0	0	0.714
NRXN2	DLGAP3	0	0	0	0	0	0	0	0	0	0	0.719
NRXN2	DLG2	0	0	0	0	0	0	0	0	0	0	0.741
NRXN2	DLGAP1	0	0	0	0	0	0	0	0	0	0	0.743
NRXN2	NXPH1	0	0	0	0	0	0	0	0	0	0	0.827
NRXN2	GPHN	0	0	0	0	0	0	0	0	0	0	0.831
NRXN2	SHANK1	0	0	0	0	0	0	0	0	0	0	0.876
NRXN2	SHANK2	0	0	0	0	0	0	0	0	0	0	0.88
NRXN2	SHANK3	0	0	0	0	0	0	0	0	0	0	0.897
NRXN2	NRXN1	0	0	0	0	0	0	0	0	0	0	0.922
NRXN2	DLG4	0	0	0	0	0	0	0	0	0	0	0.987
NRXN2	LRRTM2	0	0	0	0	0	0	0	0	0	0	0.993
NRXN2	DAG1	0	0	0	0	0	0	0	0	0	0	0.997
NRXN2	NLGN2	0	0	0	0	0	0	0	0	0	0	0.999
NRXN2	NLGN1	0	0	0	0	0	0	0	0	0	0	0.999
NRXN2	NLGN3	0	0	0	0	0	0	0	0	0	0	0.999
NRXN2	NLGN4Y	0	0	0	0	0	0	0	0	0	0	0.999
NRXN2	NLGN4X	0	0	0	0	0	0	0	0	0	0	0.999
TP53	GNAQ	0	0	0	0	0	0	0	0	0	0	0.479
TP53	UBE2L3	0	0	0	0	0	0	0	0	0	0	0.5
TP53	CALM3	0	0	0	0	0	0	0	0	0	0	0.508
TP53	UBE2D2	0	0	0	0	0	0	0	0	0	0	0.531
TP53	DLG1	0	0	0	0	0	0	0	0	0	0	0.533
TP53	SPOP	0	0	0	0	0	0	0	0	0	0	0.571
TP53	UBE2D1	0	0	0	0	0	0	0	0	0	0	0.578
TP53	SCRIB	0	0	0	0	0	0	0	0	0	0	0.587
TP53	CALML4	0	0	0	0	0	0	0	0	0	0	0.657
TP53	RAD23A	0	0	0	0	0	0	0	0	0	0	0.657
TP53	CALML3	0	0	0	0	0	0	0	0	0	0	0.657
TP53	FYN	0	0	0	0	0	0	0	0	0	0	0.657
TP53	PRKCI	0	0	0	0	0	0	0	0	0	0	0.661
TP53	DLG4	0	0	0	0	0	0	0	0	0	0	0.734
TP53	PIK3R1	0	0	0	0	0	0	0	0	0	0	0.853
TP53	PSMD4	0	0	0	0	0	0	0	0	0	0	0.88
TP53	CTNNB1	0	0	0	0	0	0	0	0	0	0	0.927
TP53	PTK2	0	0	0	0	0	0	0	0	0	0	0.928
TP53	PRKCZ	0	0	0	0	0	0	0	0	0	0	0.933
TP53	AKT1	0	0	0	0	0	0	0	0	0	0	0.994
TP53	UBE3A	0	0	0	0	0	0	0	0	0	0	0.999
TP53	PTEN	0	0	0	0	0	0	0	0	0	0	0.999
CACNG8	EPB41L1	0	0	0	0	0	0	0	0	0	0	0.46
CACNG8	NLGN1	0	0	0	0	0	0	0	0	0	0	0.514
CACNG8	DLG1	0	0	0	0	0	0	0	0	0	0	0.584
CACNG8	DLG3	0	0	0	0	0	0	0	0	0	0	0.649
CACNG8	GRIN3A	0	0	0	0	0	0	0	0	0	0	0.743
CACNG8	CACNG2	0	0	0	0	0	0	0	0	0	0	0.748
CACNG8	GRIN2C	0	0	0	0	0	0	0	0	0	0	0.761
CACNG8	CAMK2A	0	0	0	0	0	0	0	0	0	0	0.782
CACNG8	GRIN1	0	0	0	0	0	0	0	0	0	0	0.799
CACNG8	GRIN2A	0	0	0	0	0	0	0	0	0	0	0.812
CACNG8	GRIN2B	0	0	0	0	0	0	0	0	0	0	0.822
CACNG8	DLG4	0	0	0	0	0	0	0	0	0	0	0.901
CACNG8	GRIA3	0	0	0	0	0	0	0	0	0	0	0.936
CACNG8	GRIA4	0	0	0	0	0	0	0	0	0	0	0.936
CACNG8	CACNB4	0	0	0	0	0	0	0	0	0	0	0.94
CACNG8	SHISA9	0	0	0	0	0	0	0	0	0	0	0.948
CACNG8	CNIH2	0	0	0	0	0	0	0	0	0	0	0.99
CACNG8	GRIA2	0	0	0	0	0	0	0	0	0	0	0.994
CACNG8	GRIA1	0	0	0	0	0	0	0	0	0	0	0.996
LRRTM2	MDGA1	0	0	0	0	0	0	0	0	0	0	0.419
LRRTM2	GPHN	0	0	0	0	0	0	0	0	0	0	0.464
LRRTM2	NLGN4Y	0	0	0	0	0	0	0	0	0	0	0.474
LRRTM2	GRIA1	0	0	0	0	0	0	0	0	0	0	0.493
LRRTM2	NLGN2	0	0	0	0	0	0	0	0	0	0	0.65
LRRTM2	GRIA2	0	0	0	0	0	0	0	0	0	0	0.681
LRRTM2	NLGN4X	0	0	0	0	0	0	0	0	0	0	0.724
LRRTM2	NLGN3	0	0	0	0	0	0	0	0	0	0	0.725
LRRTM2	NLGN1	0	0	0	0	0	0	0	0	0	0	0.815
LRRTM2	DLG4	0	0	0	0	0	0	0	0	0	0	0.902
LRRTM2	NRXN3	0	0	0	0	0	0	0	0	0	0	0.92
LRRTM2	NRXN1	0	0	0	0	0	0	0	0	0	0	0.997
GRIA4	HOMER1	0	0	0	0	0	0	0	0	0	0	0.42
GRIA4	NXPH1	0	0	0	0	0	0	0	0	0	0	0.421
GRIA4	DLGAP1	0	0	0	0	0	0	0	0	0	0	0.423
GRIA4	SHANK1	0	0	0	0	0	0	0	0	0	0	0.45
GRIA4	NLGN1	0	0	0	0	0	0	0	0	0	0	0.496
GRIA4	SHANK2	0	0	0	0	0	0	0	0	0	0	0.579
GRIA4	DLG3	0	0	0	0	0	0	0	0	0	0	0.646
GRIA4	GRM1	0	0	0	0	0	0	0	0	0	0	0.653
GRIA4	GRM5	0	0	0	0	0	0	0	0	0	0	0.667
GRIA4	NRXN1	0	0	0	0	0	0	0	0	0	0	0.688
GRIA4	DLG2	0	0	0	0	0	0	0	0	0	0	0.698
GRIA4	EPB41L1	0	0	0	0	0	0	0	0	0	0	0.807
GRIA4	CAMK2A	0	0	0	0	0	0	0	0	0	0	0.814
GRIA4	GRIN2C	0	0	0	0	0	0	0	0	0	0	0.824
GRIA4	DLG1	0	0	0	0	0	0	0	0	0	0	0.828
GRIA4	DLG4	0	0	0	0	0	0	0	0	0	0	0.829
GRIA4	GRIN2B	0	0	0	0	0	0	0	0	0	0	0.853
GRIA4	GRIN3A	0	0	0	0	0	0	0	0	0	0	0.878
GRIA4	GRIN1	0	0	0	0	0	0	0	0	0	0	0.886
GRIA4	GRIN2A	0	0	0	0	0	0	0	0	0	0	0.898
GRIA4	SHISA9	0	0	0	0	0	0	0	0	0	0	0.919
GRIA4	CNIH2	0	0	0	0	0	0	0	0	0	0	0.94
GRIA4	CACNG2	0	0	0	0	0	0	0	0	0	0	0.975
GRIA4	GRIA3	0	0	0	0	0	0	0	0	0	0	0.997
GRIA4	GRIA1	0	0	0	0	0	0	0	0	0	0	0.997
GRIA4	GRIA2	0	0	0	0	0	0	0	0	0	0	0.999
GRM1	AKT1	0	0	0	0	0	0	0	0	0	0	0.421
GRM1	CALML4	0	0	0	0	0	0	0	0	0	0	0.427
GRM1	CALML3	0	0	0	0	0	0	0	0	0	0	0.432
GRM1	CALM3	0	0	0	0	0	0	0	0	0	0	0.445
GRM1	FYN	0	0	0	0	0	0	0	0	0	0	0.45
GRM1	DLG1	0	0	0	0	0	0	0	0	0	0	0.46
GRM1	PIK3R1	0	0	0	0	0	0	0	0	0	0	0.48
GRM1	GRIN3A	0	0	0	0	0	0	0	0	0	0	0.537
GRM1	NLGN4Y	0	0	0	0	0	0	0	0	0	0	0.573
GRM1	DLG3	0	0	0	0	0	0	0	0	0	0	0.598
GRM1	GRIA3	0	0	0	0	0	0	0	0	0	0	0.602
GRM1	NLGN2	0	0	0	0	0	0	0	0	0	0	0.61
GRM1	GRIN2C	0	0	0	0	0	0	0	0	0	0	0.616
GRM1	NLGN4X	0	0	0	0	0	0	0	0	0	0	0.624
GRM1	DLGAP2	0	0	0	0	0	0	0	0	0	0	0.628
GRM1	DLG2	0	0	0	0	0	0	0	0	0	0	0.64
GRM1	NLGN3	0	0	0	0	0	0	0	0	0	0	0.648
GRM1	NLGN1	0	0	0	0	0	0	0	0	0	0	0.652
GRM1	GRIN1	0	0	0	0	0	0	0	0	0	0	0.659
GRM1	NRXN3	0	0	0	0	0	0	0	0	0	0	0.687
GRM1	DLGAP3	0	0	0	0	0	0	0	0	0	0	0.688
GRM1	NRXN1	0	0	0	0	0	0	0	0	0	0	0.705
GRM1	SHANK2	0	0	0	0	0	0	0	0	0	0	0.714
GRM1	GRIN2A	0	0	0	0	0	0	0	0	0	0	0.738
GRM1	GRIN2B	0	0	0	0	0	0	0	0	0	0	0.758
GRM1	SHANK3	0	0	0	0	0	0	0	0	0	0	0.788
GRM1	GRIA2	0	0	0	0	0	0	0	0	0	0	0.809
GRM1	GRIA1	0	0	0	0	0	0	0	0	0	0	0.849
GRM1	DLG4	0	0	0	0	0	0	0	0	0	0	0.862
GRM1	SHANK1	0	0	0	0	0	0	0	0	0	0	0.899
GRM1	DLGAP1	0	0	0	0	0	0	0	0	0	0	0.938
GRM1	CAMK2A	0	0	0	0	0	0	0	0	0	0	0.968
GRM1	GRM5	0	0	0	0	0	0	0	0	0	0	0.977
GRM1	HOMER2	0	0	0	0	0	0	0	0	0	0	0.989
GRM1	HOMER3	0	0	0	0	0	0	0	0	0	0	0.99
GRM1	GNAQ	0	0	0	0	0	0	0	0	0	0	0.998
GRM1	HOMER1	0	0	0	0	0	0	0	0	0	0	0.998
GNAQ	CTNNB1	0	0	0	0	0	0	0	0	0	0	0.56
GNAQ	PTEN	0	0	0	0	0	0	0	0	0	0	0.567
GNAQ	CALML4	0	0	0	0	0	0	0	0	0	0	0.57
GNAQ	CALML3	0	0	0	0	0	0	0	0	0	0	0.581
GNAQ	CALM3	0	0	0	0	0	0	0	0	0	0	0.593
GNAQ	AKT1	0	0	0	0	0	0	0	0	0	0	0.775
GNAQ	PIK3R1	0	0	0	0	0	0	0	0	0	0	0.854
GNAQ	ADORA2A	0	0	0	0	0	0	0	0	0	0	0.959
GNAQ	GRM5	0	0	0	0	0	0	0	0	0	0	0.999
PREX2	AKT1	0	0	0	0	0	0	0	0	0	0	0.444
PREX2	PTEN	0	0	0	0	0	0	0	0	0	0	0.99
CALM3	GRIA2	0	0	0	0	0	0	0	0	0	0	0.434
CALM3	PTEN	0	0	0	0	0	0	0	0	0	0	0.451
CALM3	DLG1	0	0	0	0	0	0	0	0	0	0	0.457
CALM3	CACNB4	0	0	0	0	0	0	0	0	0	0	0.463
CALM3	MAST2	0	0	0	0	0	0	0	0	0	0	0.471
CALM3	PIK3R1	0	0	0	0	0	0	0	0	0	0	0.513
CALM3	GRIN3A	0	0	0	0	0	0	0	0	0	0	0.515
CALM3	ADORA2A	0	0	0	0	0	0	0	0	0	0	0.515
CALM3	HOMER2	0	0	0	0	0	0	0	0	0	0	0.517
CALM3	CTNNB1	0	0	0	0	0	0	0	0	0	0	0.528
CALM3	HOMER3	0	0	0	0	0	0	0	0	0	0	0.533
CALM3	GRIA1	0	0	0	0	0	0	0	0	0	0	0.583
CALM3	HOMER1	0	0	0	0	0	0	0	0	0	0	0.63
CALM3	FYN	0	0	0	0	0	0	0	0	0	0	0.685
CALM3	GRM5	0	0	0	0	0	0	0	0	0	0	0.688
CALM3	GRIN2C	0	0	0	0	0	0	0	0	0	0	0.758
CALM3	AKT1	0	0	0	0	0	0	0	0	0	0	0.802
CALM3	GRIN2A	0	0	0	0	0	0	0	0	0	0	0.901
CALM3	GRIN2B	0	0	0	0	0	0	0	0	0	0	0.91
CALM3	DLG4	0	0	0	0	0	0	0	0	0	0	0.989
CALM3	CALML4	0	0	0	0	0	0	0	0	0	0	0.996
CALM3	GRIN1	0	0	0	0	0	0	0	0	0	0	0.996
CALM3	CALML3	0	0	0	0	0	0	0	0	0	0	0.996
CALM3	CAMK2A	0	0	0	0	0	0	0	0	0	0	0.999
GRIN2C	MAGI2	0	0	0	0	0	0	0	0	0	0	0.409
GRIN2C	SHANK1	0	0	0	0	0	0	0	0	0	0	0.416
GRIN2C	GRM5	0	0	0	0	0	0	0	0	0	0	0.621
GRIN2C	DLG1	0	0	0	0	0	0	0	0	0	0	0.681
GRIN2C	SHISA9	0	0	0	0	0	0	0	0	0	0	0.733
GRIN2C	CAMK2A	0	0	0	0	0	0	0	0	0	0	0.735
GRIN2C	CALML3	0	0	0	0	0	0	0	0	0	0	0.741
GRIN2C	CALML4	0	0	0	0	0	0	0	0	0	0	0.741
GRIN2C	CNIH2	0	0	0	0	0	0	0	0	0	0	0.765
GRIN2C	GRIA3	0	0	0	0	0	0	0	0	0	0	0.809
GRIN2C	CACNG2	0	0	0	0	0	0	0	0	0	0	0.817
GRIN2C	DLG2	0	0	0	0	0	0	0	0	0	0	0.818
GRIN2C	GRIA2	0	0	0	0	0	0	0	0	0	0	0.822
GRIN2C	GRIA1	0	0	0	0	0	0	0	0	0	0	0.829
GRIN2C	DLG3	0	0	0	0	0	0	0	0	0	0	0.872
GRIN2C	DLG4	0	0	0	0	0	0	0	0	0	0	0.99
GRIN2C	GRIN2A	0	0	0	0	0	0	0	0	0	0	0.998
GRIN2C	GRIN2B	0	0	0	0	0	0	0	0	0	0	0.998
GRIN2C	GRIN3A	0	0	0	0	0	0	0	0	0	0	0.998
GRIN2C	GRIN1	0	0	0	0	0	0	0	0	0	0	0.999
SHANK1	GPHN	0	0	0	0	0	0	0	0	0	0	0.416
SHANK1	CACNG2	0	0	0	0	0	0	0	0	0	0	0.418
SHANK1	MAGI2	0	0	0	0	0	0	0	0	0	0	0.418
SHANK1	DLG1	0	0	0	0	0	0	0	0	0	0	0.446
SHANK1	CAMK2A	0	0	0	0	0	0	0	0	0	0	0.533
SHANK1	GRIA2	0	0	0	0	0	0	0	0	0	0	0.563
SHANK1	GRIN1	0	0	0	0	0	0	0	0	0	0	0.596
SHANK1	GRIA1	0	0	0	0	0	0	0	0	0	0	0.619
SHANK1	NRXN3	0	0	0	0	0	0	0	0	0	0	0.696
SHANK1	GRIN2A	0	0	0	0	0	0	0	0	0	0	0.742
SHANK1	GRIN2B	0	0	0	0	0	0	0	0	0	0	0.752
SHANK1	NLGN4Y	0	0	0	0	0	0	0	0	0	0	0.76
SHANK1	DLG3	0	0	0	0	0	0	0	0	0	0	0.778
SHANK1	DLGAP2	0	0	0	0	0	0	0	0	0	0	0.841
SHANK1	NLGN2	0	0	0	0	0	0	0	0	0	0	0.868
SHANK1	DLG2	0	0	0	0	0	0	0	0	0	0	0.878
SHANK1	NRXN1	0	0	0	0	0	0	0	0	0	0	0.887
SHANK1	NLGN4X	0	0	0	0	0	0	0	0	0	0	0.894
SHANK1	NLGN3	0	0	0	0	0	0	0	0	0	0	0.904
SHANK1	DLGAP3	0	0	0	0	0	0	0	0	0	0	0.92
SHANK1	NLGN1	0	0	0	0	0	0	0	0	0	0	0.926
SHANK1	HOMER2	0	0	0	0	0	0	0	0	0	0	0.927
SHANK1	GRM5	0	0	0	0	0	0	0	0	0	0	0.939
SHANK1	HOMER3	0	0	0	0	0	0	0	0	0	0	0.966
SHANK1	SHANK2	0	0	0	0	0	0	0	0	0	0	0.968
SHANK1	SHANK3	0	0	0	0	0	0	0	0	0	0	0.982
SHANK1	HOMER1	0	0	0	0	0	0	0	0	0	0	0.984
SHANK1	DLG4	0	0	0	0	0	0	0	0	0	0	0.992
SHANK1	DLGAP1	0	0	0	0	0	0	0	0	0	0	0.996
PRKCI	PIK3R1	0	0	0	0	0	0	0	0	0	0	0.919
PRKCI	PTEN	0	0	0	0	0	0	0	0	0	0	0.933
PRKCI	PRKCZ	0	0	0	0	0	0	0	0	0	0	0.989
PRKCI	LLGL1	0	0	0	0	0	0	0	0	0	0	0.993
PRKCI	LLGL2	0	0	0	0	0	0	0	0	0	0	0.996
GRIA2	DLGAP3	0	0	0	0	0	0	0	0	0	0	0.401
GRIA2	CALML4	0	0	0	0	0	0	0	0	0	0	0.404
GRIA2	PIK3R1	0	0	0	0	0	0	0	0	0	0	0.415
GRIA2	NRXN3	0	0	0	0	0	0	0	0	0	0	0.416
GRIA2	DLGAP2	0	0	0	0	0	0	0	0	0	0	0.422
GRIA2	NLGN4Y	0	0	0	0	0	0	0	0	0	0	0.426
GRIA2	NLGN4X	0	0	0	0	0	0	0	0	0	0	0.485
GRIA2	EPB41L1	0	0	0	0	0	0	0	0	0	0	0.485
GRIA2	NLGN2	0	0	0	0	0	0	0	0	0	0	0.516
GRIA2	GPHN	0	0	0	0	0	0	0	0	0	0	0.52
GRIA2	NLGN3	0	0	0	0	0	0	0	0	0	0	0.535
GRIA2	SHANK3	0	0	0	0	0	0	0	0	0	0	0.573
GRIA2	HOMER1	0	0	0	0	0	0	0	0	0	0	0.596
GRIA2	CTNNB1	0	0	0	0	0	0	0	0	0	0	0.615
GRIA2	SHANK2	0	0	0	0	0	0	0	0	0	0	0.637
GRIA2	NLGN1	0	0	0	0	0	0	0	0	0	0	0.64
GRIA2	NRXN1	0	0	0	0	0	0	0	0	0	0	0.695
GRIA2	DLGAP1	0	0	0	0	0	0	0	0	0	0	0.722
GRIA2	DLG3	0	0	0	0	0	0	0	0	0	0	0.789
GRIA2	DLG1	0	0	0	0	0	0	0	0	0	0	0.809
GRIA2	DLG2	0	0	0	0	0	0	0	0	0	0	0.815
GRIA2	GRIN3A	0	0	0	0	0	0	0	0	0	0	0.845
GRIA2	GRM5	0	0	0	0	0	0	0	0	0	0	0.852
GRIA2	SHISA9	0	0	0	0	0	0	0	0	0	0	0.855
GRIA2	GRIN2B	0	0	0	0	0	0	0	0	0	0	0.885
GRIA2	GRIN1	0	0	0	0	0	0	0	0	0	0	0.901
GRIA2	GRIN2A	0	0	0	0	0	0	0	0	0	0	0.933
GRIA2	DLG4	0	0	0	0	0	0	0	0	0	0	0.968
GRIA2	CAMK2A	0	0	0	0	0	0	0	0	0	0	0.977
GRIA2	CNIH2	0	0	0	0	0	0	0	0	0	0	0.99
GRIA2	CACNG2	0	0	0	0	0	0	0	0	0	0	0.995
GRIA2	GRIA1	0	0	0	0	0	0	0	0	0	0	0.999
GRIA2	GRIA3	0	0	0	0	0	0	0	0	0	0	0.999
CACNG2	NLGN1	0	0	0	0	0	0	0	0	0	0	0.413
CACNG2	NRXN1	0	0	0	0	0	0	0	0	0	0	0.435
CACNG2	HOMER1	0	0	0	0	0	0	0	0	0	0	0.446
CACNG2	EPB41L1	0	0	0	0	0	0	0	0	0	0	0.67
CACNG2	DLGAP1	0	0	0	0	0	0	0	0	0	0	0.751
CACNG2	DLG2	0	0	0	0	0	0	0	0	0	0	0.783
CACNG2	CAMK2A	0	0	0	0	0	0	0	0	0	0	0.808
CACNG2	GRIN3A	0	0	0	0	0	0	0	0	0	0	0.852
CACNG2	GRIN2A	0	0	0	0	0	0	0	0	0	0	0.88
CACNG2	GRIN2B	0	0	0	0	0	0	0	0	0	0	0.893
CACNG2	GRIN1	0	0	0	0	0	0	0	0	0	0	0.894
CACNG2	DLG3	0	0	0	0	0	0	0	0	0	0	0.9
CACNG2	CNIH2	0	0	0	0	0	0	0	0	0	0	0.906
CACNG2	MAGI2	0	0	0	0	0	0	0	0	0	0	0.915
CACNG2	DLG1	0	0	0	0	0	0	0	0	0	0	0.941
CACNG2	CACNB4	0	0	0	0	0	0	0	0	0	0	0.951
CACNG2	SHISA9	0	0	0	0	0	0	0	0	0	0	0.973
CACNG2	GRIA3	0	0	0	0	0	0	0	0	0	0	0.984
CACNG2	DLG4	0	0	0	0	0	0	0	0	0	0	0.999
CACNG2	GRIA1	0	0	0	0	0	0	0	0	0	0	0.999
NLGN2	CAMK2A	0	0	0	0	0	0	0	0	0	0	0.411
NLGN2	NXPH1	0	0	0	0	0	0	0	0	0	0	0.414
NLGN2	DLG1	0	0	0	0	0	0	0	0	0	0	0.44
NLGN2	PTEN	0	0	0	0	0	0	0	0	0	0	0.455
NLGN2	GRIN1	0	0	0	0	0	0	0	0	0	0	0.469
NLGN2	PRNP	0	0	0	0	0	0	0	0	0	0	0.485
NLGN2	GRIN2B	0	0	0	0	0	0	0	0	0	0	0.496
NLGN2	CTNNB1	0	0	0	0	0	0	0	0	0	0	0.499
NLGN2	GRIN2A	0	0	0	0	0	0	0	0	0	0	0.521
NLGN2	NLGN4Y	0	0	0	0	0	0	0	0	0	0	0.525
NLGN2	GRIA1	0	0	0	0	0	0	0	0	0	0	0.532
NLGN2	DAG1	0	0	0	0	0	0	0	0	0	0	0.59
NLGN2	EPB41L1	0	0	0	0	0	0	0	0	0	0	0.624
NLGN2	HOMER2	0	0	0	0	0	0	0	0	0	0	0.647
NLGN2	GRM5	0	0	0	0	0	0	0	0	0	0	0.668
NLGN2	NLGN3	0	0	0	0	0	0	0	0	0	0	0.683
NLGN2	HOMER3	0	0	0	0	0	0	0	0	0	0	0.697
NLGN2	HOMER1	0	0	0	0	0	0	0	0	0	0	0.699
NLGN2	NLGN4X	0	0	0	0	0	0	0	0	0	0	0.704
NLGN2	NLGN1	0	0	0	0	0	0	0	0	0	0	0.704
NLGN2	DLGAP3	0	0	0	0	0	0	0	0	0	0	0.709
NLGN2	DLGAP2	0	0	0	0	0	0	0	0	0	0	0.715
NLGN2	DLG2	0	0	0	0	0	0	0	0	0	0	0.784
NLGN2	MAGI2	0	0	0	0	0	0	0	0	0	0	0.813
NLGN2	DLGAP1	0	0	0	0	0	0	0	0	0	0	0.844
NLGN2	SHANK2	0	0	0	0	0	0	0	0	0	0	0.868
NLGN2	DLG3	0	0	0	0	0	0	0	0	0	0	0.883
NLGN2	SHANK3	0	0	0	0	0	0	0	0	0	0	0.935
NLGN2	GPHN	0	0	0	0	0	0	0	0	0	0	0.968
NLGN2	NRXN3	0	0	0	0	0	0	0	0	0	0	0.978
NLGN2	MDGA1	0	0	0	0	0	0	0	0	0	0	0.994
NLGN2	DLG4	0	0	0	0	0	0	0	0	0	0	0.998
NLGN2	NRXN1	0	0	0	0	0	0	0	0	0	0	0.999
HOMER2	GRIA1	0	0	0	0	0	0	0	0	0	0	0.4
HOMER2	GRIN1	0	0	0	0	0	0	0	0	0	0	0.42
HOMER2	GRIN2A	0	0	0	0	0	0	0	0	0	0	0.478
HOMER2	GRIN2B	0	0	0	0	0	0	0	0	0	0	0.502
HOMER2	CALML4	0	0	0	0	0	0	0	0	0	0	0.507
HOMER2	CALML3	0	0	0	0	0	0	0	0	0	0	0.518
HOMER2	NLGN4X	0	0	0	0	0	0	0	0	0	0	0.596
HOMER2	NRXN1	0	0	0	0	0	0	0	0	0	0	0.605
HOMER2	NLGN4Y	0	0	0	0	0	0	0	0	0	0	0.607
HOMER2	DLG2	0	0	0	0	0	0	0	0	0	0	0.61
HOMER2	DLG3	0	0	0	0	0	0	0	0	0	0	0.613
HOMER2	NLGN1	0	0	0	0	0	0	0	0	0	0	0.618
HOMER2	DLGAP2	0	0	0	0	0	0	0	0	0	0	0.637
HOMER2	AKT1	0	0	0	0	0	0	0	0	0	0	0.638
HOMER2	NLGN3	0	0	0	0	0	0	0	0	0	0	0.641
HOMER2	DLGAP3	0	0	0	0	0	0	0	0	0	0	0.666
HOMER2	NRXN3	0	0	0	0	0	0	0	0	0	0	0.691
HOMER2	SHANK3	0	0	0	0	0	0	0	0	0	0	0.758
HOMER2	DLG4	0	0	0	0	0	0	0	0	0	0	0.779
HOMER2	SHANK2	0	0	0	0	0	0	0	0	0	0	0.782
HOMER2	DLGAP1	0	0	0	0	0	0	0	0	0	0	0.857
HOMER2	GRM5	0	0	0	0	0	0	0	0	0	0	0.965
HOMER2	HOMER3	0	0	0	0	0	0	0	0	0	0	0.99
HOMER2	HOMER1	0	0	0	0	0	0	0	0	0	0	0.991
GRM5	AKT1	0	0	0	0	0	0	0	0	0	0	0.44
GRM5	FYN	0	0	0	0	0	0	0	0	0	0	0.471
GRM5	CALML4	0	0	0	0	0	0	0	0	0	0	0.49
GRM5	CALML3	0	0	0	0	0	0	0	0	0	0	0.493
GRM5	PRKCZ	0	0	0	0	0	0	0	0	0	0	0.515
GRM5	NXPH1	0	0	0	0	0	0	0	0	0	0	0.54
GRM5	GPHN	0	0	0	0	0	0	0	0	0	0	0.545
GRM5	EPB41L1	0	0	0	0	0	0	0	0	0	0	0.547
GRM5	NLGN4Y	0	0	0	0	0	0	0	0	0	0	0.611
GRM5	DLG3	0	0	0	0	0	0	0	0	0	0	0.642
GRM5	DLGAP2	0	0	0	0	0	0	0	0	0	0	0.686
GRM5	NLGN4X	0	0	0	0	0	0	0	0	0	0	0.696
GRM5	GRIN3A	0	0	0	0	0	0	0	0	0	0	0.699
GRM5	DLG2	0	0	0	0	0	0	0	0	0	0	0.702
GRM5	NLGN1	0	0	0	0	0	0	0	0	0	0	0.716
GRM5	NRXN3	0	0	0	0	0	0	0	0	0	0	0.724
GRM5	NLGN3	0	0	0	0	0	0	0	0	0	0	0.735
GRM5	NRXN1	0	0	0	0	0	0	0	0	0	0	0.766
GRM5	GRIA3	0	0	0	0	0	0	0	0	0	0	0.782
GRM5	DLGAP3	0	0	0	0	0	0	0	0	0	0	0.786
GRM5	GRIN1	0	0	0	0	0	0	0	0	0	0	0.792
GRM5	GRIN2A	0	0	0	0	0	0	0	0	0	0	0.841
GRM5	GRIN2B	0	0	0	0	0	0	0	0	0	0	0.842
GRM5	SHANK2	0	0	0	0	0	0	0	0	0	0	0.869
GRM5	SHANK3	0	0	0	0	0	0	0	0	0	0	0.88
GRM5	DLG4	0	0	0	0	0	0	0	0	0	0	0.902
GRM5	DLGAP1	0	0	0	0	0	0	0	0	0	0	0.915
GRM5	GRIA1	0	0	0	0	0	0	0	0	0	0	0.916
GRM5	HOMER3	0	0	0	0	0	0	0	0	0	0	0.929
GRM5	PRNP	0	0	0	0	0	0	0	0	0	0	0.953
GRM5	CAMK2A	0	0	0	0	0	0	0	0	0	0	0.975
GRM5	ADORA2A	0	0	0	0	0	0	0	0	0	0	0.976
GRM5	HOMER1	0	0	0	0	0	0	0	0	0	0	0.999
CNIH2	DLG3	0	0	0	0	0	0	0	0	0	0	0.552
CNIH2	GRIN3A	0	0	0	0	0	0	0	0	0	0	0.763
CNIH2	GRIN2B	0	0	0	0	0	0	0	0	0	0	0.774
CNIH2	GRIN2A	0	0	0	0	0	0	0	0	0	0	0.784
CNIH2	GRIN1	0	0	0	0	0	0	0	0	0	0	0.796
CNIH2	DLG4	0	0	0	0	0	0	0	0	0	0	0.856
CNIH2	SHISA9	0	0	0	0	0	0	0	0	0	0	0.949
CNIH2	GRIA3	0	0	0	0	0	0	0	0	0	0	0.97
CNIH2	GRIA1	0	0	0	0	0	0	0	0	0	0	0.995
CALML3	PTEN	0	0	0	0	0	0	0	0	0	0	0.437
CALML3	ADORA2A	0	0	0	0	0	0	0	0	0	0	0.455
CALML3	DLG1	0	0	0	0	0	0	0	0	0	0	0.456
CALML3	HOMER3	0	0	0	0	0	0	0	0	0	0	0.532
CALML3	GRIA1	0	0	0	0	0	0	0	0	0	0	0.581
CALML3	HOMER1	0	0	0	0	0	0	0	0	0	0	0.625
CALML3	CTNNB1	0	0	0	0	0	0	0	0	0	0	0.628
CALML3	FYN	0	0	0	0	0	0	0	0	0	0	0.682
CALML3	AKT1	0	0	0	0	0	0	0	0	0	0	0.719
CALML3	DLG4	0	0	0	0	0	0	0	0	0	0	0.891
CALML3	GRIN2A	0	0	0	0	0	0	0	0	0	0	0.895
CALML3	GRIN2B	0	0	0	0	0	0	0	0	0	0	0.927
CALML3	GRIN1	0	0	0	0	0	0	0	0	0	0	0.96
CALML3	CALML4	0	0	0	0	0	0	0	0	0	0	0.963
CALML3	CAMK2A	0	0	0	0	0	0	0	0	0	0	0.999
DLGAP1	GRIN1	0	0	0	0	0	0	0	0	0	0	0.57
DLGAP1	NRXN3	0	0	0	0	0	0	0	0	0	0	0.659
DLGAP1	CAMK2A	0	0	0	0	0	0	0	0	0	0	0.703
DLGAP1	DLGAP2	0	0	0	0	0	0	0	0	0	0	0.704
DLGAP1	DLGAP3	0	0	0	0	0	0	0	0	0	0	0.724
DLGAP1	MAGI2	0	0	0	0	0	0	0	0	0	0	0.732
DLGAP1	NRXN1	0	0	0	0	0	0	0	0	0	0	0.774
DLGAP1	NLGN4Y	0	0	0	0	0	0	0	0	0	0	0.843
DLGAP1	GRIA1	0	0	0	0	0	0	0	0	0	0	0.852
DLGAP1	NLGN3	0	0	0	0	0	0	0	0	0	0	0.855
DLGAP1	NLGN4X	0	0	0	0	0	0	0	0	0	0	0.861
DLGAP1	GRIN2A	0	0	0	0	0	0	0	0	0	0	0.885
DLGAP1	DLG3	0	0	0	0	0	0	0	0	0	0	0.887
DLGAP1	DLG2	0	0	0	0	0	0	0	0	0	0	0.89
DLGAP1	GRIN2B	0	0	0	0	0	0	0	0	0	0	0.9
DLGAP1	NLGN1	0	0	0	0	0	0	0	0	0	0	0.927
DLGAP1	HOMER3	0	0	0	0	0	0	0	0	0	0	0.943
DLGAP1	DLG1	0	0	0	0	0	0	0	0	0	0	0.952
DLGAP1	SHANK2	0	0	0	0	0	0	0	0	0	0	0.981
DLGAP1	HOMER1	0	0	0	0	0	0	0	0	0	0	0.986
DLGAP1	SHANK3	0	0	0	0	0	0	0	0	0	0	0.997
DLGAP1	DLG4	0	0	0	0	0	0	0	0	0	0	0.999
LLGL1	FYN	0	0	0	0	0	0	0	0	0	0	0.406
LLGL1	DLG2	0	0	0	0	0	0	0	0	0	0	0.84
LLGL1	UBE3A	0	0	0	0	0	0	0	0	0	0	0.905
LLGL1	DLG3	0	0	0	0	0	0	0	0	0	0	0.939
LLGL1	SCRIB	0	0	0	0	0	0	0	0	0	0	0.964
LLGL1	DLG1	0	0	0	0	0	0	0	0	0	0	0.975
LLGL1	DLG4	0	0	0	0	0	0	0	0	0	0	0.983
LLGL1	LLGL2	0	0	0	0	0	0	0	0	0	0	0.993
LLGL1	PRKCZ	0	0	0	0	0	0	0	0	0	0	0.995
GRIN2A	NLGN4X	0	0	0	0	0	0	0	0	0	0	0.471
GRIN2A	NLGN3	0	0	0	0	0	0	0	0	0	0	0.472
GRIN2A	GPHN	0	0	0	0	0	0	0	0	0	0	0.482
GRIN2A	CACNB4	0	0	0	0	0	0	0	0	0	0	0.54
GRIN2A	NLGN1	0	0	0	0	0	0	0	0	0	0	0.554
GRIN2A	SHANK2	0	0	0	0	0	0	0	0	0	0	0.555
GRIN2A	DLGAP3	0	0	0	0	0	0	0	0	0	0	0.574
GRIN2A	MAGI2	0	0	0	0	0	0	0	0	0	0	0.575
GRIN2A	DLGAP2	0	0	0	0	0	0	0	0	0	0	0.577
GRIN2A	NRXN1	0	0	0	0	0	0	0	0	0	0	0.617
GRIN2A	SHANK3	0	0	0	0	0	0	0	0	0	0	0.638
GRIN2A	AKT1	0	0	0	0	0	0	0	0	0	0	0.659
GRIN2A	HOMER1	0	0	0	0	0	0	0	0	0	0	0.768
GRIN2A	SHISA9	0	0	0	0	0	0	0	0	0	0	0.786
GRIN2A	GRIA3	0	0	0	0	0	0	0	0	0	0	0.886
GRIN2A	CALML4	0	0	0	0	0	0	0	0	0	0	0.897
GRIN2A	GRIA1	0	0	0	0	0	0	0	0	0	0	0.926
GRIN2A	CAMK2A	0	0	0	0	0	0	0	0	0	0	0.968
GRIN2A	DLG1	0	0	0	0	0	0	0	0	0	0	0.979
GRIN2A	FYN	0	0	0	0	0	0	0	0	0	0	0.981
GRIN2A	DLG2	0	0	0	0	0	0	0	0	0	0	0.997
GRIN2A	DLG3	0	0	0	0	0	0	0	0	0	0	0.998
GRIN2A	GRIN1	0	0	0	0	0	0	0	0	0	0	0.999
GRIN2A	GRIN2B	0	0	0	0	0	0	0	0	0	0	0.999
GRIN2A	GRIN3A	0	0	0	0	0	0	0	0	0	0	0.999
GRIN2A	DLG4	0	0	0	0	0	0	0	0	0	0	0.999
HOMER1	GRIA3	0	0	0	0	0	0	0	0	0	0	0.43
HOMER1	PRNP	0	0	0	0	0	0	0	0	0	0	0.521
HOMER1	DLG1	0	0	0	0	0	0	0	0	0	0	0.553
HOMER1	NRXN3	0	0	0	0	0	0	0	0	0	0	0.608
HOMER1	CALML4	0	0	0	0	0	0	0	0	0	0	0.618
HOMER1	GRIN1	0	0	0	0	0	0	0	0	0	0	0.641
HOMER1	NLGN4Y	0	0	0	0	0	0	0	0	0	0	0.649
HOMER1	GRIN2B	0	0	0	0	0	0	0	0	0	0	0.675
HOMER1	NLGN4X	0	0	0	0	0	0	0	0	0	0	0.69
HOMER1	NRXN1	0	0	0	0	0	0	0	0	0	0	0.706
HOMER1	DLG3	0	0	0	0	0	0	0	0	0	0	0.707
HOMER1	NLGN3	0	0	0	0	0	0	0	0	0	0	0.721
HOMER1	NLGN1	0	0	0	0	0	0	0	0	0	0	0.726
HOMER1	GPHN	0	0	0	0	0	0	0	0	0	0	0.733
HOMER1	DLGAP2	0	0	0	0	0	0	0	0	0	0	0.734
HOMER1	CAMK2A	0	0	0	0	0	0	0	0	0	0	0.735
HOMER1	EPB41L1	0	0	0	0	0	0	0	0	0	0	0.747
HOMER1	DLGAP3	0	0	0	0	0	0	0	0	0	0	0.816
HOMER1	DLG2	0	0	0	0	0	0	0	0	0	0	0.821
HOMER1	GRIA1	0	0	0	0	0	0	0	0	0	0	0.873
HOMER1	SHANK2	0	0	0	0	0	0	0	0	0	0	0.937
HOMER1	SHANK3	0	0	0	0	0	0	0	0	0	0	0.957
HOMER1	DLG4	0	0	0	0	0	0	0	0	0	0	0.988
HOMER1	HOMER3	0	0	0	0	0	0	0	0	0	0	0.993
EPB41L1	DLG3	0	0	0	0	0	0	0	0	0	0	0.471
EPB41L1	NRXN3	0	0	0	0	0	0	0	0	0	0	0.528
EPB41L1	NLGN3	0	0	0	0	0	0	0	0	0	0	0.543
EPB41L1	NLGN4Y	0	0	0	0	0	0	0	0	0	0	0.547
EPB41L1	CAMK2A	0	0	0	0	0	0	0	0	0	0	0.571
EPB41L1	NLGN4X	0	0	0	0	0	0	0	0	0	0	0.578
EPB41L1	NRXN1	0	0	0	0	0	0	0	0	0	0	0.592
EPB41L1	NLGN1	0	0	0	0	0	0	0	0	0	0	0.639
EPB41L1	GRIA3	0	0	0	0	0	0	0	0	0	0	0.66
EPB41L1	DLG4	0	0	0	0	0	0	0	0	0	0	0.793
EPB41L1	DLG1	0	0	0	0	0	0	0	0	0	0	0.815
EPB41L1	GRIA1	0	0	0	0	0	0	0	0	0	0	0.997
PTK2	DAG1	0	0	0	0	0	0	0	0	0	0	0.434
PTK2	CTNNB1	0	0	0	0	0	0	0	0	0	0	0.802
PTK2	AKT1	0	0	0	0	0	0	0	0	0	0	0.879
PTK2	PIK3R1	0	0	0	0	0	0	0	0	0	0	0.988
PTK2	PTEN	0	0	0	0	0	0	0	0	0	0	0.995
PTK2	FYN	0	0	0	0	0	0	0	0	0	0	0.998
SHANK2	MAGI2	0	0	0	0	0	0	0	0	0	0	0.413
SHANK2	DLG1	0	0	0	0	0	0	0	0	0	0	0.416
SHANK2	CAMK2A	0	0	0	0	0	0	0	0	0	0	0.442
SHANK2	GRIN1	0	0	0	0	0	0	0	0	0	0	0.475
SHANK2	UBE3A	0	0	0	0	0	0	0	0	0	0	0.486
SHANK2	GPHN	0	0	0	0	0	0	0	0	0	0	0.486
SHANK2	AKT1	0	0	0	0	0	0	0	0	0	0	0.539
SHANK2	GRIN3A	0	0	0	0	0	0	0	0	0	0	0.575
SHANK2	GRIN2B	0	0	0	0	0	0	0	0	0	0	0.628
SHANK2	NRXN3	0	0	0	0	0	0	0	0	0	0	0.725
SHANK2	DLG3	0	0	0	0	0	0	0	0	0	0	0.744
SHANK2	GRIA1	0	0	0	0	0	0	0	0	0	0	0.75
SHANK2	HOMER3	0	0	0	0	0	0	0	0	0	0	0.799
SHANK2	DLG2	0	0	0	0	0	0	0	0	0	0	0.811
SHANK2	NLGN4Y	0	0	0	0	0	0	0	0	0	0	0.85
SHANK2	NRXN1	0	0	0	0	0	0	0	0	0	0	0.914
SHANK2	NLGN1	0	0	0	0	0	0	0	0	0	0	0.914
SHANK2	DLGAP3	0	0	0	0	0	0	0	0	0	0	0.917
SHANK2	NLGN3	0	0	0	0	0	0	0	0	0	0	0.958
SHANK2	NLGN4X	0	0	0	0	0	0	0	0	0	0	0.964
SHANK2	DLGAP2	0	0	0	0	0	0	0	0	0	0	0.969
SHANK2	SHANK3	0	0	0	0	0	0	0	0	0	0	0.98
SHANK2	DLG4	0	0	0	0	0	0	0	0	0	0	0.993
DLG1	NLGN4Y	0	0	0	0	0	0	0	0	0	0	0.402
DLG1	NLGN4X	0	0	0	0	0	0	0	0	0	0	0.414
DLG1	NLGN3	0	0	0	0	0	0	0	0	0	0	0.436
DLG1	CALML4	0	0	0	0	0	0	0	0	0	0	0.457
DLG1	NRXN1	0	0	0	0	0	0	0	0	0	0	0.472
DLG1	NLGN1	0	0	0	0	0	0	0	0	0	0	0.483
DLG1	MAST2	0	0	0	0	0	0	0	0	0	0	0.531
DLG1	MAGI2	0	0	0	0	0	0	0	0	0	0	0.579
DLG1	SHANK3	0	0	0	0	0	0	0	0	0	0	0.587
DLG1	GRIA3	0	0	0	0	0	0	0	0	0	0	0.697
DLG1	DLGAP2	0	0	0	0	0	0	0	0	0	0	0.714
DLG1	CAMK2A	0	0	0	0	0	0	0	0	0	0	0.721
DLG1	CTNNB1	0	0	0	0	0	0	0	0	0	0	0.786
DLG1	GRIN1	0	0	0	0	0	0	0	0	0	0	0.878
DLG1	LLGL2	0	0	0	0	0	0	0	0	0	0	0.916
DLG1	SCRIB	0	0	0	0	0	0	0	0	0	0	0.917
DLG1	DLG4	0	0	0	0	0	0	0	0	0	0	0.956
DLG1	DLG2	0	0	0	0	0	0	0	0	0	0	0.962
DLG1	UBE3A	0	0	0	0	0	0	0	0	0	0	0.974
DLG1	DLG3	0	0	0	0	0	0	0	0	0	0	0.974
DLG1	GRIN2B	0	0	0	0	0	0	0	0	0	0	0.992
DLG1	PTEN	0	0	0	0	0	0	0	0	0	0	0.996
DLG1	GRIA1	0	0	0	0	0	0	0	0	0	0	0.999
MAGI2	GRIA1	0	0	0	0	0	0	0	0	0	0	0.408
MAGI2	DLGAP2	0	0	0	0	0	0	0	0	0	0	0.42
MAGI2	NRXN1	0	0	0	0	0	0	0	0	0	0	0.461
MAGI2	GRIN2B	0	0	0	0	0	0	0	0	0	0	0.595
MAGI2	DLG4	0	0	0	0	0	0	0	0	0	0	0.616
MAGI2	DLGAP3	0	0	0	0	0	0	0	0	0	0	0.633
MAGI2	DAG1	0	0	0	0	0	0	0	0	0	0	0.669
MAGI2	NLGN4Y	0	0	0	0	0	0	0	0	0	0	0.743
MAGI2	NLGN4X	0	0	0	0	0	0	0	0	0	0	0.763
MAGI2	NLGN3	0	0	0	0	0	0	0	0	0	0	0.779
MAGI2	MAST2	0	0	0	0	0	0	0	0	0	0	0.84
MAGI2	NLGN1	0	0	0	0	0	0	0	0	0	0	0.893
MAGI2	CTNNB1	0	0	0	0	0	0	0	0	0	0	0.986
MAGI2	PTEN	0	0	0	0	0	0	0	0	0	0	0.998
FYN	GRIA1	0	0	0	0	0	0	0	0	0	0	0.451
FYN	DAG1	0	0	0	0	0	0	0	0	0	0	0.484
FYN	PTEN	0	0	0	0	0	0	0	0	0	0	0.657
FYN	CALML4	0	0	0	0	0	0	0	0	0	0	0.679
FYN	DLG3	0	0	0	0	0	0	0	0	0	0	0.705
FYN	GRIN1	0	0	0	0	0	0	0	0	0	0	0.743
FYN	DLG2	0	0	0	0	0	0	0	0	0	0	0.766
FYN	AKT1	0	0	0	0	0	0	0	0	0	0	0.834
FYN	CTNNB1	0	0	0	0	0	0	0	0	0	0	0.986
FYN	PIK3R1	0	0	0	0	0	0	0	0	0	0	0.988
FYN	PRNP	0	0	0	0	0	0	0	0	0	0	0.99
FYN	GRIN2B	0	0	0	0	0	0	0	0	0	0	0.993
FYN	DLG4	0	0	0	0	0	0	0	0	0	0	0.996
NLGN4Y	GRIA1	0	0	0	0	0	0	0	0	0	0	0.412
NLGN4Y	GRIN2B	0	0	0	0	0	0	0	0	0	0	0.448
NLGN4Y	PTEN	0	0	0	0	0	0	0	0	0	0	0.464
NLGN4Y	GPHN	0	0	0	0	0	0	0	0	0	0	0.478
NLGN4Y	PRNP	0	0	0	0	0	0	0	0	0	0	0.487
NLGN4Y	CTNNB1	0	0	0	0	0	0	0	0	0	0	0.498
NLGN4Y	MDGA1	0	0	0	0	0	0	0	0	0	0	0.505
NLGN4Y	NLGN4X	0	0	0	0	0	0	0	0	0	0	0.519
NLGN4Y	NLGN1	0	0	0	0	0	0	0	0	0	0	0.523
NLGN4Y	HOMER3	0	0	0	0	0	0	0	0	0	0	0.608
NLGN4Y	DLGAP3	0	0	0	0	0	0	0	0	0	0	0.66
NLGN4Y	DLGAP2	0	0	0	0	0	0	0	0	0	0	0.669
NLGN4Y	DLG2	0	0	0	0	0	0	0	0	0	0	0.696
NLGN4Y	NLGN3	0	0	0	0	0	0	0	0	0	0	0.697
NLGN4Y	NRXN3	0	0	0	0	0	0	0	0	0	0	0.827
NLGN4Y	DLG3	0	0	0	0	0	0	0	0	0	0	0.848
NLGN4Y	SHANK3	0	0	0	0	0	0	0	0	0	0	0.899
NLGN4Y	DLG4	0	0	0	0	0	0	0	0	0	0	0.986
NLGN4Y	NRXN1	0	0	0	0	0	0	0	0	0	0	0.999
SCRIB	GRIN2B	0	0	0	0	0	0	0	0	0	0	0.494
SCRIB	PRKCZ	0	0	0	0	0	0	0	0	0	0	0.657
SCRIB	AKT1	0	0	0	0	0	0	0	0	0	0	0.712
SCRIB	PTEN	0	0	0	0	0	0	0	0	0	0	0.834
SCRIB	DLG2	0	0	0	0	0	0	0	0	0	0	0.856
SCRIB	CTNNB1	0	0	0	0	0	0	0	0	0	0	0.88
SCRIB	DLG3	0	0	0	0	0	0	0	0	0	0	0.908
SCRIB	DLG4	0	0	0	0	0	0	0	0	0	0	0.921
SCRIB	LLGL2	0	0	0	0	0	0	0	0	0	0	0.959
SCRIB	UBE3A	0	0	0	0	0	0	0	0	0	0	0.98
NLGN3	NXPH1	0	0	0	0	0	0	0	0	0	0	0.418
NLGN3	GRIN1	0	0	0	0	0	0	0	0	0	0	0.446
NLGN3	PRNP	0	0	0	0	0	0	0	0	0	0	0.48
NLGN3	CTNNB1	0	0	0	0	0	0	0	0	0	0	0.513
NLGN3	GRIA1	0	0	0	0	0	0	0	0	0	0	0.536
NLGN3	GRIN2B	0	0	0	0	0	0	0	0	0	0	0.573
NLGN3	PTEN	0	0	0	0	0	0	0	0	0	0	0.591
NLGN3	GPHN	0	0	0	0	0	0	0	0	0	0	0.648
NLGN3	HOMER3	0	0	0	0	0	0	0	0	0	0	0.65
NLGN3	UBE3A	0	0	0	0	0	0	0	0	0	0	0.667
NLGN3	MDGA1	0	0	0	0	0	0	0	0	0	0	0.686
NLGN3	DLGAP3	0	0	0	0	0	0	0	0	0	0	0.763
NLGN3	DLG2	0	0	0	0	0	0	0	0	0	0	0.776
NLGN3	NLGN4X	0	0	0	0	0	0	0	0	0	0	0.796
NLGN3	NLGN1	0	0	0	0	0	0	0	0	0	0	0.799
NLGN3	DLGAP2	0	0	0	0	0	0	0	0	0	0	0.839
NLGN3	DLG3	0	0	0	0	0	0	0	0	0	0	0.885
NLGN3	NRXN3	0	0	0	0	0	0	0	0	0	0	0.94
NLGN3	SHANK3	0	0	0	0	0	0	0	0	0	0	0.993
NLGN3	DLG4	0	0	0	0	0	0	0	0	0	0	0.995
NLGN3	NRXN1	0	0	0	0	0	0	0	0	0	0	0.999
MAST2	PTEN	0	0	0	0	0	0	0	0	0	0	0.993
GRIN3A	DLG3	0	0	0	0	0	0	0	0	0	0	0.68
GRIN3A	SHISA9	0	0	0	0	0	0	0	0	0	0	0.784
GRIN3A	GRIA3	0	0	0	0	0	0	0	0	0	0	0.802
GRIN3A	GRIA1	0	0	0	0	0	0	0	0	0	0	0.815
GRIN3A	DLG4	0	0	0	0	0	0	0	0	0	0	0.966
GRIN3A	GRIN1	0	0	0	0	0	0	0	0	0	0	0.999
GRIN3A	GRIN2B	0	0	0	0	0	0	0	0	0	0	0.999
PSMD4	SPOP	0	0	0	0	0	0	0	0	0	0	0.425
PSMD4	UBE2L3	0	0	0	0	0	0	0	0	0	0	0.434
PSMD4	UBE2D2	0	0	0	0	0	0	0	0	0	0	0.501
PSMD4	PTEN	0	0	0	0	0	0	0	0	0	0	0.606
PSMD4	UBE2D1	0	0	0	0	0	0	0	0	0	0	0.668
PSMD4	PRNP	0	0	0	0	0	0	0	0	0	0	0.68
PSMD4	UBE3A	0	0	0	0	0	0	0	0	0	0	0.994
PSMD4	RAD23A	0	0	0	0	0	0	0	0	0	0	0.999
GRIN1	NLGN4X	0	0	0	0	0	0	0	0	0	0	0.422
GRIN1	DLGAP2	0	0	0	0	0	0	0	0	0	0	0.442
GRIN1	GPHN	0	0	0	0	0	0	0	0	0	0	0.446
GRIN1	NRXN1	0	0	0	0	0	0	0	0	0	0	0.449
GRIN1	DLGAP3	0	0	0	0	0	0	0	0	0	0	0.507
GRIN1	SHANK3	0	0	0	0	0	0	0	0	0	0	0.568
GRIN1	NLGN1	0	0	0	0	0	0	0	0	0	0	0.611
GRIN1	SHISA9	0	0	0	0	0	0	0	0	0	0	0.75
GRIN1	DLG2	0	0	0	0	0	0	0	0	0	0	0.761
GRIN1	GRIA3	0	0	0	0	0	0	0	0	0	0	0.877
GRIN1	DLG3	0	0	0	0	0	0	0	0	0	0	0.879
GRIN1	GRIA1	0	0	0	0	0	0	0	0	0	0	0.907
GRIN1	CAMK2A	0	0	0	0	0	0	0	0	0	0	0.911
GRIN1	CALML4	0	0	0	0	0	0	0	0	0	0	0.964
GRIN1	DLG4	0	0	0	0	0	0	0	0	0	0	0.998
GRIN1	GRIN2B	0	0	0	0	0	0	0	0	0	0	0.999
PTEN	UBE2D2	0	0	0	0	0	0	0	0	0	0	0.407
PTEN	CALML4	0	0	0	0	0	0	0	0	0	0	0.413
PTEN	SHANK3	0	0	0	0	0	0	0	0	0	0	0.483
PTEN	NLGN1	0	0	0	0	0	0	0	0	0	0	0.496
PTEN	GRIN2B	0	0	0	0	0	0	0	0	0	0	0.547
PTEN	NLGN4X	0	0	0	0	0	0	0	0	0	0	0.556
PTEN	UBE2L3	0	0	0	0	0	0	0	0	0	0	0.571
PTEN	DLG4	0	0	0	0	0	0	0	0	0	0	0.745
PTEN	CTNNB1	0	0	0	0	0	0	0	0	0	0	0.943
PTEN	PRKCZ	0	0	0	0	0	0	0	0	0	0	0.958
PTEN	UBE3A	0	0	0	0	0	0	0	0	0	0	0.96
PTEN	AKT1	0	0	0	0	0	0	0	0	0	0	0.988
PTEN	SPOP	0	0	0	0	0	0	0	0	0	0	0.99
PTEN	PIK3R1	0	0	0	0	0	0	0	0	0	0	0.997
DLGAP3	CAMK2A	0	0	0	0	0	0	0	0	0	0	0.451
DLGAP3	GRIA1	0	0	0	0	0	0	0	0	0	0	0.507
DLGAP3	NRXN3	0	0	0	0	0	0	0	0	0	0	0.634
DLGAP3	HOMER3	0	0	0	0	0	0	0	0	0	0	0.72
DLGAP3	NRXN1	0	0	0	0	0	0	0	0	0	0	0.733
DLGAP3	NLGN4X	0	0	0	0	0	0	0	0	0	0	0.737
DLGAP3	NLGN1	0	0	0	0	0	0	0	0	0	0	0.737
DLGAP3	GRIN2B	0	0	0	0	0	0	0	0	0	0	0.753
DLGAP3	DLG3	0	0	0	0	0	0	0	0	0	0	0.835
DLGAP3	DLG2	0	0	0	0	0	0	0	0	0	0	0.847
DLGAP3	DLGAP2	0	0	0	0	0	0	0	0	0	0	0.868
DLGAP3	SHANK3	0	0	0	0	0	0	0	0	0	0	0.992
DLGAP3	DLG4	0	0	0	0	0	0	0	0	0	0	0.993
UBE2D1	CTNNB1	0	0	0	0	0	0	0	0	0	0	0.456
UBE2D1	SPOP	0	0	0	0	0	0	0	0	0	0	0.505
UBE2D1	UBE2L3	0	0	0	0	0	0	0	0	0	0	0.654
UBE2D1	UBE2D2	0	0	0	0	0	0	0	0	0	0	0.943
UBE2D1	UBE3A	0	0	0	0	0	0	0	0	0	0	0.984
DLG3	GPHN	0	0	0	0	0	0	0	0	0	0	0.472
DLG3	SHISA9	0	0	0	0	0	0	0	0	0	0	0.513
DLG3	NRXN3	0	0	0	0	0	0	0	0	0	0	0.593
DLG3	HOMER3	0	0	0	0	0	0	0	0	0	0	0.633
DLG3	GRIA3	0	0	0	0	0	0	0	0	0	0	0.644
DLG3	CAMK2A	0	0	0	0	0	0	0	0	0	0	0.688
DLG3	NRXN1	0	0	0	0	0	0	0	0	0	0	0.717
DLG3	SHANK3	0	0	0	0	0	0	0	0	0	0	0.759
DLG3	GRIA1	0	0	0	0	0	0	0	0	0	0	0.815
DLG3	NLGN4X	0	0	0	0	0	0	0	0	0	0	0.863
DLG3	DLGAP2	0	0	0	0	0	0	0	0	0	0	0.872
DLG3	LLGL2	0	0	0	0	0	0	0	0	0	0	0.887
DLG3	NLGN1	0	0	0	0	0	0	0	0	0	0	0.892
DLG3	UBE3A	0	0	0	0	0	0	0	0	0	0	0.913
DLG3	DLG2	0	0	0	0	0	0	0	0	0	0	0.984
DLG3	DLG4	0	0	0	0	0	0	0	0	0	0	0.997
DLG3	GRIN2B	0	0	0	0	0	0	0	0	0	0	0.998
DLG2	CACNB4	0	0	0	0	0	0	0	0	0	0	0.455
DLG2	GPHN	0	0	0	0	0	0	0	0	0	0	0.607
DLG2	HOMER3	0	0	0	0	0	0	0	0	0	0	0.645
DLG2	GRIA3	0	0	0	0	0	0	0	0	0	0	0.655
DLG2	NRXN3	0	0	0	0	0	0	0	0	0	0	0.682
DLG2	CAMK2A	0	0	0	0	0	0	0	0	0	0	0.688
DLG2	NLGN4X	0	0	0	0	0	0	0	0	0	0	0.713
DLG2	NRXN1	0	0	0	0	0	0	0	0	0	0	0.778
DLG2	DLGAP2	0	0	0	0	0	0	0	0	0	0	0.811
DLG2	LLGL2	0	0	0	0	0	0	0	0	0	0	0.844
DLG2	NLGN1	0	0	0	0	0	0	0	0	0	0	0.868
DLG2	GRIA1	0	0	0	0	0	0	0	0	0	0	0.908
DLG2	UBE3A	0	0	0	0	0	0	0	0	0	0	0.913
DLG2	SHANK3	0	0	0	0	0	0	0	0	0	0	0.919
DLG2	DLG4	0	0	0	0	0	0	0	0	0	0	0.969
DLG2	GRIN2B	0	0	0	0	0	0	0	0	0	0	0.996
PRKCZ	CTNNB1	0	0	0	0	0	0	0	0	0	0	0.653
PRKCZ	PIK3R1	0	0	0	0	0	0	0	0	0	0	0.933
PRKCZ	AKT1	0	0	0	0	0	0	0	0	0	0	0.974
PRKCZ	LLGL2	0	0	0	0	0	0	0	0	0	0	0.994
NLGN4X	NXPH1	0	0	0	0	0	0	0	0	0	0	0.407
NLGN4X	PRNP	0	0	0	0	0	0	0	0	0	0	0.475
NLGN4X	CTNNB1	0	0	0	0	0	0	0	0	0	0	0.508
NLGN4X	GRIA1	0	0	0	0	0	0	0	0	0	0	0.514
NLGN4X	GRIN2B	0	0	0	0	0	0	0	0	0	0	0.546
NLGN4X	NLGN1	0	0	0	0	0	0	0	0	0	0	0.548
NLGN4X	MDGA1	0	0	0	0	0	0	0	0	0	0	0.613
NLGN4X	HOMER3	0	0	0	0	0	0	0	0	0	0	0.619
NLGN4X	UBE3A	0	0	0	0	0	0	0	0	0	0	0.633
NLGN4X	GPHN	0	0	0	0	0	0	0	0	0	0	0.767
NLGN4X	DLGAP2	0	0	0	0	0	0	0	0	0	0	0.841
NLGN4X	NRXN3	0	0	0	0	0	0	0	0	0	0	0.859
NLGN4X	SHANK3	0	0	0	0	0	0	0	0	0	0	0.995
NLGN4X	DLG4	0	0	0	0	0	0	0	0	0	0	0.995
NLGN4X	NRXN1	0	0	0	0	0	0	0	0	0	0	0.999
LLGL2	UBE3A	0	0	0	0	0	0	0	0	0	0	0.901
LLGL2	DLG4	0	0	0	0	0	0	0	0	0	0	0.982
SPOP	CTNNB1	0	0	0	0	0	0	0	0	0	0	0.407
SPOP	PIK3R1	0	0	0	0	0	0	0	0	0	0	0.421
SPOP	UBE2D2	0	0	0	0	0	0	0	0	0	0	0.662
UBE2D2	RAD23A	0	0	0	0	0	0	0	0	0	0	0.404
UBE2D2	CTNNB1	0	0	0	0	0	0	0	0	0	0	0.429
UBE2D2	UBE2L3	0	0	0	0	0	0	0	0	0	0	0.683
UBE2D2	UBE3A	0	0	0	0	0	0	0	0	0	0	0.984
NXPH1	NLGN1	0	0	0	0	0	0	0	0	0	0	0.525
NXPH1	NRXN3	0	0	0	0	0	0	0	0	0	0	0.671
NXPH1	NRXN1	0	0	0	0	0	0	0	0	0	0	0.973
NRXN1	GRIA3	0	0	0	0	0	0	0	0	0	0	0.509
NRXN1	UBE3A	0	0	0	0	0	0	0	0	0	0	0.532
NRXN1	CAMK2A	0	0	0	0	0	0	0	0	0	0	0.542
NRXN1	MDGA1	0	0	0	0	0	0	0	0	0	0	0.592
NRXN1	GRIA1	0	0	0	0	0	0	0	0	0	0	0.6
NRXN1	HOMER3	0	0	0	0	0	0	0	0	0	0	0.619
NRXN1	NRXN3	0	0	0	0	0	0	0	0	0	0	0.752
NRXN1	DLGAP2	0	0	0	0	0	0	0	0	0	0	0.803
NRXN1	GPHN	0	0	0	0	0	0	0	0	0	0	0.831
NRXN1	GRIN2B	0	0	0	0	0	0	0	0	0	0	0.832
NRXN1	SHANK3	0	0	0	0	0	0	0	0	0	0	0.961
NRXN1	DLG4	0	0	0	0	0	0	0	0	0	0	0.991
NRXN1	DAG1	0	0	0	0	0	0	0	0	0	0	0.998
NRXN1	NLGN1	0	0	0	0	0	0	0	0	0	0	0.999
NLGN1	CAMK2A	0	0	0	0	0	0	0	0	0	0	0.414
NLGN1	PRNP	0	0	0	0	0	0	0	0	0	0	0.538
NLGN1	UBE3A	0	0	0	0	0	0	0	0	0	0	0.548
NLGN1	CTNNB1	0	0	0	0	0	0	0	0	0	0	0.553
NLGN1	GRIA1	0	0	0	0	0	0	0	0	0	0	0.633
NLGN1	HOMER3	0	0	0	0	0	0	0	0	0	0	0.643
NLGN1	MDGA1	0	0	0	0	0	0	0	0	0	0	0.676
NLGN1	GPHN	0	0	0	0	0	0	0	0	0	0	0.722
NLGN1	GRIN2B	0	0	0	0	0	0	0	0	0	0	0.755
NLGN1	DLGAP2	0	0	0	0	0	0	0	0	0	0	0.811
NLGN1	NRXN3	0	0	0	0	0	0	0	0	0	0	0.964
NLGN1	SHANK3	0	0	0	0	0	0	0	0	0	0	0.978
NLGN1	DLG4	0	0	0	0	0	0	0	0	0	0	0.999
PRNP	AKT1	0	0	0	0	0	0	0	0	0	0	0.424
PRNP	GRIN2B	0	0	0	0	0	0	0	0	0	0	0.452
PRNP	DLG4	0	0	0	0	0	0	0	0	0	0	0.507
UBE2L3	RAD23A	0	0	0	0	0	0	0	0	0	0	0.437
UBE2L3	UBE3A	0	0	0	0	0	0	0	0	0	0	0.999
GPHN	NRXN3	0	0	0	0	0	0	0	0	0	0	0.404
GPHN	CAMK2A	0	0	0	0	0	0	0	0	0	0	0.418
GPHN	AKT1	0	0	0	0	0	0	0	0	0	0	0.472
GPHN	GRIN2B	0	0	0	0	0	0	0	0	0	0	0.526
GPHN	SHANK3	0	0	0	0	0	0	0	0	0	0	0.541
GPHN	GRIA1	0	0	0	0	0	0	0	0	0	0	0.621
GPHN	DLG4	0	0	0	0	0	0	0	0	0	0	0.884
CALML4	ADORA2A	0	0	0	0	0	0	0	0	0	0	0.446
CALML4	HOMER3	0	0	0	0	0	0	0	0	0	0	0.527
CALML4	GRIA1	0	0	0	0	0	0	0	0	0	0	0.586
CALML4	CTNNB1	0	0	0	0	0	0	0	0	0	0	0.631
CALML4	AKT1	0	0	0	0	0	0	0	0	0	0	0.713
CALML4	DLG4	0	0	0	0	0	0	0	0	0	0	0.892
CALML4	GRIN2B	0	0	0	0	0	0	0	0	0	0	0.926
CALML4	CAMK2A	0	0	0	0	0	0	0	0	0	0	0.999
PIK3R1	CTNNB1	0	0	0	0	0	0	0	0	0	0	0.858
PIK3R1	AKT1	0	0	0	0	0	0	0	0	0	0	0.995
GRIA1	NRXN3	0	0	0	0	0	0	0	0	0	0	0.404
GRIA1	DLGAP2	0	0	0	0	0	0	0	0	0	0	0.427
GRIA1	CACNB4	0	0	0	0	0	0	0	0	0	0	0.45
GRIA1	AKT1	0	0	0	0	0	0	0	0	0	0	0.48
GRIA1	UBE3A	0	0	0	0	0	0	0	0	0	0	0.592
GRIA1	SHANK3	0	0	0	0	0	0	0	0	0	0	0.623
GRIA1	GRIN2B	0	0	0	0	0	0	0	0	0	0	0.934
GRIA1	SHISA9	0	0	0	0	0	0	0	0	0	0	0.984
GRIA1	DLG4	0	0	0	0	0	0	0	0	0	0	0.994
GRIA1	GRIA3	0	0	0	0	0	0	0	0	0	0	0.999
GRIA1	CAMK2A	0	0	0	0	0	0	0	0	0	0	0.999
CACNB4	CAMK2A	0	0	0	0	0	0	0	0	0	0	0.717
HOMER3	AKT1	0	0	0	0	0	0	0	0	0	0	0.421
HOMER3	GRIN2B	0	0	0	0	0	0	0	0	0	0	0.466
HOMER3	NRXN3	0	0	0	0	0	0	0	0	0	0	0.516
HOMER3	DLGAP2	0	0	0	0	0	0	0	0	0	0	0.698
HOMER3	DLG4	0	0	0	0	0	0	0	0	0	0	0.868
HOMER3	SHANK3	0	0	0	0	0	0	0	0	0	0	0.884
DAG1	NRXN3	0	0	0	0	0	0	0	0	0	0	0.47
AKT1	ADORA2A	0	0	0	0	0	0	0	0	0	0	0.428
AKT1	GRIN2B	0	0	0	0	0	0	0	0	0	0	0.51
AKT1	SHANK3	0	0	0	0	0	0	0	0	0	0	0.548
AKT1	DLG4	0	0	0	0	0	0	0	0	0	0	0.747
AKT1	CTNNB1	0	0	0	0	0	0	0	0	0	0	0.979
SHISA9	GRIN2B	0	0	0	0	0	0	0	0	0	0	0.779
SHISA9	GRIA3	0	0	0	0	0	0	0	0	0	0	0.824
SHISA9	DLG4	0	0	0	0	0	0	0	0	0	0	0.858
RAD23A	UBE3A	0	0	0	0	0	0	0	0	0	0	0.974
GRIN2B	ADORA2A	0	0	0	0	0	0	0	0	0	0	0.414
GRIN2B	NRXN3	0	0	0	0	0	0	0	0	0	0	0.414
GRIN2B	DLGAP2	0	0	0	0	0	0	0	0	0	0	0.514
GRIN2B	CTNNB1	0	0	0	0	0	0	0	0	0	0	0.757
GRIN2B	SHANK3	0	0	0	0	0	0	0	0	0	0	0.785
GRIN2B	GRIA3	0	0	0	0	0	0	0	0	0	0	0.823
GRIN2B	DLG4	0	0	0	0	0	0	0	0	0	0	0.999
GRIN2B	CAMK2A	0	0	0	0	0	0	0	0	0	0	0.999
GRIA3	CAMK2A	0	0	0	0	0	0	0	0	0	0	0.808
GRIA3	DLG4	0	0	0	0	0	0	0	0	0	0	0.873
SHANK3	CAMK2A	0	0	0	0	0	0	0	0	0	0	0.509
SHANK3	UBE3A	0	0	0	0	0	0	0	0	0	0	0.647
SHANK3	NRXN3	0	0	0	0	0	0	0	0	0	0	0.703
SHANK3	DLGAP2	0	0	0	0	0	0	0	0	0	0	0.988
SHANK3	DLG4	0	0	0	0	0	0	0	0	0	0	0.996
NRXN3	CAMK2A	0	0	0	0	0	0	0	0	0	0	0.404
NRXN3	DLGAP2	0	0	0	0	0	0	0	0	0	0	0.645
NRXN3	DLG4	0	0	0	0	0	0	0	0	0	0	0.858
DLGAP2	CAMK2A	0	0	0	0	0	0	0	0	0	0	0.436
DLGAP2	DLG4	0	0	0	0	0	0	0	0	0	0	0.891
CTNNB1	DLG4	0	0	0	0	0	0	0	0	0	0	0.538
CTNNB1	UBE3A	0	0	0	0	0	0	0	0	0	0	0.974
UBE3A	DLG4	0	0	0	0	0	0	0	0	0	0	0.447
DLG4	CAMK2A	0	0	0	0	0	0	0	0	0	0	0.92
CBLN1	DLG4	0	0	0	0	0	0	0	0	0	0	0.402
CBLN1	NLGN3	0	0	0	0	0	0	0	0	0	0	0.507
CBLN1	NLGN2	0	0	0	0	0	0	0	0	0	0	0.559
CBLN1	NLGN4X	0	0	0	0	0	0	0	0	0	0	0.56
CBLN1	NRXN3	0	0	0	0	0	0	0	0	0	0	0.565
CBLN1	NLGN1	0	0	0	0	0	0	0	0	0	0	0.611
CBLN1	LRRTM2	0	0	0	0	0	0	0	0	0	0	0.717
CBLN1	NRXN2	0	0	0	0	0	0	0	0	0	0	0.989
CBLN1	NRXN1	0	0	0	0	0	0	0	0	0	0	0.994
TSC2	NLGN4X	0	0	0	0	0	0	0	0	0	0	0.459
TSC2	NLGN3	0	0	0	0	0	0	0	0	0	0	0.471
TSC2	PTK2	0	0	0	0	0	0	0	0	0	0	0.476
TSC2	CTNNB1	0	0	0	0	0	0	0	0	0	0	0.517
TSC2	PIK3R1	0	0	0	0	0	0	0	0	0	0	0.524
TSC2	SHANK3	0	0	0	0	0	0	0	0	0	0	0.537
TSC2	PIK3CA	0	0	0	0	0	0	0	0	0	0	0.687
TSC2	TP53	0	0	0	0	0	0	0	0	0	0	0.713
TSC2	PTEN	0	0	0	0	0	0	0	0	0	0	0.889
TSC2	UBE3A	0	0	0	0	0	0	0	0	0	0	0.981
TSC2	AKT1	0	0	0	0	0	0	0	0	0	0	0.99
CACNG1	CAMK2A	0	0	0	0	0	0	0	0	0	0	0.725
CACNG1	CACNB4	0	0	0	0	0	0	0	0	0	0	0.935
CACNG1	CACNG2	0	0	0	0	0	0	0	0	0	0	0.962
CACNG1	CACNG8	0	0	0	0	0	0	0	0	0	0	0.968
GRIN3B	GRM5	0	0	0	0	0	0	0	0	0	0	0.419
GRIN3B	GRM1	0	0	0	0	0	0	0	0	0	0	0.466
GRIN3B	DLG3	0	0	0	0	0	0	0	0	0	0	0.598
GRIN3B	CNIH2	0	0	0	0	0	0	0	0	0	0	0.746
GRIN3B	SHISA9	0	0	0	0	0	0	0	0	0	0	0.748
GRIN3B	CACNG8	0	0	0	0	0	0	0	0	0	0	0.758
GRIN3B	GRIA2	0	0	0	0	0	0	0	0	0	0	0.787
GRIN3B	GRIA3	0	0	0	0	0	0	0	0	0	0	0.791
GRIN3B	GRIA4	0	0	0	0	0	0	0	0	0	0	0.811
GRIN3B	GRIA1	0	0	0	0	0	0	0	0	0	0	0.84
GRIN3B	CACNG2	0	0	0	0	0	0	0	0	0	0	0.845
GRIN3B	DLG4	0	0	0	0	0	0	0	0	0	0	0.942
GRIN3B	GRIN3A	0	0	0	0	0	0	0	0	0	0	0.995
GRIN3B	GRIN2C	0	0	0	0	0	0	0	0	0	0	0.996
GRIN3B	GRIN2B	0	0	0	0	0	0	0	0	0	0	0.996
GRIN3B	GRIN2D	0	0	0	0	0	0	0	0	0	0	0.996
GRIN3B	GRIN2A	0	0	0	0	0	0	0	0	0	0	0.998
GRIN3B	GRIN1	0	0	0	0	0	0	0	0	0	0	0.999
GRIN2D	DLGAP3	0	0	0	0	0	0	0	0	0	0	0.451
GRIN2D	GRM5	0	0	0	0	0	0	0	0	0	0	0.556
GRIN2D	DLG1	0	0	0	0	0	0	0	0	0	0	0.604
GRIN2D	CAMK2A	0	0	0	0	0	0	0	0	0	0	0.607
GRIN2D	DLGAP1	0	0	0	0	0	0	0	0	0	0	0.617
GRIN2D	DLG2	0	0	0	0	0	0	0	0	0	0	0.634
GRIN2D	DLG3	0	0	0	0	0	0	0	0	0	0	0.659
GRIN2D	GRM1	0	0	0	0	0	0	0	0	0	0	0.678
GRIN2D	CALML4	0	0	0	0	0	0	0	0	0	0	0.74
GRIN2D	CALML3	0	0	0	0	0	0	0	0	0	0	0.74
GRIN2D	CALM3	0	0	0	0	0	0	0	0	0	0	0.755
GRIN2D	CNIH2	0	0	0	0	0	0	0	0	0	0	0.761
GRIN2D	SHISA9	0	0	0	0	0	0	0	0	0	0	0.767
GRIN2D	CACNG8	0	0	0	0	0	0	0	0	0	0	0.778
GRIN2D	PRNP	0	0	0	0	0	0	0	0	0	0	0.779
GRIN2D	CACNG2	0	0	0	0	0	0	0	0	0	0	0.795
GRIN2D	GRIA3	0	0	0	0	0	0	0	0	0	0	0.799
GRIN2D	GRIA2	0	0	0	0	0	0	0	0	0	0	0.8
GRIN2D	GRIA1	0	0	0	0	0	0	0	0	0	0	0.816
GRIN2D	GRIA4	0	0	0	0	0	0	0	0	0	0	0.864
GRIN2D	DLG4	0	0	0	0	0	0	0	0	0	0	0.976
GRIN2D	GRIN3A	0	0	0	0	0	0	0	0	0	0	0.998
GRIN2D	GRIN2B	0	0	0	0	0	0	0	0	0	0	0.998
GRIN2D	GRIN2A	0	0	0	0	0	0	0	0	0	0	0.998
GRIN2D	GRIN2C	0	0	0	0	0	0	0	0	0	0	0.998
GRIN2D	GRIN1	0	0	0	0	0	0	0	0	0	0	0.999
PIK3CA	CALML4	0	0	0	0	0	0	0	0	0	0	0.517
PIK3CA	CALML3	0	0	0	0	0	0	0	0	0	0	0.518
PIK3CA	SPOP	0	0	0	0	0	0	0	0	0	0	0.523
PIK3CA	DLG1	0	0	0	0	0	0	0	0	0	0	0.569
PIK3CA	PREX2	0	0	0	0	0	0	0	0	0	0	0.58
PIK3CA	GNAQ	0	0	0	0	0	0	0	0	0	0	0.901
PIK3CA	CTNNB1	0	0	0	0	0	0	0	0	0	0	0.901
PIK3CA	PRKCZ	0	0	0	0	0	0	0	0	0	0	0.925
PIK3CA	TP53	0	0	0	0	0	0	0	0	0	0	0.941
PIK3CA	FYN	0	0	0	0	0	0	0	0	0	0	0.951
PIK3CA	PRKCI	0	0	0	0	0	0	0	0	0	0	0.952
PIK3CA	PTK2	0	0	0	0	0	0	0	0	0	0	0.97
PIK3CA	PTEN	0	0	0	0	0	0	0	0	0	0	0.995
PIK3CA	AKT1	0	0	0	0	0	0	0	0	0	0	0.998
PIK3CA	PIK3R1	0	0	0	0	0	0	0	0	0	0	0.999
NRXN2	CACNG2	0	0	0	0	0	0	0	0	0	0	0.408
NRXN2	GRIN1	0	0	0	0	0	0	0	0	0	0	0.436
NRXN2	GRIN2A	0	0	0	0	0	0	0	0	0	0	0.452
NRXN2	DLG1	0	0	0	0	0	0	0	0	0	0	0.457
NRXN2	CAMK2A	0	0	0	0	0	0	0	0	0	0	0.507
NRXN2	GRIN2B	0	0	0	0	0	0	0	0	0	0	0.516
NRXN2	GRIA1	0	0	0	0	0	0	0	0	0	0	0.538
NRXN2	NRXN3	0	0	0	0	0	0	0	0	0	0	0.585
NRXN2	HOMER2	0	0	0	0	0	0	0	0	0	0	0.592
NRXN2	EPB41L1	0	0	0	0	0	0	0	0	0	0	0.599
NRXN2	GRIA2	0	0	0	0	0	0	0	0	0	0	0.607
NRXN2	MDGA1	0	0	0	0	0	0	0	0	0	0	0.612
NRXN2	HOMER3	0	0	0	0	0	0	0	0	0	0	0.619
NRXN2	GRM1	0	0	0	0	0	0	0	0	0	0	0.676
NRXN2	GRIA4	0	0	0	0	0	0	0	0	0	0	0.684
NRXN2	HOMER1	0	0	0	0	0	0	0	0	0	0	0.687
NRXN2	DLG3	0	0	0	0	0	0	0	0	0	0	0.713
NRXN2	GRM5	0	0	0	0	0	0	0	0	0	0	0.713
NRXN2	DLGAP2	0	0	0	0	0	0	0	0	0	0	0.714
NRXN2	DLGAP3	0	0	0	0	0	0	0	0	0	0	0.719
NRXN2	DLG2	0	0	0	0	0	0	0	0	0	0	0.741
NRXN2	DLGAP1	0	0	0	0	0	0	0	0	0	0	0.743
NRXN2	NXPH1	0	0	0	0	0	0	0	0	0	0	0.827
NRXN2	GPHN	0	0	0	0	0	0	0	0	0	0	0.831
NRXN2	SHANK1	0	0	0	0	0	0	0	0	0	0	0.876
NRXN2	SHANK2	0	0	0	0	0	0	0	0	0	0	0.88
NRXN2	SHANK3	0	0	0	0	0	0	0	0	0	0	0.897
NRXN2	NRXN1	0	0	0	0	0	0	0	0	0	0	0.922
NRXN2	DLG4	0	0	0	0	0	0	0	0	0	0	0.987
NRXN2	LRRTM2	0	0	0	0	0	0	0	0	0	0	0.993
NRXN2	DAG1	0	0	0	0	0	0	0	0	0	0	0.997
NRXN2	NLGN2	0	0	0	0	0	0	0	0	0	0	0.999
NRXN2	NLGN1	0	0	0	0	0	0	0	0	0	0	0.999
NRXN2	NLGN3	0	0	0	0	0	0	0	0	0	0	0.999
NRXN2	NLGN4Y	0	0	0	0	0	0	0	0	0	0	0.999
NRXN2	NLGN4X	0	0	0	0	0	0	0	0	0	0	0.999
TP53	GNAQ	0	0	0	0	0	0	0	0	0	0	0.479
TP53	UBE2L3	0	0	0	0	0	0	0	0	0	0	0.5
TP53	CALM3	0	0	0	0	0	0	0	0	0	0	0.508
TP53	UBE2D2	0	0	0	0	0	0	0	0	0	0	0.531
TP53	DLG1	0	0	0	0	0	0	0	0	0	0	0.533
TP53	SPOP	0	0	0	0	0	0	0	0	0	0	0.571
TP53	UBE2D1	0	0	0	0	0	0	0	0	0	0	0.578
TP53	SCRIB	0	0	0	0	0	0	0	0	0	0	0.587
TP53	CALML4	0	0	0	0	0	0	0	0	0	0	0.657
TP53	RAD23A	0	0	0	0	0	0	0	0	0	0	0.657
TP53	CALML3	0	0	0	0	0	0	0	0	0	0	0.657
TP53	FYN	0	0	0	0	0	0	0	0	0	0	0.657
TP53	PRKCI	0	0	0	0	0	0	0	0	0	0	0.661
TP53	DLG4	0	0	0	0	0	0	0	0	0	0	0.734
TP53	PIK3R1	0	0	0	0	0	0	0	0	0	0	0.853
TP53	PSMD4	0	0	0	0	0	0	0	0	0	0	0.88
TP53	CTNNB1	0	0	0	0	0	0	0	0	0	0	0.927
TP53	PTK2	0	0	0	0	0	0	0	0	0	0	0.928
TP53	PRKCZ	0	0	0	0	0	0	0	0	0	0	0.933
TP53	AKT1	0	0	0	0	0	0	0	0	0	0	0.994
TP53	UBE3A	0	0	0	0	0	0	0	0	0	0	0.999
TP53	PTEN	0	0	0	0	0	0	0	0	0	0	0.999
CACNG8	EPB41L1	0	0	0	0	0	0	0	0	0	0	0.46
CACNG8	NLGN1	0	0	0	0	0	0	0	0	0	0	0.514
CACNG8	DLG1	0	0	0	0	0	0	0	0	0	0	0.584
CACNG8	DLG3	0	0	0	0	0	0	0	0	0	0	0.649
CACNG8	GRIN3A	0	0	0	0	0	0	0	0	0	0	0.743
CACNG8	CACNG2	0	0	0	0	0	0	0	0	0	0	0.748
CACNG8	GRIN2C	0	0	0	0	0	0	0	0	0	0	0.761
CACNG8	CAMK2A	0	0	0	0	0	0	0	0	0	0	0.782
CACNG8	GRIN1	0	0	0	0	0	0	0	0	0	0	0.799
CACNG8	GRIN2A	0	0	0	0	0	0	0	0	0	0	0.812
CACNG8	GRIN2B	0	0	0	0	0	0	0	0	0	0	0.822
CACNG8	DLG4	0	0	0	0	0	0	0	0	0	0	0.901
CACNG8	GRIA3	0	0	0	0	0	0	0	0	0	0	0.936
CACNG8	GRIA4	0	0	0	0	0	0	0	0	0	0	0.936
CACNG8	CACNB4	0	0	0	0	0	0	0	0	0	0	0.94
CACNG8	SHISA9	0	0	0	0	0	0	0	0	0	0	0.948
CACNG8	CNIH2	0	0	0	0	0	0	0	0	0	0	0.99
CACNG8	GRIA2	0	0	0	0	0	0	0	0	0	0	0.994
CACNG8	GRIA1	0	0	0	0	0	0	0	0	0	0	0.996
LRRTM2	MDGA1	0	0	0	0	0	0	0	0	0	0	0.419
LRRTM2	GPHN	0	0	0	0	0	0	0	0	0	0	0.464
LRRTM2	NLGN4Y	0	0	0	0	0	0	0	0	0	0	0.474
LRRTM2	GRIA1	0	0	0	0	0	0	0	0	0	0	0.493
LRRTM2	NLGN2	0	0	0	0	0	0	0	0	0	0	0.65
LRRTM2	GRIA2	0	0	0	0	0	0	0	0	0	0	0.681
LRRTM2	NLGN4X	0	0	0	0	0	0	0	0	0	0	0.724
LRRTM2	NLGN3	0	0	0	0	0	0	0	0	0	0	0.725
LRRTM2	NLGN1	0	0	0	0	0	0	0	0	0	0	0.815
LRRTM2	DLG4	0	0	0	0	0	0	0	0	0	0	0.902
LRRTM2	NRXN3	0	0	0	0	0	0	0	0	0	0	0.92
LRRTM2	NRXN1	0	0	0	0	0	0	0	0	0	0	0.997
GRIA4	HOMER1	0	0	0	0	0	0	0	0	0	0	0.42
GRIA4	NXPH1	0	0	0	0	0	0	0	0	0	0	0.421
GRIA4	DLGAP1	0	0	0	0	0	0	0	0	0	0	0.423
GRIA4	SHANK1	0	0	0	0	0	0	0	0	0	0	0.45
GRIA4	NLGN1	0	0	0	0	0	0	0	0	0	0	0.496
GRIA4	SHANK2	0	0	0	0	0	0	0	0	0	0	0.579
GRIA4	DLG3	0	0	0	0	0	0	0	0	0	0	0.646
GRIA4	GRM1	0	0	0	0	0	0	0	0	0	0	0.653
GRIA4	GRM5	0	0	0	0	0	0	0	0	0	0	0.667
GRIA4	NRXN1	0	0	0	0	0	0	0	0	0	0	0.688
GRIA4	DLG2	0	0	0	0	0	0	0	0	0	0	0.698
GRIA4	EPB41L1	0	0	0	0	0	0	0	0	0	0	0.807
GRIA4	CAMK2A	0	0	0	0	0	0	0	0	0	0	0.814
GRIA4	GRIN2C	0	0	0	0	0	0	0	0	0	0	0.824
GRIA4	DLG1	0	0	0	0	0	0	0	0	0	0	0.828
GRIA4	DLG4	0	0	0	0	0	0	0	0	0	0	0.829
GRIA4	GRIN2B	0	0	0	0	0	0	0	0	0	0	0.853
GRIA4	GRIN3A	0	0	0	0	0	0	0	0	0	0	0.878
GRIA4	GRIN1	0	0	0	0	0	0	0	0	0	0	0.886
GRIA4	GRIN2A	0	0	0	0	0	0	0	0	0	0	0.898
GRIA4	SHISA9	0	0	0	0	0	0	0	0	0	0	0.919
GRIA4	CNIH2	0	0	0	0	0	0	0	0	0	0	0.94
GRIA4	CACNG2	0	0	0	0	0	0	0	0	0	0	0.975
GRIA4	GRIA3	0	0	0	0	0	0	0	0	0	0	0.997
GRIA4	GRIA1	0	0	0	0	0	0	0	0	0	0	0.997
GRIA4	GRIA2	0	0	0	0	0	0	0	0	0	0	0.999
GRM1	AKT1	0	0	0	0	0	0	0	0	0	0	0.421
GRM1	CALML4	0	0	0	0	0	0	0	0	0	0	0.427
GRM1	CALML3	0	0	0	0	0	0	0	0	0	0	0.432
GRM1	CALM3	0	0	0	0	0	0	0	0	0	0	0.445
GRM1	FYN	0	0	0	0	0	0	0	0	0	0	0.45
GRM1	DLG1	0	0	0	0	0	0	0	0	0	0	0.46
GRM1	PIK3R1	0	0	0	0	0	0	0	0	0	0	0.48
GRM1	GRIN3A	0	0	0	0	0	0	0	0	0	0	0.537
GRM1	NLGN4Y	0	0	0	0	0	0	0	0	0	0	0.573
GRM1	DLG3	0	0	0	0	0	0	0	0	0	0	0.598
GRM1	GRIA3	0	0	0	0	0	0	0	0	0	0	0.602
GRM1	NLGN2	0	0	0	0	0	0	0	0	0	0	0.61
GRM1	GRIN2C	0	0	0	0	0	0	0	0	0	0	0.616
GRM1	NLGN4X	0	0	0	0	0	0	0	0	0	0	0.624
GRM1	DLGAP2	0	0	0	0	0	0	0	0	0	0	0.628
GRM1	DLG2	0	0	0	0	0	0	0	0	0	0	0.64
GRM1	NLGN3	0	0	0	0	0	0	0	0	0	0	0.648
GRM1	NLGN1	0	0	0	0	0	0	0	0	0	0	0.652
GRM1	GRIN1	0	0	0	0	0	0	0	0	0	0	0.659
GRM1	NRXN3	0	0	0	0	0	0	0	0	0	0	0.687
GRM1	DLGAP3	0	0	0	0	0	0	0	0	0	0	0.688
GRM1	NRXN1	0	0	0	0	0	0	0	0	0	0	0.705
GRM1	SHANK2	0	0	0	0	0	0	0	0	0	0	0.714
GRM1	GRIN2A	0	0	0	0	0	0	0	0	0	0	0.738
GRM1	GRIN2B	0	0	0	0	0	0	0	0	0	0	0.758
GRM1	SHANK3	0	0	0	0	0	0	0	0	0	0	0.788
GRM1	GRIA2	0	0	0	0	0	0	0	0	0	0	0.809
GRM1	GRIA1	0	0	0	0	0	0	0	0	0	0	0.849
GRM1	DLG4	0	0	0	0	0	0	0	0	0	0	0.862
GRM1	SHANK1	0	0	0	0	0	0	0	0	0	0	0.899
GRM1	DLGAP1	0	0	0	0	0	0	0	0	0	0	0.938
GRM1	CAMK2A	0	0	0	0	0	0	0	0	0	0	0.968
GRM1	GRM5	0	0	0	0	0	0	0	0	0	0	0.977
GRM1	HOMER2	0	0	0	0	0	0	0	0	0	0	0.989
GRM1	HOMER3	0	0	0	0	0	0	0	0	0	0	0.99
GRM1	GNAQ	0	0	0	0	0	0	0	0	0	0	0.998
GRM1	HOMER1	0	0	0	0	0	0	0	0	0	0	0.998
GNAQ	CTNNB1	0	0	0	0	0	0	0	0	0	0	0.56
GNAQ	PTEN	0	0	0	0	0	0	0	0	0	0	0.567
GNAQ	CALML4	0	0	0	0	0	0	0	0	0	0	0.57
GNAQ	CALML3	0	0	0	0	0	0	0	0	0	0	0.581
GNAQ	CALM3	0	0	0	0	0	0	0	0	0	0	0.593
GNAQ	AKT1	0	0	0	0	0	0	0	0	0	0	0.775
GNAQ	PIK3R1	0	0	0	0	0	0	0	0	0	0	0.854
GNAQ	ADORA2A	0	0	0	0	0	0	0	0	0	0	0.959
GNAQ	GRM5	0	0	0	0	0	0	0	0	0	0	0.999
PREX2	AKT1	0	0	0	0	0	0	0	0	0	0	0.444
PREX2	PTEN	0	0	0	0	0	0	0	0	0	0	0.99
CALM3	GRIA2	0	0	0	0	0	0	0	0	0	0	0.434
CALM3	PTEN	0	0	0	0	0	0	0	0	0	0	0.451
CALM3	DLG1	0	0	0	0	0	0	0	0	0	0	0.457
CALM3	CACNB4	0	0	0	0	0	0	0	0	0	0	0.463
CALM3	MAST2	0	0	0	0	0	0	0	0	0	0	0.471
CALM3	PIK3R1	0	0	0	0	0	0	0	0	0	0	0.513
CALM3	GRIN3A	0	0	0	0	0	0	0	0	0	0	0.515
CALM3	ADORA2A	0	0	0	0	0	0	0	0	0	0	0.515
CALM3	HOMER2	0	0	0	0	0	0	0	0	0	0	0.517
CALM3	CTNNB1	0	0	0	0	0	0	0	0	0	0	0.528
CALM3	HOMER3	0	0	0	0	0	0	0	0	0	0	0.533
CALM3	GRIA1	0	0	0	0	0	0	0	0	0	0	0.583
CALM3	HOMER1	0	0	0	0	0	0	0	0	0	0	0.63
CALM3	FYN	0	0	0	0	0	0	0	0	0	0	0.685
CALM3	GRM5	0	0	0	0	0	0	0	0	0	0	0.688
CALM3	GRIN2C	0	0	0	0	0	0	0	0	0	0	0.758
CALM3	AKT1	0	0	0	0	0	0	0	0	0	0	0.802
CALM3	GRIN2A	0	0	0	0	0	0	0	0	0	0	0.901
CALM3	GRIN2B	0	0	0	0	0	0	0	0	0	0	0.91
CALM3	DLG4	0	0	0	0	0	0	0	0	0	0	0.989
CALM3	CALML4	0	0	0	0	0	0	0	0	0	0	0.996
CALM3	GRIN1	0	0	0	0	0	0	0	0	0	0	0.996
CALM3	CALML3	0	0	0	0	0	0	0	0	0	0	0.996
CALM3	CAMK2A	0	0	0	0	0	0	0	0	0	0	0.999
GRIN2C	MAGI2	0	0	0	0	0	0	0	0	0	0	0.409
GRIN2C	SHANK1	0	0	0	0	0	0	0	0	0	0	0.416
GRIN2C	GRM5	0	0	0	0	0	0	0	0	0	0	0.621
GRIN2C	DLG1	0	0	0	0	0	0	0	0	0	0	0.681
GRIN2C	SHISA9	0	0	0	0	0	0	0	0	0	0	0.733
GRIN2C	CAMK2A	0	0	0	0	0	0	0	0	0	0	0.735
GRIN2C	CALML3	0	0	0	0	0	0	0	0	0	0	0.741
GRIN2C	CALML4	0	0	0	0	0	0	0	0	0	0	0.741
GRIN2C	CNIH2	0	0	0	0	0	0	0	0	0	0	0.765
GRIN2C	GRIA3	0	0	0	0	0	0	0	0	0	0	0.809
GRIN2C	CACNG2	0	0	0	0	0	0	0	0	0	0	0.817
GRIN2C	DLG2	0	0	0	0	0	0	0	0	0	0	0.818
GRIN2C	GRIA2	0	0	0	0	0	0	0	0	0	0	0.822
GRIN2C	GRIA1	0	0	0	0	0	0	0	0	0	0	0.829
GRIN2C	DLG3	0	0	0	0	0	0	0	0	0	0	0.872
GRIN2C	DLG4	0	0	0	0	0	0	0	0	0	0	0.99
GRIN2C	GRIN2A	0	0	0	0	0	0	0	0	0	0	0.998
GRIN2C	GRIN2B	0	0	0	0	0	0	0	0	0	0	0.998
GRIN2C	GRIN3A	0	0	0	0	0	0	0	0	0	0	0.998
GRIN2C	GRIN1	0	0	0	0	0	0	0	0	0	0	0.999
SHANK1	GPHN	0	0	0	0	0	0	0	0	0	0	0.416
SHANK1	CACNG2	0	0	0	0	0	0	0	0	0	0	0.418
SHANK1	MAGI2	0	0	0	0	0	0	0	0	0	0	0.418
SHANK1	DLG1	0	0	0	0	0	0	0	0	0	0	0.446
SHANK1	CAMK2A	0	0	0	0	0	0	0	0	0	0	0.533
SHANK1	GRIA2	0	0	0	0	0	0	0	0	0	0	0.563
SHANK1	GRIN1	0	0	0	0	0	0	0	0	0	0	0.596
SHANK1	GRIA1	0	0	0	0	0	0	0	0	0	0	0.619
SHANK1	NRXN3	0	0	0	0	0	0	0	0	0	0	0.696
SHANK1	GRIN2A	0	0	0	0	0	0	0	0	0	0	0.742
SHANK1	GRIN2B	0	0	0	0	0	0	0	0	0	0	0.752
SHANK1	NLGN4Y	0	0	0	0	0	0	0	0	0	0	0.76
SHANK1	DLG3	0	0	0	0	0	0	0	0	0	0	0.778
SHANK1	DLGAP2	0	0	0	0	0	0	0	0	0	0	0.841
SHANK1	NLGN2	0	0	0	0	0	0	0	0	0	0	0.868
SHANK1	DLG2	0	0	0	0	0	0	0	0	0	0	0.878
SHANK1	NRXN1	0	0	0	0	0	0	0	0	0	0	0.887
SHANK1	NLGN4X	0	0	0	0	0	0	0	0	0	0	0.894
SHANK1	NLGN3	0	0	0	0	0	0	0	0	0	0	0.904
SHANK1	DLGAP3	0	0	0	0	0	0	0	0	0	0	0.92
SHANK1	NLGN1	0	0	0	0	0	0	0	0	0	0	0.926
SHANK1	HOMER2	0	0	0	0	0	0	0	0	0	0	0.927
SHANK1	GRM5	0	0	0	0	0	0	0	0	0	0	0.939
SHANK1	HOMER3	0	0	0	0	0	0	0	0	0	0	0.966
SHANK1	SHANK2	0	0	0	0	0	0	0	0	0	0	0.968
SHANK1	SHANK3	0	0	0	0	0	0	0	0	0	0	0.982
SHANK1	HOMER1	0	0	0	0	0	0	0	0	0	0	0.984
SHANK1	DLG4	0	0	0	0	0	0	0	0	0	0	0.992
SHANK1	DLGAP1	0	0	0	0	0	0	0	0	0	0	0.996
PRKCI	PIK3R1	0	0	0	0	0	0	0	0	0	0	0.919
PRKCI	PTEN	0	0	0	0	0	0	0	0	0	0	0.933
PRKCI	PRKCZ	0	0	0	0	0	0	0	0	0	0	0.989
PRKCI	LLGL1	0	0	0	0	0	0	0	0	0	0	0.993
PRKCI	LLGL2	0	0	0	0	0	0	0	0	0	0	0.996
GRIA2	DLGAP3	0	0	0	0	0	0	0	0	0	0	0.401
GRIA2	CALML4	0	0	0	0	0	0	0	0	0	0	0.404
GRIA2	PIK3R1	0	0	0	0	0	0	0	0	0	0	0.415
GRIA2	NRXN3	0	0	0	0	0	0	0	0	0	0	0.416
GRIA2	DLGAP2	0	0	0	0	0	0	0	0	0	0	0.422
GRIA2	NLGN4Y	0	0	0	0	0	0	0	0	0	0	0.426
GRIA2	NLGN4X	0	0	0	0	0	0	0	0	0	0	0.485
GRIA2	EPB41L1	0	0	0	0	0	0	0	0	0	0	0.485
GRIA2	NLGN2	0	0	0	0	0	0	0	0	0	0	0.516
GRIA2	GPHN	0	0	0	0	0	0	0	0	0	0	0.52
GRIA2	NLGN3	0	0	0	0	0	0	0	0	0	0	0.535
GRIA2	SHANK3	0	0	0	0	0	0	0	0	0	0	0.573
GRIA2	HOMER1	0	0	0	0	0	0	0	0	0	0	0.596
GRIA2	CTNNB1	0	0	0	0	0	0	0	0	0	0	0.615
GRIA2	SHANK2	0	0	0	0	0	0	0	0	0	0	0.637
GRIA2	NLGN1	0	0	0	0	0	0	0	0	0	0	0.64
GRIA2	NRXN1	0	0	0	0	0	0	0	0	0	0	0.695
GRIA2	DLGAP1	0	0	0	0	0	0	0	0	0	0	0.722
GRIA2	DLG3	0	0	0	0	0	0	0	0	0	0	0.789
GRIA2	DLG1	0	0	0	0	0	0	0	0	0	0	0.809
GRIA2	DLG2	0	0	0	0	0	0	0	0	0	0	0.815
GRIA2	GRIN3A	0	0	0	0	0	0	0	0	0	0	0.845
GRIA2	GRM5	0	0	0	0	0	0	0	0	0	0	0.852
GRIA2	SHISA9	0	0	0	0	0	0	0	0	0	0	0.855
GRIA2	GRIN2B	0	0	0	0	0	0	0	0	0	0	0.885
GRIA2	GRIN1	0	0	0	0	0	0	0	0	0	0	0.901
GRIA2	GRIN2A	0	0	0	0	0	0	0	0	0	0	0.933
GRIA2	DLG4	0	0	0	0	0	0	0	0	0	0	0.968
GRIA2	CAMK2A	0	0	0	0	0	0	0	0	0	0	0.977
GRIA2	CNIH2	0	0	0	0	0	0	0	0	0	0	0.99
GRIA2	CACNG2	0	0	0	0	0	0	0	0	0	0	0.995
GRIA2	GRIA1	0	0	0	0	0	0	0	0	0	0	0.999
GRIA2	GRIA3	0	0	0	0	0	0	0	0	0	0	0.999
CACNG2	NLGN1	0	0	0	0	0	0	0	0	0	0	0.413
CACNG2	NRXN1	0	0	0	0	0	0	0	0	0	0	0.435
CACNG2	HOMER1	0	0	0	0	0	0	0	0	0	0	0.446
CACNG2	EPB41L1	0	0	0	0	0	0	0	0	0	0	0.67
CACNG2	DLGAP1	0	0	0	0	0	0	0	0	0	0	0.751
CACNG2	DLG2	0	0	0	0	0	0	0	0	0	0	0.783
CACNG2	CAMK2A	0	0	0	0	0	0	0	0	0	0	0.808
CACNG2	GRIN3A	0	0	0	0	0	0	0	0	0	0	0.852
CACNG2	GRIN2A	0	0	0	0	0	0	0	0	0	0	0.88
CACNG2	GRIN2B	0	0	0	0	0	0	0	0	0	0	0.893
CACNG2	GRIN1	0	0	0	0	0	0	0	0	0	0	0.894
CACNG2	DLG3	0	0	0	0	0	0	0	0	0	0	0.9
CACNG2	CNIH2	0	0	0	0	0	0	0	0	0	0	0.906
CACNG2	MAGI2	0	0	0	0	0	0	0	0	0	0	0.915
CACNG2	DLG1	0	0	0	0	0	0	0	0	0	0	0.941
CACNG2	CACNB4	0	0	0	0	0	0	0	0	0	0	0.951
CACNG2	SHISA9	0	0	0	0	0	0	0	0	0	0	0.973
CACNG2	GRIA3	0	0	0	0	0	0	0	0	0	0	0.984
CACNG2	DLG4	0	0	0	0	0	0	0	0	0	0	0.999
CACNG2	GRIA1	0	0	0	0	0	0	0	0	0	0	0.999
NLGN2	CAMK2A	0	0	0	0	0	0	0	0	0	0	0.411
NLGN2	NXPH1	0	0	0	0	0	0	0	0	0	0	0.414
NLGN2	DLG1	0	0	0	0	0	0	0	0	0	0	0.44
NLGN2	PTEN	0	0	0	0	0	0	0	0	0	0	0.455
NLGN2	GRIN1	0	0	0	0	0	0	0	0	0	0	0.469
NLGN2	PRNP	0	0	0	0	0	0	0	0	0	0	0.485
NLGN2	GRIN2B	0	0	0	0	0	0	0	0	0	0	0.496
NLGN2	CTNNB1	0	0	0	0	0	0	0	0	0	0	0.499
NLGN2	GRIN2A	0	0	0	0	0	0	0	0	0	0	0.521
NLGN2	NLGN4Y	0	0	0	0	0	0	0	0	0	0	0.525
NLGN2	GRIA1	0	0	0	0	0	0	0	0	0	0	0.532
NLGN2	DAG1	0	0	0	0	0	0	0	0	0	0	0.59
NLGN2	EPB41L1	0	0	0	0	0	0	0	0	0	0	0.624
NLGN2	HOMER2	0	0	0	0	0	0	0	0	0	0	0.647
NLGN2	GRM5	0	0	0	0	0	0	0	0	0	0	0.668
NLGN2	NLGN3	0	0	0	0	0	0	0	0	0	0	0.683
NLGN2	HOMER3	0	0	0	0	0	0	0	0	0	0	0.697
NLGN2	HOMER1	0	0	0	0	0	0	0	0	0	0	0.699
NLGN2	NLGN4X	0	0	0	0	0	0	0	0	0	0	0.704
NLGN2	NLGN1	0	0	0	0	0	0	0	0	0	0	0.704
NLGN2	DLGAP3	0	0	0	0	0	0	0	0	0	0	0.709
NLGN2	DLGAP2	0	0	0	0	0	0	0	0	0	0	0.715
NLGN2	DLG2	0	0	0	0	0	0	0	0	0	0	0.784
NLGN2	MAGI2	0	0	0	0	0	0	0	0	0	0	0.813
NLGN2	DLGAP1	0	0	0	0	0	0	0	0	0	0	0.844
NLGN2	SHANK2	0	0	0	0	0	0	0	0	0	0	0.868
NLGN2	DLG3	0	0	0	0	0	0	0	0	0	0	0.883
NLGN2	SHANK3	0	0	0	0	0	0	0	0	0	0	0.935
NLGN2	GPHN	0	0	0	0	0	0	0	0	0	0	0.968
NLGN2	NRXN3	0	0	0	0	0	0	0	0	0	0	0.978
NLGN2	MDGA1	0	0	0	0	0	0	0	0	0	0	0.994
NLGN2	DLG4	0	0	0	0	0	0	0	0	0	0	0.998
NLGN2	NRXN1	0	0	0	0	0	0	0	0	0	0	0.999
HOMER2	GRIA1	0	0	0	0	0	0	0	0	0	0	0.4
HOMER2	GRIN1	0	0	0	0	0	0	0	0	0	0	0.42
HOMER2	GRIN2A	0	0	0	0	0	0	0	0	0	0	0.478
HOMER2	GRIN2B	0	0	0	0	0	0	0	0	0	0	0.502
HOMER2	CALML4	0	0	0	0	0	0	0	0	0	0	0.507
HOMER2	CALML3	0	0	0	0	0	0	0	0	0	0	0.518
HOMER2	NLGN4X	0	0	0	0	0	0	0	0	0	0	0.596
HOMER2	NRXN1	0	0	0	0	0	0	0	0	0	0	0.605
HOMER2	NLGN4Y	0	0	0	0	0	0	0	0	0	0	0.607
HOMER2	DLG2	0	0	0	0	0	0	0	0	0	0	0.61
HOMER2	DLG3	0	0	0	0	0	0	0	0	0	0	0.613
HOMER2	NLGN1	0	0	0	0	0	0	0	0	0	0	0.618
HOMER2	DLGAP2	0	0	0	0	0	0	0	0	0	0	0.637
HOMER2	AKT1	0	0	0	0	0	0	0	0	0	0	0.638
HOMER2	NLGN3	0	0	0	0	0	0	0	0	0	0	0.641
HOMER2	DLGAP3	0	0	0	0	0	0	0	0	0	0	0.666
HOMER2	NRXN3	0	0	0	0	0	0	0	0	0	0	0.691
HOMER2	SHANK3	0	0	0	0	0	0	0	0	0	0	0.758
HOMER2	DLG4	0	0	0	0	0	0	0	0	0	0	0.779
HOMER2	SHANK2	0	0	0	0	0	0	0	0	0	0	0.782
HOMER2	DLGAP1	0	0	0	0	0	0	0	0	0	0	0.857
HOMER2	GRM5	0	0	0	0	0	0	0	0	0	0	0.965
HOMER2	HOMER3	0	0	0	0	0	0	0	0	0	0	0.99
HOMER2	HOMER1	0	0	0	0	0	0	0	0	0	0	0.991
GRM5	AKT1	0	0	0	0	0	0	0	0	0	0	0.44
GRM5	FYN	0	0	0	0	0	0	0	0	0	0	0.471
GRM5	CALML4	0	0	0	0	0	0	0	0	0	0	0.49
GRM5	CALML3	0	0	0	0	0	0	0	0	0	0	0.493
GRM5	PRKCZ	0	0	0	0	0	0	0	0	0	0	0.515
GRM5	NXPH1	0	0	0	0	0	0	0	0	0	0	0.54
GRM5	GPHN	0	0	0	0	0	0	0	0	0	0	0.545
GRM5	EPB41L1	0	0	0	0	0	0	0	0	0	0	0.547
GRM5	NLGN4Y	0	0	0	0	0	0	0	0	0	0	0.611
GRM5	DLG3	0	0	0	0	0	0	0	0	0	0	0.642
GRM5	DLGAP2	0	0	0	0	0	0	0	0	0	0	0.686
GRM5	NLGN4X	0	0	0	0	0	0	0	0	0	0	0.696
GRM5	GRIN3A	0	0	0	0	0	0	0	0	0	0	0.699
GRM5	DLG2	0	0	0	0	0	0	0	0	0	0	0.702
GRM5	NLGN1	0	0	0	0	0	0	0	0	0	0	0.716
GRM5	NRXN3	0	0	0	0	0	0	0	0	0	0	0.724
GRM5	NLGN3	0	0	0	0	0	0	0	0	0	0	0.735
GRM5	NRXN1	0	0	0	0	0	0	0	0	0	0	0.766
GRM5	GRIA3	0	0	0	0	0	0	0	0	0	0	0.782
GRM5	DLGAP3	0	0	0	0	0	0	0	0	0	0	0.786
GRM5	GRIN1	0	0	0	0	0	0	0	0	0	0	0.792
GRM5	GRIN2A	0	0	0	0	0	0	0	0	0	0	0.841
GRM5	GRIN2B	0	0	0	0	0	0	0	0	0	0	0.842
GRM5	SHANK2	0	0	0	0	0	0	0	0	0	0	0.869
GRM5	SHANK3	0	0	0	0	0	0	0	0	0	0	0.88
GRM5	DLG4	0	0	0	0	0	0	0	0	0	0	0.902
GRM5	DLGAP1	0	0	0	0	0	0	0	0	0	0	0.915
GRM5	GRIA1	0	0	0	0	0	0	0	0	0	0	0.916
GRM5	HOMER3	0	0	0	0	0	0	0	0	0	0	0.929
GRM5	PRNP	0	0	0	0	0	0	0	0	0	0	0.953
GRM5	CAMK2A	0	0	0	0	0	0	0	0	0	0	0.975
GRM5	ADORA2A	0	0	0	0	0	0	0	0	0	0	0.976
GRM5	HOMER1	0	0	0	0	0	0	0	0	0	0	0.999
CNIH2	DLG3	0	0	0	0	0	0	0	0	0	0	0.552
CNIH2	GRIN3A	0	0	0	0	0	0	0	0	0	0	0.763
CNIH2	GRIN2B	0	0	0	0	0	0	0	0	0	0	0.774
CNIH2	GRIN2A	0	0	0	0	0	0	0	0	0	0	0.784
CNIH2	GRIN1	0	0	0	0	0	0	0	0	0	0	0.796
CNIH2	DLG4	0	0	0	0	0	0	0	0	0	0	0.856
CNIH2	SHISA9	0	0	0	0	0	0	0	0	0	0	0.949
CNIH2	GRIA3	0	0	0	0	0	0	0	0	0	0	0.97
CNIH2	GRIA1	0	0	0	0	0	0	0	0	0	0	0.995
CALML3	PTEN	0	0	0	0	0	0	0	0	0	0	0.437
CALML3	ADORA2A	0	0	0	0	0	0	0	0	0	0	0.455
CALML3	DLG1	0	0	0	0	0	0	0	0	0	0	0.456
CALML3	HOMER3	0	0	0	0	0	0	0	0	0	0	0.532
CALML3	GRIA1	0	0	0	0	0	0	0	0	0	0	0.581
CALML3	HOMER1	0	0	0	0	0	0	0	0	0	0	0.625
CALML3	CTNNB1	0	0	0	0	0	0	0	0	0	0	0.628
CALML3	FYN	0	0	0	0	0	0	0	0	0	0	0.682
CALML3	AKT1	0	0	0	0	0	0	0	0	0	0	0.719
CALML3	DLG4	0	0	0	0	0	0	0	0	0	0	0.891
CALML3	GRIN2A	0	0	0	0	0	0	0	0	0	0	0.895
CALML3	GRIN2B	0	0	0	0	0	0	0	0	0	0	0.927
CALML3	GRIN1	0	0	0	0	0	0	0	0	0	0	0.96
CALML3	CALML4	0	0	0	0	0	0	0	0	0	0	0.963
CALML3	CAMK2A	0	0	0	0	0	0	0	0	0	0	0.999
DLGAP1	GRIN1	0	0	0	0	0	0	0	0	0	0	0.57
DLGAP1	NRXN3	0	0	0	0	0	0	0	0	0	0	0.659
DLGAP1	CAMK2A	0	0	0	0	0	0	0	0	0	0	0.703
DLGAP1	DLGAP2	0	0	0	0	0	0	0	0	0	0	0.704
DLGAP1	DLGAP3	0	0	0	0	0	0	0	0	0	0	0.724
DLGAP1	MAGI2	0	0	0	0	0	0	0	0	0	0	0.732
DLGAP1	NRXN1	0	0	0	0	0	0	0	0	0	0	0.774
DLGAP1	NLGN4Y	0	0	0	0	0	0	0	0	0	0	0.843
DLGAP1	GRIA1	0	0	0	0	0	0	0	0	0	0	0.852
DLGAP1	NLGN3	0	0	0	0	0	0	0	0	0	0	0.855
DLGAP1	NLGN4X	0	0	0	0	0	0	0	0	0	0	0.861
DLGAP1	GRIN2A	0	0	0	0	0	0	0	0	0	0	0.885
DLGAP1	DLG3	0	0	0	0	0	0	0	0	0	0	0.887
DLGAP1	DLG2	0	0	0	0	0	0	0	0	0	0	0.89
DLGAP1	GRIN2B	0	0	0	0	0	0	0	0	0	0	0.9
DLGAP1	NLGN1	0	0	0	0	0	0	0	0	0	0	0.927
DLGAP1	HOMER3	0	0	0	0	0	0	0	0	0	0	0.943
DLGAP1	DLG1	0	0	0	0	0	0	0	0	0	0	0.952
DLGAP1	SHANK2	0	0	0	0	0	0	0	0	0	0	0.981
DLGAP1	HOMER1	0	0	0	0	0	0	0	0	0	0	0.986
DLGAP1	SHANK3	0	0	0	0	0	0	0	0	0	0	0.997
DLGAP1	DLG4	0	0	0	0	0	0	0	0	0	0	0.999
LLGL1	FYN	0	0	0	0	0	0	0	0	0	0	0.406
LLGL1	DLG2	0	0	0	0	0	0	0	0	0	0	0.84
LLGL1	UBE3A	0	0	0	0	0	0	0	0	0	0	0.905
LLGL1	DLG3	0	0	0	0	0	0	0	0	0	0	0.939
LLGL1	SCRIB	0	0	0	0	0	0	0	0	0	0	0.964
LLGL1	DLG1	0	0	0	0	0	0	0	0	0	0	0.975
LLGL1	DLG4	0	0	0	0	0	0	0	0	0	0	0.983
LLGL1	LLGL2	0	0	0	0	0	0	0	0	0	0	0.993
LLGL1	PRKCZ	0	0	0	0	0	0	0	0	0	0	0.995
GRIN2A	NLGN4X	0	0	0	0	0	0	0	0	0	0	0.471
GRIN2A	NLGN3	0	0	0	0	0	0	0	0	0	0	0.472
GRIN2A	GPHN	0	0	0	0	0	0	0	0	0	0	0.482
GRIN2A	CACNB4	0	0	0	0	0	0	0	0	0	0	0.54
GRIN2A	NLGN1	0	0	0	0	0	0	0	0	0	0	0.554
GRIN2A	SHANK2	0	0	0	0	0	0	0	0	0	0	0.555
GRIN2A	DLGAP3	0	0	0	0	0	0	0	0	0	0	0.574
GRIN2A	MAGI2	0	0	0	0	0	0	0	0	0	0	0.575
GRIN2A	DLGAP2	0	0	0	0	0	0	0	0	0	0	0.577
GRIN2A	NRXN1	0	0	0	0	0	0	0	0	0	0	0.617
GRIN2A	SHANK3	0	0	0	0	0	0	0	0	0	0	0.638
GRIN2A	AKT1	0	0	0	0	0	0	0	0	0	0	0.659
GRIN2A	HOMER1	0	0	0	0	0	0	0	0	0	0	0.768
GRIN2A	SHISA9	0	0	0	0	0	0	0	0	0	0	0.786
GRIN2A	GRIA3	0	0	0	0	0	0	0	0	0	0	0.886
GRIN2A	CALML4	0	0	0	0	0	0	0	0	0	0	0.897
GRIN2A	GRIA1	0	0	0	0	0	0	0	0	0	0	0.926
GRIN2A	CAMK2A	0	0	0	0	0	0	0	0	0	0	0.968
GRIN2A	DLG1	0	0	0	0	0	0	0	0	0	0	0.979
GRIN2A	FYN	0	0	0	0	0	0	0	0	0	0	0.981
GRIN2A	DLG2	0	0	0	0	0	0	0	0	0	0	0.997
GRIN2A	DLG3	0	0	0	0	0	0	0	0	0	0	0.998
GRIN2A	GRIN1	0	0	0	0	0	0	0	0	0	0	0.999
GRIN2A	GRIN2B	0	0	0	0	0	0	0	0	0	0	0.999
GRIN2A	GRIN3A	0	0	0	0	0	0	0	0	0	0	0.999
GRIN2A	DLG4	0	0	0	0	0	0	0	0	0	0	0.999
HOMER1	GRIA3	0	0	0	0	0	0	0	0	0	0	0.43
HOMER1	PRNP	0	0	0	0	0	0	0	0	0	0	0.521
HOMER1	DLG1	0	0	0	0	0	0	0	0	0	0	0.553
HOMER1	NRXN3	0	0	0	0	0	0	0	0	0	0	0.608
HOMER1	CALML4	0	0	0	0	0	0	0	0	0	0	0.618
HOMER1	GRIN1	0	0	0	0	0	0	0	0	0	0	0.641
HOMER1	NLGN4Y	0	0	0	0	0	0	0	0	0	0	0.649
HOMER1	GRIN2B	0	0	0	0	0	0	0	0	0	0	0.675
HOMER1	NLGN4X	0	0	0	0	0	0	0	0	0	0	0.69
HOMER1	NRXN1	0	0	0	0	0	0	0	0	0	0	0.706
HOMER1	DLG3	0	0	0	0	0	0	0	0	0	0	0.707
HOMER1	NLGN3	0	0	0	0	0	0	0	0	0	0	0.721
HOMER1	NLGN1	0	0	0	0	0	0	0	0	0	0	0.726
HOMER1	GPHN	0	0	0	0	0	0	0	0	0	0	0.733
HOMER1	DLGAP2	0	0	0	0	0	0	0	0	0	0	0.734
HOMER1	CAMK2A	0	0	0	0	0	0	0	0	0	0	0.735
HOMER1	EPB41L1	0	0	0	0	0	0	0	0	0	0	0.747
HOMER1	DLGAP3	0	0	0	0	0	0	0	0	0	0	0.816
HOMER1	DLG2	0	0	0	0	0	0	0	0	0	0	0.821
HOMER1	GRIA1	0	0	0	0	0	0	0	0	0	0	0.873
HOMER1	SHANK2	0	0	0	0	0	0	0	0	0	0	0.937
HOMER1	SHANK3	0	0	0	0	0	0	0	0	0	0	0.957
HOMER1	DLG4	0	0	0	0	0	0	0	0	0	0	0.988
HOMER1	HOMER3	0	0	0	0	0	0	0	0	0	0	0.993
EPB41L1	DLG3	0	0	0	0	0	0	0	0	0	0	0.471
EPB41L1	NRXN3	0	0	0	0	0	0	0	0	0	0	0.528
EPB41L1	NLGN3	0	0	0	0	0	0	0	0	0	0	0.543
EPB41L1	NLGN4Y	0	0	0	0	0	0	0	0	0	0	0.547
EPB41L1	CAMK2A	0	0	0	0	0	0	0	0	0	0	0.571
EPB41L1	NLGN4X	0	0	0	0	0	0	0	0	0	0	0.578
EPB41L1	NRXN1	0	0	0	0	0	0	0	0	0	0	0.592
EPB41L1	NLGN1	0	0	0	0	0	0	0	0	0	0	0.639
EPB41L1	GRIA3	0	0	0	0	0	0	0	0	0	0	0.66
EPB41L1	DLG4	0	0	0	0	0	0	0	0	0	0	0.793
EPB41L1	DLG1	0	0	0	0	0	0	0	0	0	0	0.815
EPB41L1	GRIA1	0	0	0	0	0	0	0	0	0	0	0.997
PTK2	DAG1	0	0	0	0	0	0	0	0	0	0	0.434
PTK2	CTNNB1	0	0	0	0	0	0	0	0	0	0	0.802
PTK2	AKT1	0	0	0	0	0	0	0	0	0	0	0.879
PTK2	PIK3R1	0	0	0	0	0	0	0	0	0	0	0.988
PTK2	PTEN	0	0	0	0	0	0	0	0	0	0	0.995
PTK2	FYN	0	0	0	0	0	0	0	0	0	0	0.998
SHANK2	MAGI2	0	0	0	0	0	0	0	0	0	0	0.413
SHANK2	DLG1	0	0	0	0	0	0	0	0	0	0	0.416
SHANK2	CAMK2A	0	0	0	0	0	0	0	0	0	0	0.442
SHANK2	GRIN1	0	0	0	0	0	0	0	0	0	0	0.475
SHANK2	UBE3A	0	0	0	0	0	0	0	0	0	0	0.486
SHANK2	GPHN	0	0	0	0	0	0	0	0	0	0	0.486
SHANK2	AKT1	0	0	0	0	0	0	0	0	0	0	0.539
SHANK2	GRIN3A	0	0	0	0	0	0	0	0	0	0	0.575
SHANK2	GRIN2B	0	0	0	0	0	0	0	0	0	0	0.628
SHANK2	NRXN3	0	0	0	0	0	0	0	0	0	0	0.725
SHANK2	DLG3	0	0	0	0	0	0	0	0	0	0	0.744
SHANK2	GRIA1	0	0	0	0	0	0	0	0	0	0	0.75
SHANK2	HOMER3	0	0	0	0	0	0	0	0	0	0	0.799
SHANK2	DLG2	0	0	0	0	0	0	0	0	0	0	0.811
SHANK2	NLGN4Y	0	0	0	0	0	0	0	0	0	0	0.85
SHANK2	NRXN1	0	0	0	0	0	0	0	0	0	0	0.914
SHANK2	NLGN1	0	0	0	0	0	0	0	0	0	0	0.914
SHANK2	DLGAP3	0	0	0	0	0	0	0	0	0	0	0.917
SHANK2	NLGN3	0	0	0	0	0	0	0	0	0	0	0.958
SHANK2	NLGN4X	0	0	0	0	0	0	0	0	0	0	0.964
SHANK2	DLGAP2	0	0	0	0	0	0	0	0	0	0	0.969
SHANK2	SHANK3	0	0	0	0	0	0	0	0	0	0	0.98
SHANK2	DLG4	0	0	0	0	0	0	0	0	0	0	0.993
DLG1	NLGN4Y	0	0	0	0	0	0	0	0	0	0	0.402
DLG1	NLGN4X	0	0	0	0	0	0	0	0	0	0	0.414
DLG1	NLGN3	0	0	0	0	0	0	0	0	0	0	0.436
DLG1	CALML4	0	0	0	0	0	0	0	0	0	0	0.457
DLG1	NRXN1	0	0	0	0	0	0	0	0	0	0	0.472
DLG1	NLGN1	0	0	0	0	0	0	0	0	0	0	0.483
DLG1	MAST2	0	0	0	0	0	0	0	0	0	0	0.531
DLG1	MAGI2	0	0	0	0	0	0	0	0	0	0	0.579
DLG1	SHANK3	0	0	0	0	0	0	0	0	0	0	0.587
DLG1	GRIA3	0	0	0	0	0	0	0	0	0	0	0.697
DLG1	DLGAP2	0	0	0	0	0	0	0	0	0	0	0.714
DLG1	CAMK2A	0	0	0	0	0	0	0	0	0	0	0.721
DLG1	CTNNB1	0	0	0	0	0	0	0	0	0	0	0.786
DLG1	GRIN1	0	0	0	0	0	0	0	0	0	0	0.878
DLG1	LLGL2	0	0	0	0	0	0	0	0	0	0	0.916
DLG1	SCRIB	0	0	0	0	0	0	0	0	0	0	0.917
DLG1	DLG4	0	0	0	0	0	0	0	0	0	0	0.956
DLG1	DLG2	0	0	0	0	0	0	0	0	0	0	0.962
DLG1	UBE3A	0	0	0	0	0	0	0	0	0	0	0.974
DLG1	DLG3	0	0	0	0	0	0	0	0	0	0	0.974
DLG1	GRIN2B	0	0	0	0	0	0	0	0	0	0	0.992
DLG1	PTEN	0	0	0	0	0	0	0	0	0	0	0.996
DLG1	GRIA1	0	0	0	0	0	0	0	0	0	0	0.999
MAGI2	GRIA1	0	0	0	0	0	0	0	0	0	0	0.408
MAGI2	DLGAP2	0	0	0	0	0	0	0	0	0	0	0.42
MAGI2	NRXN1	0	0	0	0	0	0	0	0	0	0	0.461
MAGI2	GRIN2B	0	0	0	0	0	0	0	0	0	0	0.595
MAGI2	DLG4	0	0	0	0	0	0	0	0	0	0	0.616
MAGI2	DLGAP3	0	0	0	0	0	0	0	0	0	0	0.633
MAGI2	DAG1	0	0	0	0	0	0	0	0	0	0	0.669
MAGI2	NLGN4Y	0	0	0	0	0	0	0	0	0	0	0.743
MAGI2	NLGN4X	0	0	0	0	0	0	0	0	0	0	0.763
MAGI2	NLGN3	0	0	0	0	0	0	0	0	0	0	0.779
MAGI2	MAST2	0	0	0	0	0	0	0	0	0	0	0.84
MAGI2	NLGN1	0	0	0	0	0	0	0	0	0	0	0.893
MAGI2	CTNNB1	0	0	0	0	0	0	0	0	0	0	0.986
MAGI2	PTEN	0	0	0	0	0	0	0	0	0	0	0.998
FYN	GRIA1	0	0	0	0	0	0	0	0	0	0	0.451
FYN	DAG1	0	0	0	0	0	0	0	0	0	0	0.484
FYN	PTEN	0	0	0	0	0	0	0	0	0	0	0.657
FYN	CALML4	0	0	0	0	0	0	0	0	0	0	0.679
FYN	DLG3	0	0	0	0	0	0	0	0	0	0	0.705
FYN	GRIN1	0	0	0	0	0	0	0	0	0	0	0.743
FYN	DLG2	0	0	0	0	0	0	0	0	0	0	0.766
FYN	AKT1	0	0	0	0	0	0	0	0	0	0	0.834
FYN	CTNNB1	0	0	0	0	0	0	0	0	0	0	0.986
FYN	PIK3R1	0	0	0	0	0	0	0	0	0	0	0.988
FYN	PRNP	0	0	0	0	0	0	0	0	0	0	0.99
FYN	GRIN2B	0	0	0	0	0	0	0	0	0	0	0.993
FYN	DLG4	0	0	0	0	0	0	0	0	0	0	0.996
NLGN4Y	GRIA1	0	0	0	0	0	0	0	0	0	0	0.412
NLGN4Y	GRIN2B	0	0	0	0	0	0	0	0	0	0	0.448
NLGN4Y	PTEN	0	0	0	0	0	0	0	0	0	0	0.464
NLGN4Y	GPHN	0	0	0	0	0	0	0	0	0	0	0.478
NLGN4Y	PRNP	0	0	0	0	0	0	0	0	0	0	0.487
NLGN4Y	CTNNB1	0	0	0	0	0	0	0	0	0	0	0.498
NLGN4Y	MDGA1	0	0	0	0	0	0	0	0	0	0	0.505
NLGN4Y	NLGN4X	0	0	0	0	0	0	0	0	0	0	0.519
NLGN4Y	NLGN1	0	0	0	0	0	0	0	0	0	0	0.523
NLGN4Y	HOMER3	0	0	0	0	0	0	0	0	0	0	0.608
NLGN4Y	DLGAP3	0	0	0	0	0	0	0	0	0	0	0.66
NLGN4Y	DLGAP2	0	0	0	0	0	0	0	0	0	0	0.669
NLGN4Y	DLG2	0	0	0	0	0	0	0	0	0	0	0.696
NLGN4Y	NLGN3	0	0	0	0	0	0	0	0	0	0	0.697
NLGN4Y	NRXN3	0	0	0	0	0	0	0	0	0	0	0.827
NLGN4Y	DLG3	0	0	0	0	0	0	0	0	0	0	0.848
NLGN4Y	SHANK3	0	0	0	0	0	0	0	0	0	0	0.899
NLGN4Y	DLG4	0	0	0	0	0	0	0	0	0	0	0.986
NLGN4Y	NRXN1	0	0	0	0	0	0	0	0	0	0	0.999
SCRIB	GRIN2B	0	0	0	0	0	0	0	0	0	0	0.494
SCRIB	PRKCZ	0	0	0	0	0	0	0	0	0	0	0.657
SCRIB	AKT1	0	0	0	0	0	0	0	0	0	0	0.712
SCRIB	PTEN	0	0	0	0	0	0	0	0	0	0	0.834
SCRIB	DLG2	0	0	0	0	0	0	0	0	0	0	0.856
SCRIB	CTNNB1	0	0	0	0	0	0	0	0	0	0	0.88
SCRIB	DLG3	0	0	0	0	0	0	0	0	0	0	0.908
SCRIB	DLG4	0	0	0	0	0	0	0	0	0	0	0.921
SCRIB	LLGL2	0	0	0	0	0	0	0	0	0	0	0.959
SCRIB	UBE3A	0	0	0	0	0	0	0	0	0	0	0.98
NLGN3	NXPH1	0	0	0	0	0	0	0	0	0	0	0.418
NLGN3	GRIN1	0	0	0	0	0	0	0	0	0	0	0.446
NLGN3	PRNP	0	0	0	0	0	0	0	0	0	0	0.48
NLGN3	CTNNB1	0	0	0	0	0	0	0	0	0	0	0.513
NLGN3	GRIA1	0	0	0	0	0	0	0	0	0	0	0.536
NLGN3	GRIN2B	0	0	0	0	0	0	0	0	0	0	0.573
NLGN3	PTEN	0	0	0	0	0	0	0	0	0	0	0.591
NLGN3	GPHN	0	0	0	0	0	0	0	0	0	0	0.648
NLGN3	HOMER3	0	0	0	0	0	0	0	0	0	0	0.65
NLGN3	UBE3A	0	0	0	0	0	0	0	0	0	0	0.667
NLGN3	MDGA1	0	0	0	0	0	0	0	0	0	0	0.686
NLGN3	DLGAP3	0	0	0	0	0	0	0	0	0	0	0.763
NLGN3	DLG2	0	0	0	0	0	0	0	0	0	0	0.776
NLGN3	NLGN4X	0	0	0	0	0	0	0	0	0	0	0.796
NLGN3	NLGN1	0	0	0	0	0	0	0	0	0	0	0.799
NLGN3	DLGAP2	0	0	0	0	0	0	0	0	0	0	0.839
NLGN3	DLG3	0	0	0	0	0	0	0	0	0	0	0.885
NLGN3	NRXN3	0	0	0	0	0	0	0	0	0	0	0.94
NLGN3	SHANK3	0	0	0	0	0	0	0	0	0	0	0.993
NLGN3	DLG4	0	0	0	0	0	0	0	0	0	0	0.995
NLGN3	NRXN1	0	0	0	0	0	0	0	0	0	0	0.999
MAST2	PTEN	0	0	0	0	0	0	0	0	0	0	0.993
GRIN3A	DLG3	0	0	0	0	0	0	0	0	0	0	0.68
GRIN3A	SHISA9	0	0	0	0	0	0	0	0	0	0	0.784
GRIN3A	GRIA3	0	0	0	0	0	0	0	0	0	0	0.802
GRIN3A	GRIA1	0	0	0	0	0	0	0	0	0	0	0.815
GRIN3A	DLG4	0	0	0	0	0	0	0	0	0	0	0.966
GRIN3A	GRIN1	0	0	0	0	0	0	0	0	0	0	0.999
GRIN3A	GRIN2B	0	0	0	0	0	0	0	0	0	0	0.999
PSMD4	SPOP	0	0	0	0	0	0	0	0	0	0	0.425
PSMD4	UBE2L3	0	0	0	0	0	0	0	0	0	0	0.434
PSMD4	UBE2D2	0	0	0	0	0	0	0	0	0	0	0.501
PSMD4	PTEN	0	0	0	0	0	0	0	0	0	0	0.606
PSMD4	UBE2D1	0	0	0	0	0	0	0	0	0	0	0.668
PSMD4	PRNP	0	0	0	0	0	0	0	0	0	0	0.68
PSMD4	UBE3A	0	0	0	0	0	0	0	0	0	0	0.994
PSMD4	RAD23A	0	0	0	0	0	0	0	0	0	0	0.999
GRIN1	NLGN4X	0	0	0	0	0	0	0	0	0	0	0.422
GRIN1	DLGAP2	0	0	0	0	0	0	0	0	0	0	0.442
GRIN1	GPHN	0	0	0	0	0	0	0	0	0	0	0.446
GRIN1	NRXN1	0	0	0	0	0	0	0	0	0	0	0.449
GRIN1	DLGAP3	0	0	0	0	0	0	0	0	0	0	0.507
GRIN1	SHANK3	0	0	0	0	0	0	0	0	0	0	0.568
GRIN1	NLGN1	0	0	0	0	0	0	0	0	0	0	0.611
GRIN1	SHISA9	0	0	0	0	0	0	0	0	0	0	0.75
GRIN1	DLG2	0	0	0	0	0	0	0	0	0	0	0.761
GRIN1	GRIA3	0	0	0	0	0	0	0	0	0	0	0.877
GRIN1	DLG3	0	0	0	0	0	0	0	0	0	0	0.879
GRIN1	GRIA1	0	0	0	0	0	0	0	0	0	0	0.907
GRIN1	CAMK2A	0	0	0	0	0	0	0	0	0	0	0.911
GRIN1	CALML4	0	0	0	0	0	0	0	0	0	0	0.964
GRIN1	DLG4	0	0	0	0	0	0	0	0	0	0	0.998
GRIN1	GRIN2B	0	0	0	0	0	0	0	0	0	0	0.999
PTEN	UBE2D2	0	0	0	0	0	0	0	0	0	0	0.407
PTEN	CALML4	0	0	0	0	0	0	0	0	0	0	0.413
PTEN	SHANK3	0	0	0	0	0	0	0	0	0	0	0.483
PTEN	NLGN1	0	0	0	0	0	0	0	0	0	0	0.496
PTEN	GRIN2B	0	0	0	0	0	0	0	0	0	0	0.547
PTEN	NLGN4X	0	0	0	0	0	0	0	0	0	0	0.556
PTEN	UBE2L3	0	0	0	0	0	0	0	0	0	0	0.571
PTEN	DLG4	0	0	0	0	0	0	0	0	0	0	0.745
PTEN	CTNNB1	0	0	0	0	0	0	0	0	0	0	0.943
PTEN	PRKCZ	0	0	0	0	0	0	0	0	0	0	0.958
PTEN	UBE3A	0	0	0	0	0	0	0	0	0	0	0.96
PTEN	AKT1	0	0	0	0	0	0	0	0	0	0	0.988
PTEN	SPOP	0	0	0	0	0	0	0	0	0	0	0.99
PTEN	PIK3R1	0	0	0	0	0	0	0	0	0	0	0.997
DLGAP3	CAMK2A	0	0	0	0	0	0	0	0	0	0	0.451
DLGAP3	GRIA1	0	0	0	0	0	0	0	0	0	0	0.507
DLGAP3	NRXN3	0	0	0	0	0	0	0	0	0	0	0.634
DLGAP3	HOMER3	0	0	0	0	0	0	0	0	0	0	0.72
DLGAP3	NRXN1	0	0	0	0	0	0	0	0	0	0	0.733
DLGAP3	NLGN4X	0	0	0	0	0	0	0	0	0	0	0.737
DLGAP3	NLGN1	0	0	0	0	0	0	0	0	0	0	0.737
DLGAP3	GRIN2B	0	0	0	0	0	0	0	0	0	0	0.753
DLGAP3	DLG3	0	0	0	0	0	0	0	0	0	0	0.835
DLGAP3	DLG2	0	0	0	0	0	0	0	0	0	0	0.847
DLGAP3	DLGAP2	0	0	0	0	0	0	0	0	0	0	0.868
DLGAP3	SHANK3	0	0	0	0	0	0	0	0	0	0	0.992
DLGAP3	DLG4	0	0	0	0	0	0	0	0	0	0	0.993
UBE2D1	CTNNB1	0	0	0	0	0	0	0	0	0	0	0.456
UBE2D1	SPOP	0	0	0	0	0	0	0	0	0	0	0.505
UBE2D1	UBE2L3	0	0	0	0	0	0	0	0	0	0	0.654
UBE2D1	UBE2D2	0	0	0	0	0	0	0	0	0	0	0.943
UBE2D1	UBE3A	0	0	0	0	0	0	0	0	0	0	0.984
DLG3	GPHN	0	0	0	0	0	0	0	0	0	0	0.472
DLG3	SHISA9	0	0	0	0	0	0	0	0	0	0	0.513
DLG3	NRXN3	0	0	0	0	0	0	0	0	0	0	0.593
DLG3	HOMER3	0	0	0	0	0	0	0	0	0	0	0.633
DLG3	GRIA3	0	0	0	0	0	0	0	0	0	0	0.644
DLG3	CAMK2A	0	0	0	0	0	0	0	0	0	0	0.688
DLG3	NRXN1	0	0	0	0	0	0	0	0	0	0	0.717
DLG3	SHANK3	0	0	0	0	0	0	0	0	0	0	0.759
DLG3	GRIA1	0	0	0	0	0	0	0	0	0	0	0.815
DLG3	NLGN4X	0	0	0	0	0	0	0	0	0	0	0.863
DLG3	DLGAP2	0	0	0	0	0	0	0	0	0	0	0.872
DLG3	LLGL2	0	0	0	0	0	0	0	0	0	0	0.887
DLG3	NLGN1	0	0	0	0	0	0	0	0	0	0	0.892
DLG3	UBE3A	0	0	0	0	0	0	0	0	0	0	0.913
DLG3	DLG2	0	0	0	0	0	0	0	0	0	0	0.984
DLG3	DLG4	0	0	0	0	0	0	0	0	0	0	0.997
DLG3	GRIN2B	0	0	0	0	0	0	0	0	0	0	0.998
DLG2	CACNB4	0	0	0	0	0	0	0	0	0	0	0.455
DLG2	GPHN	0	0	0	0	0	0	0	0	0	0	0.607
DLG2	HOMER3	0	0	0	0	0	0	0	0	0	0	0.645
DLG2	GRIA3	0	0	0	0	0	0	0	0	0	0	0.655
DLG2	NRXN3	0	0	0	0	0	0	0	0	0	0	0.682
DLG2	CAMK2A	0	0	0	0	0	0	0	0	0	0	0.688
DLG2	NLGN4X	0	0	0	0	0	0	0	0	0	0	0.713
DLG2	NRXN1	0	0	0	0	0	0	0	0	0	0	0.778
DLG2	DLGAP2	0	0	0	0	0	0	0	0	0	0	0.811
DLG2	LLGL2	0	0	0	0	0	0	0	0	0	0	0.844
DLG2	NLGN1	0	0	0	0	0	0	0	0	0	0	0.868
DLG2	GRIA1	0	0	0	0	0	0	0	0	0	0	0.908
DLG2	UBE3A	0	0	0	0	0	0	0	0	0	0	0.913
DLG2	SHANK3	0	0	0	0	0	0	0	0	0	0	0.919
DLG2	DLG4	0	0	0	0	0	0	0	0	0	0	0.969
DLG2	GRIN2B	0	0	0	0	0	0	0	0	0	0	0.996
PRKCZ	CTNNB1	0	0	0	0	0	0	0	0	0	0	0.653
PRKCZ	PIK3R1	0	0	0	0	0	0	0	0	0	0	0.933
PRKCZ	AKT1	0	0	0	0	0	0	0	0	0	0	0.974
PRKCZ	LLGL2	0	0	0	0	0	0	0	0	0	0	0.994
NLGN4X	NXPH1	0	0	0	0	0	0	0	0	0	0	0.407
NLGN4X	PRNP	0	0	0	0	0	0	0	0	0	0	0.475
NLGN4X	CTNNB1	0	0	0	0	0	0	0	0	0	0	0.508
NLGN4X	GRIA1	0	0	0	0	0	0	0	0	0	0	0.514
NLGN4X	GRIN2B	0	0	0	0	0	0	0	0	0	0	0.546
NLGN4X	NLGN1	0	0	0	0	0	0	0	0	0	0	0.548
NLGN4X	MDGA1	0	0	0	0	0	0	0	0	0	0	0.613
NLGN4X	HOMER3	0	0	0	0	0	0	0	0	0	0	0.619
NLGN4X	UBE3A	0	0	0	0	0	0	0	0	0	0	0.633
NLGN4X	GPHN	0	0	0	0	0	0	0	0	0	0	0.767
NLGN4X	DLGAP2	0	0	0	0	0	0	0	0	0	0	0.841
NLGN4X	NRXN3	0	0	0	0	0	0	0	0	0	0	0.859
NLGN4X	SHANK3	0	0	0	0	0	0	0	0	0	0	0.995
NLGN4X	DLG4	0	0	0	0	0	0	0	0	0	0	0.995
NLGN4X	NRXN1	0	0	0	0	0	0	0	0	0	0	0.999
LLGL2	UBE3A	0	0	0	0	0	0	0	0	0	0	0.901
LLGL2	DLG4	0	0	0	0	0	0	0	0	0	0	0.982
SPOP	CTNNB1	0	0	0	0	0	0	0	0	0	0	0.407
SPOP	PIK3R1	0	0	0	0	0	0	0	0	0	0	0.421
SPOP	UBE2D2	0	0	0	0	0	0	0	0	0	0	0.662
UBE2D2	RAD23A	0	0	0	0	0	0	0	0	0	0	0.404
UBE2D2	CTNNB1	0	0	0	0	0	0	0	0	0	0	0.429
UBE2D2	UBE2L3	0	0	0	0	0	0	0	0	0	0	0.683
UBE2D2	UBE3A	0	0	0	0	0	0	0	0	0	0	0.984
NXPH1	NLGN1	0	0	0	0	0	0	0	0	0	0	0.525
NXPH1	NRXN3	0	0	0	0	0	0	0	0	0	0	0.671
NXPH1	NRXN1	0	0	0	0	0	0	0	0	0	0	0.973
NRXN1	GRIA3	0	0	0	0	0	0	0	0	0	0	0.509
NRXN1	UBE3A	0	0	0	0	0	0	0	0	0	0	0.532
NRXN1	CAMK2A	0	0	0	0	0	0	0	0	0	0	0.542
NRXN1	MDGA1	0	0	0	0	0	0	0	0	0	0	0.592
NRXN1	GRIA1	0	0	0	0	0	0	0	0	0	0	0.6
NRXN1	HOMER3	0	0	0	0	0	0	0	0	0	0	0.619
NRXN1	NRXN3	0	0	0	0	0	0	0	0	0	0	0.752
NRXN1	DLGAP2	0	0	0	0	0	0	0	0	0	0	0.803
NRXN1	GPHN	0	0	0	0	0	0	0	0	0	0	0.831
NRXN1	GRIN2B	0	0	0	0	0	0	0	0	0	0	0.832
NRXN1	SHANK3	0	0	0	0	0	0	0	0	0	0	0.961
NRXN1	DLG4	0	0	0	0	0	0	0	0	0	0	0.991
NRXN1	DAG1	0	0	0	0	0	0	0	0	0	0	0.998
NRXN1	NLGN1	0	0	0	0	0	0	0	0	0	0	0.999
NLGN1	CAMK2A	0	0	0	0	0	0	0	0	0	0	0.414
NLGN1	PRNP	0	0	0	0	0	0	0	0	0	0	0.538
NLGN1	UBE3A	0	0	0	0	0	0	0	0	0	0	0.548
NLGN1	CTNNB1	0	0	0	0	0	0	0	0	0	0	0.553
NLGN1	GRIA1	0	0	0	0	0	0	0	0	0	0	0.633
NLGN1	HOMER3	0	0	0	0	0	0	0	0	0	0	0.643
NLGN1	MDGA1	0	0	0	0	0	0	0	0	0	0	0.676
NLGN1	GPHN	0	0	0	0	0	0	0	0	0	0	0.722
NLGN1	GRIN2B	0	0	0	0	0	0	0	0	0	0	0.755
NLGN1	DLGAP2	0	0	0	0	0	0	0	0	0	0	0.811
NLGN1	NRXN3	0	0	0	0	0	0	0	0	0	0	0.964
NLGN1	SHANK3	0	0	0	0	0	0	0	0	0	0	0.978
NLGN1	DLG4	0	0	0	0	0	0	0	0	0	0	0.999
PRNP	AKT1	0	0	0	0	0	0	0	0	0	0	0.424
PRNP	GRIN2B	0	0	0	0	0	0	0	0	0	0	0.452
PRNP	DLG4	0	0	0	0	0	0	0	0	0	0	0.507
UBE2L3	RAD23A	0	0	0	0	0	0	0	0	0	0	0.437
UBE2L3	UBE3A	0	0	0	0	0	0	0	0	0	0	0.999
GPHN	NRXN3	0	0	0	0	0	0	0	0	0	0	0.404
GPHN	CAMK2A	0	0	0	0	0	0	0	0	0	0	0.418
GPHN	AKT1	0	0	0	0	0	0	0	0	0	0	0.472
GPHN	GRIN2B	0	0	0	0	0	0	0	0	0	0	0.526
GPHN	SHANK3	0	0	0	0	0	0	0	0	0	0	0.541
GPHN	GRIA1	0	0	0	0	0	0	0	0	0	0	0.621
GPHN	DLG4	0	0	0	0	0	0	0	0	0	0	0.884
CALML4	ADORA2A	0	0	0	0	0	0	0	0	0	0	0.446
CALML4	HOMER3	0	0	0	0	0	0	0	0	0	0	0.527
CALML4	GRIA1	0	0	0	0	0	0	0	0	0	0	0.586
CALML4	CTNNB1	0	0	0	0	0	0	0	0	0	0	0.631
CALML4	AKT1	0	0	0	0	0	0	0	0	0	0	0.713
CALML4	DLG4	0	0	0	0	0	0	0	0	0	0	0.892
CALML4	GRIN2B	0	0	0	0	0	0	0	0	0	0	0.926
CALML4	CAMK2A	0	0	0	0	0	0	0	0	0	0	0.999
PIK3R1	CTNNB1	0	0	0	0	0	0	0	0	0	0	0.858
PIK3R1	AKT1	0	0	0	0	0	0	0	0	0	0	0.995
GRIA1	NRXN3	0	0	0	0	0	0	0	0	0	0	0.404
GRIA1	DLGAP2	0	0	0	0	0	0	0	0	0	0	0.427
GRIA1	CACNB4	0	0	0	0	0	0	0	0	0	0	0.45
GRIA1	AKT1	0	0	0	0	0	0	0	0	0	0	0.48
GRIA1	UBE3A	0	0	0	0	0	0	0	0	0	0	0.592
GRIA1	SHANK3	0	0	0	0	0	0	0	0	0	0	0.623
GRIA1	GRIN2B	0	0	0	0	0	0	0	0	0	0	0.934
GRIA1	SHISA9	0	0	0	0	0	0	0	0	0	0	0.984
GRIA1	DLG4	0	0	0	0	0	0	0	0	0	0	0.994
GRIA1	GRIA3	0	0	0	0	0	0	0	0	0	0	0.999
GRIA1	CAMK2A	0	0	0	0	0	0	0	0	0	0	0.999
CACNB4	CAMK2A	0	0	0	0	0	0	0	0	0	0	0.717
HOMER3	AKT1	0	0	0	0	0	0	0	0	0	0	0.421
HOMER3	GRIN2B	0	0	0	0	0	0	0	0	0	0	0.466
HOMER3	NRXN3	0	0	0	0	0	0	0	0	0	0	0.516
HOMER3	DLGAP2	0	0	0	0	0	0	0	0	0	0	0.698
HOMER3	DLG4	0	0	0	0	0	0	0	0	0	0	0.868
HOMER3	SHANK3	0	0	0	0	0	0	0	0	0	0	0.884
DAG1	NRXN3	0	0	0	0	0	0	0	0	0	0	0.47
AKT1	ADORA2A	0	0	0	0	0	0	0	0	0	0	0.428
AKT1	GRIN2B	0	0	0	0	0	0	0	0	0	0	0.51
AKT1	SHANK3	0	0	0	0	0	0	0	0	0	0	0.548
AKT1	DLG4	0	0	0	0	0	0	0	0	0	0	0.747
AKT1	CTNNB1	0	0	0	0	0	0	0	0	0	0	0.979
SHISA9	GRIN2B	0	0	0	0	0	0	0	0	0	0	0.779
SHISA9	GRIA3	0	0	0	0	0	0	0	0	0	0	0.824
SHISA9	DLG4	0	0	0	0	0	0	0	0	0	0	0.858
RAD23A	UBE3A	0	0	0	0	0	0	0	0	0	0	0.974
GRIN2B	ADORA2A	0	0	0	0	0	0	0	0	0	0	0.414
GRIN2B	NRXN3	0	0	0	0	0	0	0	0	0	0	0.414
GRIN2B	DLGAP2	0	0	0	0	0	0	0	0	0	0	0.514
GRIN2B	CTNNB1	0	0	0	0	0	0	0	0	0	0	0.757
GRIN2B	SHANK3	0	0	0	0	0	0	0	0	0	0	0.785
GRIN2B	GRIA3	0	0	0	0	0	0	0	0	0	0	0.823
GRIN2B	DLG4	0	0	0	0	0	0	0	0	0	0	0.999
GRIN2B	CAMK2A	0	0	0	0	0	0	0	0	0	0	0.999
GRIA3	CAMK2A	0	0	0	0	0	0	0	0	0	0	0.808
GRIA3	DLG4	0	0	0	0	0	0	0	0	0	0	0.873
SHANK3	CAMK2A	0	0	0	0	0	0	0	0	0	0	0.509
SHANK3	UBE3A	0	0	0	0	0	0	0	0	0	0	0.647
SHANK3	NRXN3	0	0	0	0	0	0	0	0	0	0	0.703
SHANK3	DLGAP2	0	0	0	0	0	0	0	0	0	0	0.988
SHANK3	DLG4	0	0	0	0	0	0	0	0	0	0	0.996
NRXN3	CAMK2A	0	0	0	0	0	0	0	0	0	0	0.404
NRXN3	DLGAP2	0	0	0	0	0	0	0	0	0	0	0.645
NRXN3	DLG4	0	0	0	0	0	0	0	0	0	0	0.858
DLGAP2	CAMK2A	0	0	0	0	0	0	0	0	0	0	0.436
DLGAP2	DLG4	0	0	0	0	0	0	0	0	0	0	0.891
CTNNB1	DLG4	0	0	0	0	0	0	0	0	0	0	0.538
CTNNB1	UBE3A	0	0	0	0	0	0	0	0	0	0	0.974
UBE3A	DLG4	0	0	0	0	0	0	0	0	0	0	0.447
DLG4	CAMK2A	0	0	0	0	0	0	0	0	0	0	0.92
CBLN1	DLG4	0	0	0	0	0	0	0	0	0	0	0.402
CBLN1	NLGN3	0	0	0	0	0	0	0	0	0	0	0.507
CBLN1	NLGN2	0	0	0	0	0	0	0	0	0	0	0.559
CBLN1	NLGN4X	0	0	0	0	0	0	0	0	0	0	0.56
CBLN1	NRXN3	0	0	0	0	0	0	0	0	0	0	0.565
CBLN1	NLGN1	0	0	0	0	0	0	0	0	0	0	0.611
CBLN1	LRRTM2	0	0	0	0	0	0	0	0	0	0	0.717
CBLN1	NRXN2	0	0	0	0	0	0	0	0	0	0	0.989
CBLN1	NRXN1	0	0	0	0	0	0	0	0	0	0	0.994
TSC2	NLGN4X	0	0	0	0	0	0	0	0	0	0	0.459
TSC2	NLGN3	0	0	0	0	0	0	0	0	0	0	0.471
TSC2	PTK2	0	0	0	0	0	0	0	0	0	0	0.476
TSC2	CTNNB1	0	0	0	0	0	0	0	0	0	0	0.517
TSC2	PIK3R1	0	0	0	0	0	0	0	0	0	0	0.524
TSC2	SHANK3	0	0	0	0	0	0	0	0	0	0	0.537
TSC2	PIK3CA	0	0	0	0	0	0	0	0	0	0	0.687
TSC2	TP53	0	0	0	0	0	0	0	0	0	0	0.713
TSC2	PTEN	0	0	0	0	0	0	0	0	0	0	0.889
TSC2	UBE3A	0	0	0	0	0	0	0	0	0	0	0.981
TSC2	AKT1	0	0	0	0	0	0	0	0	0	0	0.99
CACNG1	CAMK2A	0	0	0	0	0	0	0	0	0	0	0.725
CACNG1	CACNB4	0	0	0	0	0	0	0	0	0	0	0.935
CACNG1	CACNG2	0	0	0	0	0	0	0	0	0	0	0.962
CACNG1	CACNG8	0	0	0	0	0	0	0	0	0	0	0.968
GRIN3B	GRM5	0	0	0	0	0	0	0	0	0	0	0.419
GRIN3B	GRM1	0	0	0	0	0	0	0	0	0	0	0.466
GRIN3B	DLG3	0	0	0	0	0	0	0	0	0	0	0.598
GRIN3B	CNIH2	0	0	0	0	0	0	0	0	0	0	0.746
GRIN3B	SHISA9	0	0	0	0	0	0	0	0	0	0	0.748
GRIN3B	CACNG8	0	0	0	0	0	0	0	0	0	0	0.758
GRIN3B	GRIA2	0	0	0	0	0	0	0	0	0	0	0.787
GRIN3B	GRIA3	0	0	0	0	0	0	0	0	0	0	0.791
GRIN3B	GRIA4	0	0	0	0	0	0	0	0	0	0	0.811
GRIN3B	GRIA1	0	0	0	0	0	0	0	0	0	0	0.84
GRIN3B	CACNG2	0	0	0	0	0	0	0	0	0	0	0.845
GRIN3B	DLG4	0	0	0	0	0	0	0	0	0	0	0.942
GRIN3B	GRIN3A	0	0	0	0	0	0	0	0	0	0	0.995
GRIN3B	GRIN2C	0	0	0	0	0	0	0	0	0	0	0.996
GRIN3B	GRIN2B	0	0	0	0	0	0	0	0	0	0	0.996
GRIN3B	GRIN2D	0	0	0	0	0	0	0	0	0	0	0.996
GRIN3B	GRIN2A	0	0	0	0	0	0	0	0	0	0	0.998
GRIN3B	GRIN1	0	0	0	0	0	0	0	0	0	0	0.999
GRIN2D	DLGAP3	0	0	0	0	0	0	0	0	0	0	0.451
GRIN2D	GRM5	0	0	0	0	0	0	0	0	0	0	0.556
GRIN2D	DLG1	0	0	0	0	0	0	0	0	0	0	0.604
GRIN2D	CAMK2A	0	0	0	0	0	0	0	0	0	0	0.607
GRIN2D	DLGAP1	0	0	0	0	0	0	0	0	0	0	0.617
GRIN2D	DLG2	0	0	0	0	0	0	0	0	0	0	0.634
GRIN2D	DLG3	0	0	0	0	0	0	0	0	0	0	0.659
GRIN2D	GRM1	0	0	0	0	0	0	0	0	0	0	0.678
GRIN2D	CALML4	0	0	0	0	0	0	0	0	0	0	0.74
GRIN2D	CALML3	0	0	0	0	0	0	0	0	0	0	0.74
GRIN2D	CALM3	0	0	0	0	0	0	0	0	0	0	0.755
GRIN2D	CNIH2	0	0	0	0	0	0	0	0	0	0	0.761
GRIN2D	SHISA9	0	0	0	0	0	0	0	0	0	0	0.767
GRIN2D	CACNG8	0	0	0	0	0	0	0	0	0	0	0.778
GRIN2D	PRNP	0	0	0	0	0	0	0	0	0	0	0.779
GRIN2D	CACNG2	0	0	0	0	0	0	0	0	0	0	0.795
GRIN2D	GRIA3	0	0	0	0	0	0	0	0	0	0	0.799
GRIN2D	GRIA2	0	0	0	0	0	0	0	0	0	0	0.8
GRIN2D	GRIA1	0	0	0	0	0	0	0	0	0	0	0.816
GRIN2D	GRIA4	0	0	0	0	0	0	0	0	0	0	0.864
GRIN2D	DLG4	0	0	0	0	0	0	0	0	0	0	0.976
GRIN2D	GRIN3A	0	0	0	0	0	0	0	0	0	0	0.998
GRIN2D	GRIN2B	0	0	0	0	0	0	0	0	0	0	0.998
GRIN2D	GRIN2A	0	0	0	0	0	0	0	0	0	0	0.998
GRIN2D	GRIN2C	0	0	0	0	0	0	0	0	0	0	0.998
GRIN2D	GRIN1	0	0	0	0	0	0	0	0	0	0	0.999
PIK3CA	CALML4	0	0	0	0	0	0	0	0	0	0	0.517
PIK3CA	CALML3	0	0	0	0	0	0	0	0	0	0	0.518
PIK3CA	SPOP	0	0	0	0	0	0	0	0	0	0	0.523
PIK3CA	DLG1	0	0	0	0	0	0	0	0	0	0	0.569
PIK3CA	PREX2	0	0	0	0	0	0	0	0	0	0	0.58
PIK3CA	GNAQ	0	0	0	0	0	0	0	0	0	0	0.901
PIK3CA	CTNNB1	0	0	0	0	0	0	0	0	0	0	0.901
PIK3CA	PRKCZ	0	0	0	0	0	0	0	0	0	0	0.925
PIK3CA	TP53	0	0	0	0	0	0	0	0	0	0	0.941
PIK3CA	FYN	0	0	0	0	0	0	0	0	0	0	0.951
PIK3CA	PRKCI	0	0	0	0	0	0	0	0	0	0	0.952
PIK3CA	PTK2	0	0	0	0	0	0	0	0	0	0	0.97
PIK3CA	PTEN	0	0	0	0	0	0	0	0	0	0	0.995
PIK3CA	AKT1	0	0	0	0	0	0	0	0	0	0	0.998
PIK3CA	PIK3R1	0	0	0	0	0	0	0	0	0	0	0.999
NRXN2	CACNG2	0	0	0	0	0	0	0	0	0	0	0.408
NRXN2	GRIN1	0	0	0	0	0	0	0	0	0	0	0.436
NRXN2	GRIN2A	0	0	0	0	0	0	0	0	0	0	0.452
NRXN2	DLG1	0	0	0	0	0	0	0	0	0	0	0.457
NRXN2	CAMK2A	0	0	0	0	0	0	0	0	0	0	0.507
NRXN2	GRIN2B	0	0	0	0	0	0	0	0	0	0	0.516
NRXN2	GRIA1	0	0	0	0	0	0	0	0	0	0	0.538
NRXN2	NRXN3	0	0	0	0	0	0	0	0	0	0	0.585
NRXN2	HOMER2	0	0	0	0	0	0	0	0	0	0	0.592
NRXN2	EPB41L1	0	0	0	0	0	0	0	0	0	0	0.599
NRXN2	GRIA2	0	0	0	0	0	0	0	0	0	0	0.607
NRXN2	MDGA1	0	0	0	0	0	0	0	0	0	0	0.612
NRXN2	HOMER3	0	0	0	0	0	0	0	0	0	0	0.619
NRXN2	GRM1	0	0	0	0	0	0	0	0	0	0	0.676
NRXN2	GRIA4	0	0	0	0	0	0	0	0	0	0	0.684
NRXN2	HOMER1	0	0	0	0	0	0	0	0	0	0	0.687
NRXN2	DLG3	0	0	0	0	0	0	0	0	0	0	0.713
NRXN2	GRM5	0	0	0	0	0	0	0	0	0	0	0.713
NRXN2	DLGAP2	0	0	0	0	0	0	0	0	0	0	0.714
NRXN2	DLGAP3	0	0	0	0	0	0	0	0	0	0	0.719
NRXN2	DLG2	0	0	0	0	0	0	0	0	0	0	0.741
NRXN2	DLGAP1	0	0	0	0	0	0	0	0	0	0	0.743
NRXN2	NXPH1	0	0	0	0	0	0	0	0	0	0	0.827
NRXN2	GPHN	0	0	0	0	0	0	0	0	0	0	0.831
NRXN2	SHANK1	0	0	0	0	0	0	0	0	0	0	0.876
NRXN2	SHANK2	0	0	0	0	0	0	0	0	0	0	0.88
NRXN2	SHANK3	0	0	0	0	0	0	0	0	0	0	0.897
NRXN2	NRXN1	0	0	0	0	0	0	0	0	0	0	0.922
NRXN2	DLG4	0	0	0	0	0	0	0	0	0	0	0.987
NRXN2	LRRTM2	0	0	0	0	0	0	0	0	0	0	0.993
NRXN2	DAG1	0	0	0	0	0	0	0	0	0	0	0.997
NRXN2	NLGN2	0	0	0	0	0	0	0	0	0	0	0.999
NRXN2	NLGN1	0	0	0	0	0	0	0	0	0	0	0.999
NRXN2	NLGN3	0	0	0	0	0	0	0	0	0	0	0.999
NRXN2	NLGN4Y	0	0	0	0	0	0	0	0	0	0	0.999
NRXN2	NLGN4X	0	0	0	0	0	0	0	0	0	0	0.999
TP53	GNAQ	0	0	0	0	0	0	0	0	0	0	0.479
TP53	UBE2L3	0	0	0	0	0	0	0	0	0	0	0.5
TP53	CALM3	0	0	0	0	0	0	0	0	0	0	0.508
TP53	UBE2D2	0	0	0	0	0	0	0	0	0	0	0.531
TP53	DLG1	0	0	0	0	0	0	0	0	0	0	0.533
TP53	SPOP	0	0	0	0	0	0	0	0	0	0	0.571
TP53	UBE2D1	0	0	0	0	0	0	0	0	0	0	0.578
TP53	SCRIB	0	0	0	0	0	0	0	0	0	0	0.587
TP53	CALML4	0	0	0	0	0	0	0	0	0	0	0.657
TP53	RAD23A	0	0	0	0	0	0	0	0	0	0	0.657
TP53	CALML3	0	0	0	0	0	0	0	0	0	0	0.657
TP53	FYN	0	0	0	0	0	0	0	0	0	0	0.657
TP53	PRKCI	0	0	0	0	0	0	0	0	0	0	0.661
TP53	DLG4	0	0	0	0	0	0	0	0	0	0	0.734
TP53	PIK3R1	0	0	0	0	0	0	0	0	0	0	0.853
TP53	PSMD4	0	0	0	0	0	0	0	0	0	0	0.88
TP53	CTNNB1	0	0	0	0	0	0	0	0	0	0	0.927
TP53	PTK2	0	0	0	0	0	0	0	0	0	0	0.928
TP53	PRKCZ	0	0	0	0	0	0	0	0	0	0	0.933
TP53	AKT1	0	0	0	0	0	0	0	0	0	0	0.994
TP53	UBE3A	0	0	0	0	0	0	0	0	0	0	0.999
TP53	PTEN	0	0	0	0	0	0	0	0	0	0	0.999
CACNG8	EPB41L1	0	0	0	0	0	0	0	0	0	0	0.46
CACNG8	NLGN1	0	0	0	0	0	0	0	0	0	0	0.514
CACNG8	DLG1	0	0	0	0	0	0	0	0	0	0	0.584
CACNG8	DLG3	0	0	0	0	0	0	0	0	0	0	0.649
CACNG8	GRIN3A	0	0	0	0	0	0	0	0	0	0	0.743
CACNG8	CACNG2	0	0	0	0	0	0	0	0	0	0	0.748
CACNG8	GRIN2C	0	0	0	0	0	0	0	0	0	0	0.761
CACNG8	CAMK2A	0	0	0	0	0	0	0	0	0	0	0.782
CACNG8	GRIN1	0	0	0	0	0	0	0	0	0	0	0.799
CACNG8	GRIN2A	0	0	0	0	0	0	0	0	0	0	0.812
CACNG8	GRIN2B	0	0	0	0	0	0	0	0	0	0	0.822
CACNG8	DLG4	0	0	0	0	0	0	0	0	0	0	0.901
CACNG8	GRIA3	0	0	0	0	0	0	0	0	0	0	0.936
CACNG8	GRIA4	0	0	0	0	0	0	0	0	0	0	0.936
CACNG8	CACNB4	0	0	0	0	0	0	0	0	0	0	0.94
CACNG8	SHISA9	0	0	0	0	0	0	0	0	0	0	0.948
CACNG8	CNIH2	0	0	0	0	0	0	0	0	0	0	0.99
CACNG8	GRIA2	0	0	0	0	0	0	0	0	0	0	0.994
CACNG8	GRIA1	0	0	0	0	0	0	0	0	0	0	0.996
LRRTM2	MDGA1	0	0	0	0	0	0	0	0	0	0	0.419
LRRTM2	GPHN	0	0	0	0	0	0	0	0	0	0	0.464
LRRTM2	NLGN4Y	0	0	0	0	0	0	0	0	0	0	0.474
LRRTM2	GRIA1	0	0	0	0	0	0	0	0	0	0	0.493
LRRTM2	NLGN2	0	0	0	0	0	0	0	0	0	0	0.65
LRRTM2	GRIA2	0	0	0	0	0	0	0	0	0	0	0.681
LRRTM2	NLGN4X	0	0	0	0	0	0	0	0	0	0	0.724
LRRTM2	NLGN3	0	0	0	0	0	0	0	0	0	0	0.725
LRRTM2	NLGN1	0	0	0	0	0	0	0	0	0	0	0.815
LRRTM2	DLG4	0	0	0	0	0	0	0	0	0	0	0.902
LRRTM2	NRXN3	0	0	0	0	0	0	0	0	0	0	0.92
LRRTM2	NRXN1	0	0	0	0	0	0	0	0	0	0	0.997
GRIA4	HOMER1	0	0	0	0	0	0	0	0	0	0	0.42
GRIA4	NXPH1	0	0	0	0	0	0	0	0	0	0	0.421
GRIA4	DLGAP1	0	0	0	0	0	0	0	0	0	0	0.423
GRIA4	SHANK1	0	0	0	0	0	0	0	0	0	0	0.45
GRIA4	NLGN1	0	0	0	0	0	0	0	0	0	0	0.496
GRIA4	SHANK2	0	0	0	0	0	0	0	0	0	0	0.579
GRIA4	DLG3	0	0	0	0	0	0	0	0	0	0	0.646
GRIA4	GRM1	0	0	0	0	0	0	0	0	0	0	0.653
GRIA4	GRM5	0	0	0	0	0	0	0	0	0	0	0.667
GRIA4	NRXN1	0	0	0	0	0	0	0	0	0	0	0.688
GRIA4	DLG2	0	0	0	0	0	0	0	0	0	0	0.698
GRIA4	EPB41L1	0	0	0	0	0	0	0	0	0	0	0.807
GRIA4	CAMK2A	0	0	0	0	0	0	0	0	0	0	0.814
GRIA4	GRIN2C	0	0	0	0	0	0	0	0	0	0	0.824
GRIA4	DLG1	0	0	0	0	0	0	0	0	0	0	0.828
GRIA4	DLG4	0	0	0	0	0	0	0	0	0	0	0.829
GRIA4	GRIN2B	0	0	0	0	0	0	0	0	0	0	0.853
GRIA4	GRIN3A	0	0	0	0	0	0	0	0	0	0	0.878
GRIA4	GRIN1	0	0	0	0	0	0	0	0	0	0	0.886
GRIA4	GRIN2A	0	0	0	0	0	0	0	0	0	0	0.898
GRIA4	SHISA9	0	0	0	0	0	0	0	0	0	0	0.919
GRIA4	CNIH2	0	0	0	0	0	0	0	0	0	0	0.94
GRIA4	CACNG2	0	0	0	0	0	0	0	0	0	0	0.975
GRIA4	GRIA3	0	0	0	0	0	0	0	0	0	0	0.997
GRIA4	GRIA1	0	0	0	0	0	0	0	0	0	0	0.997
GRIA4	GRIA2	0	0	0	0	0	0	0	0	0	0	0.999
GRM1	AKT1	0	0	0	0	0	0	0	0	0	0	0.421
GRM1	CALML4	0	0	0	0	0	0	0	0	0	0	0.427
GRM1	CALML3	0	0	0	0	0	0	0	0	0	0	0.432
GRM1	CALM3	0	0	0	0	0	0	0	0	0	0	0.445
GRM1	FYN	0	0	0	0	0	0	0	0	0	0	0.45
GRM1	DLG1	0	0	0	0	0	0	0	0	0	0	0.46
GRM1	PIK3R1	0	0	0	0	0	0	0	0	0	0	0.48
GRM1	GRIN3A	0	0	0	0	0	0	0	0	0	0	0.537
GRM1	NLGN4Y	0	0	0	0	0	0	0	0	0	0	0.573
GRM1	DLG3	0	0	0	0	0	0	0	0	0	0	0.598
GRM1	GRIA3	0	0	0	0	0	0	0	0	0	0	0.602
GRM1	NLGN2	0	0	0	0	0	0	0	0	0	0	0.61
GRM1	GRIN2C	0	0	0	0	0	0	0	0	0	0	0.616
GRM1	NLGN4X	0	0	0	0	0	0	0	0	0	0	0.624
GRM1	DLGAP2	0	0	0	0	0	0	0	0	0	0	0.628
GRM1	DLG2	0	0	0	0	0	0	0	0	0	0	0.64
GRM1	NLGN3	0	0	0	0	0	0	0	0	0	0	0.648
GRM1	NLGN1	0	0	0	0	0	0	0	0	0	0	0.652
GRM1	GRIN1	0	0	0	0	0	0	0	0	0	0	0.659
GRM1	NRXN3	0	0	0	0	0	0	0	0	0	0	0.687
GRM1	DLGAP3	0	0	0	0	0	0	0	0	0	0	0.688
GRM1	NRXN1	0	0	0	0	0	0	0	0	0	0	0.705
GRM1	SHANK2	0	0	0	0	0	0	0	0	0	0	0.714
GRM1	GRIN2A	0	0	0	0	0	0	0	0	0	0	0.738
GRM1	GRIN2B	0	0	0	0	0	0	0	0	0	0	0.758
GRM1	SHANK3	0	0	0	0	0	0	0	0	0	0	0.788
GRM1	GRIA2	0	0	0	0	0	0	0	0	0	0	0.809
GRM1	GRIA1	0	0	0	0	0	0	0	0	0	0	0.849
GRM1	DLG4	0	0	0	0	0	0	0	0	0	0	0.862
GRM1	SHANK1	0	0	0	0	0	0	0	0	0	0	0.899
GRM1	DLGAP1	0	0	0	0	0	0	0	0	0	0	0.938
GRM1	CAMK2A	0	0	0	0	0	0	0	0	0	0	0.968
GRM1	GRM5	0	0	0	0	0	0	0	0	0	0	0.977
GRM1	HOMER2	0	0	0	0	0	0	0	0	0	0	0.989
GRM1	HOMER3	0	0	0	0	0	0	0	0	0	0	0.99
GRM1	GNAQ	0	0	0	0	0	0	0	0	0	0	0.998
GRM1	HOMER1	0	0	0	0	0	0	0	0	0	0	0.998
GNAQ	CTNNB1	0	0	0	0	0	0	0	0	0	0	0.56
GNAQ	PTEN	0	0	0	0	0	0	0	0	0	0	0.567
GNAQ	CALML4	0	0	0	0	0	0	0	0	0	0	0.57
GNAQ	CALML3	0	0	0	0	0	0	0	0	0	0	0.581
GNAQ	CALM3	0	0	0	0	0	0	0	0	0	0	0.593
GNAQ	AKT1	0	0	0	0	0	0	0	0	0	0	0.775
GNAQ	PIK3R1	0	0	0	0	0	0	0	0	0	0	0.854
GNAQ	ADORA2A	0	0	0	0	0	0	0	0	0	0	0.959
GNAQ	GRM5	0	0	0	0	0	0	0	0	0	0	0.999
PREX2	AKT1	0	0	0	0	0	0	0	0	0	0	0.444
PREX2	PTEN	0	0	0	0	0	0	0	0	0	0	0.99
CALM3	GRIA2	0	0	0	0	0	0	0	0	0	0	0.434
CALM3	PTEN	0	0	0	0	0	0	0	0	0	0	0.451
CALM3	DLG1	0	0	0	0	0	0	0	0	0	0	0.457
CALM3	CACNB4	0	0	0	0	0	0	0	0	0	0	0.463
CALM3	MAST2	0	0	0	0	0	0	0	0	0	0	0.471
CALM3	PIK3R1	0	0	0	0	0	0	0	0	0	0	0.513
CALM3	GRIN3A	0	0	0	0	0	0	0	0	0	0	0.515
CALM3	ADORA2A	0	0	0	0	0	0	0	0	0	0	0.515
CALM3	HOMER2	0	0	0	0	0	0	0	0	0	0	0.517
CALM3	CTNNB1	0	0	0	0	0	0	0	0	0	0	0.528
CALM3	HOMER3	0	0	0	0	0	0	0	0	0	0	0.533
CALM3	GRIA1	0	0	0	0	0	0	0	0	0	0	0.583
CALM3	HOMER1	0	0	0	0	0	0	0	0	0	0	0.63
CALM3	FYN	0	0	0	0	0	0	0	0	0	0	0.685
CALM3	GRM5	0	0	0	0	0	0	0	0	0	0	0.688
CALM3	GRIN2C	0	0	0	0	0	0	0	0	0	0	0.758
CALM3	AKT1	0	0	0	0	0	0	0	0	0	0	0.802
CALM3	GRIN2A	0	0	0	0	0	0	0	0	0	0	0.901
CALM3	GRIN2B	0	0	0	0	0	0	0	0	0	0	0.91
CALM3	DLG4	0	0	0	0	0	0	0	0	0	0	0.989
CALM3	CALML4	0	0	0	0	0	0	0	0	0	0	0.996
CALM3	GRIN1	0	0	0	0	0	0	0	0	0	0	0.996
CALM3	CALML3	0	0	0	0	0	0	0	0	0	0	0.996
CALM3	CAMK2A	0	0	0	0	0	0	0	0	0	0	0.999
GRIN2C	MAGI2	0	0	0	0	0	0	0	0	0	0	0.409
GRIN2C	SHANK1	0	0	0	0	0	0	0	0	0	0	0.416
GRIN2C	GRM5	0	0	0	0	0	0	0	0	0	0	0.621
GRIN2C	DLG1	0	0	0	0	0	0	0	0	0	0	0.681
GRIN2C	SHISA9	0	0	0	0	0	0	0	0	0	0	0.733
GRIN2C	CAMK2A	0	0	0	0	0	0	0	0	0	0	0.735
GRIN2C	CALML3	0	0	0	0	0	0	0	0	0	0	0.741
GRIN2C	CALML4	0	0	0	0	0	0	0	0	0	0	0.741
GRIN2C	CNIH2	0	0	0	0	0	0	0	0	0	0	0.765
GRIN2C	GRIA3	0	0	0	0	0	0	0	0	0	0	0.809
GRIN2C	CACNG2	0	0	0	0	0	0	0	0	0	0	0.817
GRIN2C	DLG2	0	0	0	0	0	0	0	0	0	0	0.818
GRIN2C	GRIA2	0	0	0	0	0	0	0	0	0	0	0.822
GRIN2C	GRIA1	0	0	0	0	0	0	0	0	0	0	0.829
GRIN2C	DLG3	0	0	0	0	0	0	0	0	0	0	0.872
GRIN2C	DLG4	0	0	0	0	0	0	0	0	0	0	0.99
GRIN2C	GRIN2A	0	0	0	0	0	0	0	0	0	0	0.998
GRIN2C	GRIN2B	0	0	0	0	0	0	0	0	0	0	0.998
GRIN2C	GRIN3A	0	0	0	0	0	0	0	0	0	0	0.998
GRIN2C	GRIN1	0	0	0	0	0	0	0	0	0	0	0.999
SHANK1	GPHN	0	0	0	0	0	0	0	0	0	0	0.416
SHANK1	CACNG2	0	0	0	0	0	0	0	0	0	0	0.418
SHANK1	MAGI2	0	0	0	0	0	0	0	0	0	0	0.418
SHANK1	DLG1	0	0	0	0	0	0	0	0	0	0	0.446
SHANK1	CAMK2A	0	0	0	0	0	0	0	0	0	0	0.533
SHANK1	GRIA2	0	0	0	0	0	0	0	0	0	0	0.563
SHANK1	GRIN1	0	0	0	0	0	0	0	0	0	0	0.596
SHANK1	GRIA1	0	0	0	0	0	0	0	0	0	0	0.619
SHANK1	NRXN3	0	0	0	0	0	0	0	0	0	0	0.696
SHANK1	GRIN2A	0	0	0	0	0	0	0	0	0	0	0.742
SHANK1	GRIN2B	0	0	0	0	0	0	0	0	0	0	0.752
SHANK1	NLGN4Y	0	0	0	0	0	0	0	0	0	0	0.76
SHANK1	DLG3	0	0	0	0	0	0	0	0	0	0	0.778
SHANK1	DLGAP2	0	0	0	0	0	0	0	0	0	0	0.841
SHANK1	NLGN2	0	0	0	0	0	0	0	0	0	0	0.868
SHANK1	DLG2	0	0	0	0	0	0	0	0	0	0	0.878
SHANK1	NRXN1	0	0	0	0	0	0	0	0	0	0	0.887
SHANK1	NLGN4X	0	0	0	0	0	0	0	0	0	0	0.894
SHANK1	NLGN3	0	0	0	0	0	0	0	0	0	0	0.904
SHANK1	DLGAP3	0	0	0	0	0	0	0	0	0	0	0.92
SHANK1	NLGN1	0	0	0	0	0	0	0	0	0	0	0.926
SHANK1	HOMER2	0	0	0	0	0	0	0	0	0	0	0.927
SHANK1	GRM5	0	0	0	0	0	0	0	0	0	0	0.939
SHANK1	HOMER3	0	0	0	0	0	0	0	0	0	0	0.966
SHANK1	SHANK2	0	0	0	0	0	0	0	0	0	0	0.968
SHANK1	SHANK3	0	0	0	0	0	0	0	0	0	0	0.982
SHANK1	HOMER1	0	0	0	0	0	0	0	0	0	0	0.984
SHANK1	DLG4	0	0	0	0	0	0	0	0	0	0	0.992
SHANK1	DLGAP1	0	0	0	0	0	0	0	0	0	0	0.996
PRKCI	PIK3R1	0	0	0	0	0	0	0	0	0	0	0.919
PRKCI	PTEN	0	0	0	0	0	0	0	0	0	0	0.933
PRKCI	PRKCZ	0	0	0	0	0	0	0	0	0	0	0.989
PRKCI	LLGL1	0	0	0	0	0	0	0	0	0	0	0.993
PRKCI	LLGL2	0	0	0	0	0	0	0	0	0	0	0.996
GRIA2	DLGAP3	0	0	0	0	0	0	0	0	0	0	0.401
GRIA2	CALML4	0	0	0	0	0	0	0	0	0	0	0.404
GRIA2	PIK3R1	0	0	0	0	0	0	0	0	0	0	0.415
GRIA2	NRXN3	0	0	0	0	0	0	0	0	0	0	0.416
GRIA2	DLGAP2	0	0	0	0	0	0	0	0	0	0	0.422
GRIA2	NLGN4Y	0	0	0	0	0	0	0	0	0	0	0.426
GRIA2	NLGN4X	0	0	0	0	0	0	0	0	0	0	0.485
GRIA2	EPB41L1	0	0	0	0	0	0	0	0	0	0	0.485
GRIA2	NLGN2	0	0	0	0	0	0	0	0	0	0	0.516
GRIA2	GPHN	0	0	0	0	0	0	0	0	0	0	0.52
GRIA2	NLGN3	0	0	0	0	0	0	0	0	0	0	0.535
GRIA2	SHANK3	0	0	0	0	0	0	0	0	0	0	0.573
GRIA2	HOMER1	0	0	0	0	0	0	0	0	0	0	0.596
GRIA2	CTNNB1	0	0	0	0	0	0	0	0	0	0	0.615
GRIA2	SHANK2	0	0	0	0	0	0	0	0	0	0	0.637
GRIA2	NLGN1	0	0	0	0	0	0	0	0	0	0	0.64
GRIA2	NRXN1	0	0	0	0	0	0	0	0	0	0	0.695
GRIA2	DLGAP1	0	0	0	0	0	0	0	0	0	0	0.722
GRIA2	DLG3	0	0	0	0	0	0	0	0	0	0	0.789
GRIA2	DLG1	0	0	0	0	0	0	0	0	0	0	0.809
GRIA2	DLG2	0	0	0	0	0	0	0	0	0	0	0.815
GRIA2	GRIN3A	0	0	0	0	0	0	0	0	0	0	0.845
GRIA2	GRM5	0	0	0	0	0	0	0	0	0	0	0.852
GRIA2	SHISA9	0	0	0	0	0	0	0	0	0	0	0.855
GRIA2	GRIN2B	0	0	0	0	0	0	0	0	0	0	0.885
GRIA2	GRIN1	0	0	0	0	0	0	0	0	0	0	0.901
GRIA2	GRIN2A	0	0	0	0	0	0	0	0	0	0	0.933
GRIA2	DLG4	0	0	0	0	0	0	0	0	0	0	0.968
GRIA2	CAMK2A	0	0	0	0	0	0	0	0	0	0	0.977
GRIA2	CNIH2	0	0	0	0	0	0	0	0	0	0	0.99
GRIA2	CACNG2	0	0	0	0	0	0	0	0	0	0	0.995
GRIA2	GRIA1	0	0	0	0	0	0	0	0	0	0	0.999
GRIA2	GRIA3	0	0	0	0	0	0	0	0	0	0	0.999
CACNG2	NLGN1	0	0	0	0	0	0	0	0	0	0	0.413
CACNG2	NRXN1	0	0	0	0	0	0	0	0	0	0	0.435
CACNG2	HOMER1	0	0	0	0	0	0	0	0	0	0	0.446
CACNG2	EPB41L1	0	0	0	0	0	0	0	0	0	0	0.67
CACNG2	DLGAP1	0	0	0	0	0	0	0	0	0	0	0.751
CACNG2	DLG2	0	0	0	0	0	0	0	0	0	0	0.783
CACNG2	CAMK2A	0	0	0	0	0	0	0	0	0	0	0.808
CACNG2	GRIN3A	0	0	0	0	0	0	0	0	0	0	0.852
CACNG2	GRIN2A	0	0	0	0	0	0	0	0	0	0	0.88
CACNG2	GRIN2B	0	0	0	0	0	0	0	0	0	0	0.893
CACNG2	GRIN1	0	0	0	0	0	0	0	0	0	0	0.894
CACNG2	DLG3	0	0	0	0	0	0	0	0	0	0	0.9
CACNG2	CNIH2	0	0	0	0	0	0	0	0	0	0	0.906
CACNG2	MAGI2	0	0	0	0	0	0	0	0	0	0	0.915
CACNG2	DLG1	0	0	0	0	0	0	0	0	0	0	0.941
CACNG2	CACNB4	0	0	0	0	0	0	0	0	0	0	0.951
CACNG2	SHISA9	0	0	0	0	0	0	0	0	0	0	0.973
CACNG2	GRIA3	0	0	0	0	0	0	0	0	0	0	0.984
CACNG2	DLG4	0	0	0	0	0	0	0	0	0	0	0.999
CACNG2	GRIA1	0	0	0	0	0	0	0	0	0	0	0.999
NLGN2	CAMK2A	0	0	0	0	0	0	0	0	0	0	0.411
NLGN2	NXPH1	0	0	0	0	0	0	0	0	0	0	0.414
NLGN2	DLG1	0	0	0	0	0	0	0	0	0	0	0.44
NLGN2	PTEN	0	0	0	0	0	0	0	0	0	0	0.455
NLGN2	GRIN1	0	0	0	0	0	0	0	0	0	0	0.469
NLGN2	PRNP	0	0	0	0	0	0	0	0	0	0	0.485
NLGN2	GRIN2B	0	0	0	0	0	0	0	0	0	0	0.496
NLGN2	CTNNB1	0	0	0	0	0	0	0	0	0	0	0.499
NLGN2	GRIN2A	0	0	0	0	0	0	0	0	0	0	0.521
NLGN2	NLGN4Y	0	0	0	0	0	0	0	0	0	0	0.525
NLGN2	GRIA1	0	0	0	0	0	0	0	0	0	0	0.532
NLGN2	DAG1	0	0	0	0	0	0	0	0	0	0	0.59
NLGN2	EPB41L1	0	0	0	0	0	0	0	0	0	0	0.624
NLGN2	HOMER2	0	0	0	0	0	0	0	0	0	0	0.647
NLGN2	GRM5	0	0	0	0	0	0	0	0	0	0	0.668
NLGN2	NLGN3	0	0	0	0	0	0	0	0	0	0	0.683
NLGN2	HOMER3	0	0	0	0	0	0	0	0	0	0	0.697
NLGN2	HOMER1	0	0	0	0	0	0	0	0	0	0	0.699
NLGN2	NLGN4X	0	0	0	0	0	0	0	0	0	0	0.704
NLGN2	NLGN1	0	0	0	0	0	0	0	0	0	0	0.704
NLGN2	DLGAP3	0	0	0	0	0	0	0	0	0	0	0.709
NLGN2	DLGAP2	0	0	0	0	0	0	0	0	0	0	0.715
NLGN2	DLG2	0	0	0	0	0	0	0	0	0	0	0.784
NLGN2	MAGI2	0	0	0	0	0	0	0	0	0	0	0.813
NLGN2	DLGAP1	0	0	0	0	0	0	0	0	0	0	0.844
NLGN2	SHANK2	0	0	0	0	0	0	0	0	0	0	0.868
NLGN2	DLG3	0	0	0	0	0	0	0	0	0	0	0.883
NLGN2	SHANK3	0	0	0	0	0	0	0	0	0	0	0.935
NLGN2	GPHN	0	0	0	0	0	0	0	0	0	0	0.968
NLGN2	NRXN3	0	0	0	0	0	0	0	0	0	0	0.978
NLGN2	MDGA1	0	0	0	0	0	0	0	0	0	0	0.994
NLGN2	DLG4	0	0	0	0	0	0	0	0	0	0	0.998
NLGN2	NRXN1	0	0	0	0	0	0	0	0	0	0	0.999
HOMER2	GRIA1	0	0	0	0	0	0	0	0	0	0	0.4
HOMER2	GRIN1	0	0	0	0	0	0	0	0	0	0	0.42
HOMER2	GRIN2A	0	0	0	0	0	0	0	0	0	0	0.478
HOMER2	GRIN2B	0	0	0	0	0	0	0	0	0	0	0.502
HOMER2	CALML4	0	0	0	0	0	0	0	0	0	0	0.507
HOMER2	CALML3	0	0	0	0	0	0	0	0	0	0	0.518
HOMER2	NLGN4X	0	0	0	0	0	0	0	0	0	0	0.596
HOMER2	NRXN1	0	0	0	0	0	0	0	0	0	0	0.605
HOMER2	NLGN4Y	0	0	0	0	0	0	0	0	0	0	0.607
HOMER2	DLG2	0	0	0	0	0	0	0	0	0	0	0.61
HOMER2	DLG3	0	0	0	0	0	0	0	0	0	0	0.613
HOMER2	NLGN1	0	0	0	0	0	0	0	0	0	0	0.618
HOMER2	DLGAP2	0	0	0	0	0	0	0	0	0	0	0.637
HOMER2	AKT1	0	0	0	0	0	0	0	0	0	0	0.638
HOMER2	NLGN3	0	0	0	0	0	0	0	0	0	0	0.641
HOMER2	DLGAP3	0	0	0	0	0	0	0	0	0	0	0.666
HOMER2	NRXN3	0	0	0	0	0	0	0	0	0	0	0.691
HOMER2	SHANK3	0	0	0	0	0	0	0	0	0	0	0.758
HOMER2	DLG4	0	0	0	0	0	0	0	0	0	0	0.779
HOMER2	SHANK2	0	0	0	0	0	0	0	0	0	0	0.782
HOMER2	DLGAP1	0	0	0	0	0	0	0	0	0	0	0.857
HOMER2	GRM5	0	0	0	0	0	0	0	0	0	0	0.965
HOMER2	HOMER3	0	0	0	0	0	0	0	0	0	0	0.99
HOMER2	HOMER1	0	0	0	0	0	0	0	0	0	0	0.991
GRM5	AKT1	0	0	0	0	0	0	0	0	0	0	0.44
GRM5	FYN	0	0	0	0	0	0	0	0	0	0	0.471
GRM5	CALML4	0	0	0	0	0	0	0	0	0	0	0.49
GRM5	CALML3	0	0	0	0	0	0	0	0	0	0	0.493
GRM5	PRKCZ	0	0	0	0	0	0	0	0	0	0	0.515
GRM5	NXPH1	0	0	0	0	0	0	0	0	0	0	0.54
GRM5	GPHN	0	0	0	0	0	0	0	0	0	0	0.545
GRM5	EPB41L1	0	0	0	0	0	0	0	0	0	0	0.547
GRM5	NLGN4Y	0	0	0	0	0	0	0	0	0	0	0.611
GRM5	DLG3	0	0	0	0	0	0	0	0	0	0	0.642
GRM5	DLGAP2	0	0	0	0	0	0	0	0	0	0	0.686
GRM5	NLGN4X	0	0	0	0	0	0	0	0	0	0	0.696
GRM5	GRIN3A	0	0	0	0	0	0	0	0	0	0	0.699
GRM5	DLG2	0	0	0	0	0	0	0	0	0	0	0.702
GRM5	NLGN1	0	0	0	0	0	0	0	0	0	0	0.716
GRM5	NRXN3	0	0	0	0	0	0	0	0	0	0	0.724
GRM5	NLGN3	0	0	0	0	0	0	0	0	0	0	0.735
GRM5	NRXN1	0	0	0	0	0	0	0	0	0	0	0.766
GRM5	GRIA3	0	0	0	0	0	0	0	0	0	0	0.782
GRM5	DLGAP3	0	0	0	0	0	0	0	0	0	0	0.786
GRM5	GRIN1	0	0	0	0	0	0	0	0	0	0	0.792
GRM5	GRIN2A	0	0	0	0	0	0	0	0	0	0	0.841
GRM5	GRIN2B	0	0	0	0	0	0	0	0	0	0	0.842
GRM5	SHANK2	0	0	0	0	0	0	0	0	0	0	0.869
GRM5	SHANK3	0	0	0	0	0	0	0	0	0	0	0.88
GRM5	DLG4	0	0	0	0	0	0	0	0	0	0	0.902
GRM5	DLGAP1	0	0	0	0	0	0	0	0	0	0	0.915
GRM5	GRIA1	0	0	0	0	0	0	0	0	0	0	0.916
GRM5	HOMER3	0	0	0	0	0	0	0	0	0	0	0.929
GRM5	PRNP	0	0	0	0	0	0	0	0	0	0	0.953
GRM5	CAMK2A	0	0	0	0	0	0	0	0	0	0	0.975
GRM5	ADORA2A	0	0	0	0	0	0	0	0	0	0	0.976
GRM5	HOMER1	0	0	0	0	0	0	0	0	0	0	0.999
CNIH2	DLG3	0	0	0	0	0	0	0	0	0	0	0.552
CNIH2	GRIN3A	0	0	0	0	0	0	0	0	0	0	0.763
CNIH2	GRIN2B	0	0	0	0	0	0	0	0	0	0	0.774
CNIH2	GRIN2A	0	0	0	0	0	0	0	0	0	0	0.784
CNIH2	GRIN1	0	0	0	0	0	0	0	0	0	0	0.796
CNIH2	DLG4	0	0	0	0	0	0	0	0	0	0	0.856
CNIH2	SHISA9	0	0	0	0	0	0	0	0	0	0	0.949
CNIH2	GRIA3	0	0	0	0	0	0	0	0	0	0	0.97
CNIH2	GRIA1	0	0	0	0	0	0	0	0	0	0	0.995
CALML3	PTEN	0	0	0	0	0	0	0	0	0	0	0.437
CALML3	ADORA2A	0	0	0	0	0	0	0	0	0	0	0.455
CALML3	DLG1	0	0	0	0	0	0	0	0	0	0	0.456
CALML3	HOMER3	0	0	0	0	0	0	0	0	0	0	0.532
CALML3	GRIA1	0	0	0	0	0	0	0	0	0	0	0.581
CALML3	HOMER1	0	0	0	0	0	0	0	0	0	0	0.625
CALML3	CTNNB1	0	0	0	0	0	0	0	0	0	0	0.628
CALML3	FYN	0	0	0	0	0	0	0	0	0	0	0.682
CALML3	AKT1	0	0	0	0	0	0	0	0	0	0	0.719
CALML3	DLG4	0	0	0	0	0	0	0	0	0	0	0.891
CALML3	GRIN2A	0	0	0	0	0	0	0	0	0	0	0.895
CALML3	GRIN2B	0	0	0	0	0	0	0	0	0	0	0.927
CALML3	GRIN1	0	0	0	0	0	0	0	0	0	0	0.96
CALML3	CALML4	0	0	0	0	0	0	0	0	0	0	0.963
CALML3	CAMK2A	0	0	0	0	0	0	0	0	0	0	0.999
DLGAP1	GRIN1	0	0	0	0	0	0	0	0	0	0	0.57
DLGAP1	NRXN3	0	0	0	0	0	0	0	0	0	0	0.659
DLGAP1	CAMK2A	0	0	0	0	0	0	0	0	0	0	0.703
DLGAP1	DLGAP2	0	0	0	0	0	0	0	0	0	0	0.704
DLGAP1	DLGAP3	0	0	0	0	0	0	0	0	0	0	0.724
DLGAP1	MAGI2	0	0	0	0	0	0	0	0	0	0	0.732
DLGAP1	NRXN1	0	0	0	0	0	0	0	0	0	0	0.774
DLGAP1	NLGN4Y	0	0	0	0	0	0	0	0	0	0	0.843
DLGAP1	GRIA1	0	0	0	0	0	0	0	0	0	0	0.852
DLGAP1	NLGN3	0	0	0	0	0	0	0	0	0	0	0.855
DLGAP1	NLGN4X	0	0	0	0	0	0	0	0	0	0	0.861
DLGAP1	GRIN2A	0	0	0	0	0	0	0	0	0	0	0.885
DLGAP1	DLG3	0	0	0	0	0	0	0	0	0	0	0.887
DLGAP1	DLG2	0	0	0	0	0	0	0	0	0	0	0.89
DLGAP1	GRIN2B	0	0	0	0	0	0	0	0	0	0	0.9
DLGAP1	NLGN1	0	0	0	0	0	0	0	0	0	0	0.927
DLGAP1	HOMER3	0	0	0	0	0	0	0	0	0	0	0.943
DLGAP1	DLG1	0	0	0	0	0	0	0	0	0	0	0.952
DLGAP1	SHANK2	0	0	0	0	0	0	0	0	0	0	0.981
DLGAP1	HOMER1	0	0	0	0	0	0	0	0	0	0	0.986
DLGAP1	SHANK3	0	0	0	0	0	0	0	0	0	0	0.997
DLGAP1	DLG4	0	0	0	0	0	0	0	0	0	0	0.999
LLGL1	FYN	0	0	0	0	0	0	0	0	0	0	0.406
LLGL1	DLG2	0	0	0	0	0	0	0	0	0	0	0.84
LLGL1	UBE3A	0	0	0	0	0	0	0	0	0	0	0.905
LLGL1	DLG3	0	0	0	0	0	0	0	0	0	0	0.939
LLGL1	SCRIB	0	0	0	0	0	0	0	0	0	0	0.964
LLGL1	DLG1	0	0	0	0	0	0	0	0	0	0	0.975
LLGL1	DLG4	0	0	0	0	0	0	0	0	0	0	0.983
LLGL1	LLGL2	0	0	0	0	0	0	0	0	0	0	0.993
LLGL1	PRKCZ	0	0	0	0	0	0	0	0	0	0	0.995
GRIN2A	NLGN4X	0	0	0	0	0	0	0	0	0	0	0.471
GRIN2A	NLGN3	0	0	0	0	0	0	0	0	0	0	0.472
GRIN2A	GPHN	0	0	0	0	0	0	0	0	0	0	0.482
GRIN2A	CACNB4	0	0	0	0	0	0	0	0	0	0	0.54
GRIN2A	NLGN1	0	0	0	0	0	0	0	0	0	0	0.554
GRIN2A	SHANK2	0	0	0	0	0	0	0	0	0	0	0.555
GRIN2A	DLGAP3	0	0	0	0	0	0	0	0	0	0	0.574
GRIN2A	MAGI2	0	0	0	0	0	0	0	0	0	0	0.575
GRIN2A	DLGAP2	0	0	0	0	0	0	0	0	0	0	0.577
GRIN2A	NRXN1	0	0	0	0	0	0	0	0	0	0	0.617
GRIN2A	SHANK3	0	0	0	0	0	0	0	0	0	0	0.638
GRIN2A	AKT1	0	0	0	0	0	0	0	0	0	0	0.659
GRIN2A	HOMER1	0	0	0	0	0	0	0	0	0	0	0.768
GRIN2A	SHISA9	0	0	0	0	0	0	0	0	0	0	0.786
GRIN2A	GRIA3	0	0	0	0	0	0	0	0	0	0	0.886
GRIN2A	CALML4	0	0	0	0	0	0	0	0	0	0	0.897
GRIN2A	GRIA1	0	0	0	0	0	0	0	0	0	0	0.926
GRIN2A	CAMK2A	0	0	0	0	0	0	0	0	0	0	0.968
GRIN2A	DLG1	0	0	0	0	0	0	0	0	0	0	0.979
GRIN2A	FYN	0	0	0	0	0	0	0	0	0	0	0.981
GRIN2A	DLG2	0	0	0	0	0	0	0	0	0	0	0.997
GRIN2A	DLG3	0	0	0	0	0	0	0	0	0	0	0.998
GRIN2A	GRIN1	0	0	0	0	0	0	0	0	0	0	0.999
GRIN2A	GRIN2B	0	0	0	0	0	0	0	0	0	0	0.999
GRIN2A	GRIN3A	0	0	0	0	0	0	0	0	0	0	0.999
GRIN2A	DLG4	0	0	0	0	0	0	0	0	0	0	0.999
HOMER1	GRIA3	0	0	0	0	0	0	0	0	0	0	0.43
HOMER1	PRNP	0	0	0	0	0	0	0	0	0	0	0.521
HOMER1	DLG1	0	0	0	0	0	0	0	0	0	0	0.553
HOMER1	NRXN3	0	0	0	0	0	0	0	0	0	0	0.608
HOMER1	CALML4	0	0	0	0	0	0	0	0	0	0	0.618
HOMER1	GRIN1	0	0	0	0	0	0	0	0	0	0	0.641
HOMER1	NLGN4Y	0	0	0	0	0	0	0	0	0	0	0.649
HOMER1	GRIN2B	0	0	0	0	0	0	0	0	0	0	0.675
HOMER1	NLGN4X	0	0	0	0	0	0	0	0	0	0	0.69
HOMER1	NRXN1	0	0	0	0	0	0	0	0	0	0	0.706
HOMER1	DLG3	0	0	0	0	0	0	0	0	0	0	0.707
HOMER1	NLGN3	0	0	0	0	0	0	0	0	0	0	0.721
HOMER1	NLGN1	0	0	0	0	0	0	0	0	0	0	0.726
HOMER1	GPHN	0	0	0	0	0	0	0	0	0	0	0.733
HOMER1	DLGAP2	0	0	0	0	0	0	0	0	0	0	0.734
HOMER1	CAMK2A	0	0	0	0	0	0	0	0	0	0	0.735
HOMER1	EPB41L1	0	0	0	0	0	0	0	0	0	0	0.747
HOMER1	DLGAP3	0	0	0	0	0	0	0	0	0	0	0.816
HOMER1	DLG2	0	0	0	0	0	0	0	0	0	0	0.821
HOMER1	GRIA1	0	0	0	0	0	0	0	0	0	0	0.873
HOMER1	SHANK2	0	0	0	0	0	0	0	0	0	0	0.937
HOMER1	SHANK3	0	0	0	0	0	0	0	0	0	0	0.957
HOMER1	DLG4	0	0	0	0	0	0	0	0	0	0	0.988
HOMER1	HOMER3	0	0	0	0	0	0	0	0	0	0	0.993
EPB41L1	DLG3	0	0	0	0	0	0	0	0	0	0	0.471
EPB41L1	NRXN3	0	0	0	0	0	0	0	0	0	0	0.528
EPB41L1	NLGN3	0	0	0	0	0	0	0	0	0	0	0.543
EPB41L1	NLGN4Y	0	0	0	0	0	0	0	0	0	0	0.547
EPB41L1	CAMK2A	0	0	0	0	0	0	0	0	0	0	0.571
EPB41L1	NLGN4X	0	0	0	0	0	0	0	0	0	0	0.578
EPB41L1	NRXN1	0	0	0	0	0	0	0	0	0	0	0.592
EPB41L1	NLGN1	0	0	0	0	0	0	0	0	0	0	0.639
EPB41L1	GRIA3	0	0	0	0	0	0	0	0	0	0	0.66
EPB41L1	DLG4	0	0	0	0	0	0	0	0	0	0	0.793
EPB41L1	DLG1	0	0	0	0	0	0	0	0	0	0	0.815
EPB41L1	GRIA1	0	0	0	0	0	0	0	0	0	0	0.997
PTK2	DAG1	0	0	0	0	0	0	0	0	0	0	0.434
PTK2	CTNNB1	0	0	0	0	0	0	0	0	0	0	0.802
PTK2	AKT1	0	0	0	0	0	0	0	0	0	0	0.879
PTK2	PIK3R1	0	0	0	0	0	0	0	0	0	0	0.988
PTK2	PTEN	0	0	0	0	0	0	0	0	0	0	0.995
PTK2	FYN	0	0	0	0	0	0	0	0	0	0	0.998
SHANK2	MAGI2	0	0	0	0	0	0	0	0	0	0	0.413
SHANK2	DLG1	0	0	0	0	0	0	0	0	0	0	0.416
SHANK2	CAMK2A	0	0	0	0	0	0	0	0	0	0	0.442
SHANK2	GRIN1	0	0	0	0	0	0	0	0	0	0	0.475
SHANK2	UBE3A	0	0	0	0	0	0	0	0	0	0	0.486
SHANK2	GPHN	0	0	0	0	0	0	0	0	0	0	0.486
SHANK2	AKT1	0	0	0	0	0	0	0	0	0	0	0.539
SHANK2	GRIN3A	0	0	0	0	0	0	0	0	0	0	0.575
SHANK2	GRIN2B	0	0	0	0	0	0	0	0	0	0	0.628
SHANK2	NRXN3	0	0	0	0	0	0	0	0	0	0	0.725
SHANK2	DLG3	0	0	0	0	0	0	0	0	0	0	0.744
SHANK2	GRIA1	0	0	0	0	0	0	0	0	0	0	0.75
SHANK2	HOMER3	0	0	0	0	0	0	0	0	0	0	0.799
SHANK2	DLG2	0	0	0	0	0	0	0	0	0	0	0.811
SHANK2	NLGN4Y	0	0	0	0	0	0	0	0	0	0	0.85
SHANK2	NRXN1	0	0	0	0	0	0	0	0	0	0	0.914
SHANK2	NLGN1	0	0	0	0	0	0	0	0	0	0	0.914
SHANK2	DLGAP3	0	0	0	0	0	0	0	0	0	0	0.917
SHANK2	NLGN3	0	0	0	0	0	0	0	0	0	0	0.958
SHANK2	NLGN4X	0	0	0	0	0	0	0	0	0	0	0.964
SHANK2	DLGAP2	0	0	0	0	0	0	0	0	0	0	0.969
SHANK2	SHANK3	0	0	0	0	0	0	0	0	0	0	0.98
SHANK2	DLG4	0	0	0	0	0	0	0	0	0	0	0.993
DLG1	NLGN4Y	0	0	0	0	0	0	0	0	0	0	0.402
DLG1	NLGN4X	0	0	0	0	0	0	0	0	0	0	0.414
DLG1	NLGN3	0	0	0	0	0	0	0	0	0	0	0.436
DLG1	CALML4	0	0	0	0	0	0	0	0	0	0	0.457
DLG1	NRXN1	0	0	0	0	0	0	0	0	0	0	0.472
DLG1	NLGN1	0	0	0	0	0	0	0	0	0	0	0.483
DLG1	MAST2	0	0	0	0	0	0	0	0	0	0	0.531
DLG1	MAGI2	0	0	0	0	0	0	0	0	0	0	0.579
DLG1	SHANK3	0	0	0	0	0	0	0	0	0	0	0.587
DLG1	GRIA3	0	0	0	0	0	0	0	0	0	0	0.697
DLG1	DLGAP2	0	0	0	0	0	0	0	0	0	0	0.714
DLG1	CAMK2A	0	0	0	0	0	0	0	0	0	0	0.721
DLG1	CTNNB1	0	0	0	0	0	0	0	0	0	0	0.786
DLG1	GRIN1	0	0	0	0	0	0	0	0	0	0	0.878
DLG1	LLGL2	0	0	0	0	0	0	0	0	0	0	0.916
DLG1	SCRIB	0	0	0	0	0	0	0	0	0	0	0.917
DLG1	DLG4	0	0	0	0	0	0	0	0	0	0	0.956
DLG1	DLG2	0	0	0	0	0	0	0	0	0	0	0.962
DLG1	UBE3A	0	0	0	0	0	0	0	0	0	0	0.974
DLG1	DLG3	0	0	0	0	0	0	0	0	0	0	0.974
DLG1	GRIN2B	0	0	0	0	0	0	0	0	0	0	0.992
DLG1	PTEN	0	0	0	0	0	0	0	0	0	0	0.996
DLG1	GRIA1	0	0	0	0	0	0	0	0	0	0	0.999
MAGI2	GRIA1	0	0	0	0	0	0	0	0	0	0	0.408
MAGI2	DLGAP2	0	0	0	0	0	0	0	0	0	0	0.42
MAGI2	NRXN1	0	0	0	0	0	0	0	0	0	0	0.461
MAGI2	GRIN2B	0	0	0	0	0	0	0	0	0	0	0.595
MAGI2	DLG4	0	0	0	0	0	0	0	0	0	0	0.616
MAGI2	DLGAP3	0	0	0	0	0	0	0	0	0	0	0.633
MAGI2	DAG1	0	0	0	0	0	0	0	0	0	0	0.669
MAGI2	NLGN4Y	0	0	0	0	0	0	0	0	0	0	0.743
MAGI2	NLGN4X	0	0	0	0	0	0	0	0	0	0	0.763
MAGI2	NLGN3	0	0	0	0	0	0	0	0	0	0	0.779
MAGI2	MAST2	0	0	0	0	0	0	0	0	0	0	0.84
MAGI2	NLGN1	0	0	0	0	0	0	0	0	0	0	0.893
MAGI2	CTNNB1	0	0	0	0	0	0	0	0	0	0	0.986
MAGI2	PTEN	0	0	0	0	0	0	0	0	0	0	0.998
FYN	GRIA1	0	0	0	0	0	0	0	0	0	0	0.451
FYN	DAG1	0	0	0	0	0	0	0	0	0	0	0.484
FYN	PTEN	0	0	0	0	0	0	0	0	0	0	0.657
FYN	CALML4	0	0	0	0	0	0	0	0	0	0	0.679
FYN	DLG3	0	0	0	0	0	0	0	0	0	0	0.705
FYN	GRIN1	0	0	0	0	0	0	0	0	0	0	0.743
FYN	DLG2	0	0	0	0	0	0	0	0	0	0	0.766
FYN	AKT1	0	0	0	0	0	0	0	0	0	0	0.834
FYN	CTNNB1	0	0	0	0	0	0	0	0	0	0	0.986
FYN	PIK3R1	0	0	0	0	0	0	0	0	0	0	0.988
FYN	PRNP	0	0	0	0	0	0	0	0	0	0	0.99
FYN	GRIN2B	0	0	0	0	0	0	0	0	0	0	0.993
FYN	DLG4	0	0	0	0	0	0	0	0	0	0	0.996
NLGN4Y	GRIA1	0	0	0	0	0	0	0	0	0	0	0.412
NLGN4Y	GRIN2B	0	0	0	0	0	0	0	0	0	0	0.448
NLGN4Y	PTEN	0	0	0	0	0	0	0	0	0	0	0.464
NLGN4Y	GPHN	0	0	0	0	0	0	0	0	0	0	0.478
NLGN4Y	PRNP	0	0	0	0	0	0	0	0	0	0	0.487
NLGN4Y	CTNNB1	0	0	0	0	0	0	0	0	0	0	0.498
NLGN4Y	MDGA1	0	0	0	0	0	0	0	0	0	0	0.505
NLGN4Y	NLGN4X	0	0	0	0	0	0	0	0	0	0	0.519
NLGN4Y	NLGN1	0	0	0	0	0	0	0	0	0	0	0.523
NLGN4Y	HOMER3	0	0	0	0	0	0	0	0	0	0	0.608
NLGN4Y	DLGAP3	0	0	0	0	0	0	0	0	0	0	0.66
NLGN4Y	DLGAP2	0	0	0	0	0	0	0	0	0	0	0.669
NLGN4Y	DLG2	0	0	0	0	0	0	0	0	0	0	0.696
NLGN4Y	NLGN3	0	0	0	0	0	0	0	0	0	0	0.697
NLGN4Y	NRXN3	0	0	0	0	0	0	0	0	0	0	0.827
NLGN4Y	DLG3	0	0	0	0	0	0	0	0	0	0	0.848
NLGN4Y	SHANK3	0	0	0	0	0	0	0	0	0	0	0.899
NLGN4Y	DLG4	0	0	0	0	0	0	0	0	0	0	0.986
NLGN4Y	NRXN1	0	0	0	0	0	0	0	0	0	0	0.999
SCRIB	GRIN2B	0	0	0	0	0	0	0	0	0	0	0.494
SCRIB	PRKCZ	0	0	0	0	0	0	0	0	0	0	0.657
SCRIB	AKT1	0	0	0	0	0	0	0	0	0	0	0.712
SCRIB	PTEN	0	0	0	0	0	0	0	0	0	0	0.834
SCRIB	DLG2	0	0	0	0	0	0	0	0	0	0	0.856
SCRIB	CTNNB1	0	0	0	0	0	0	0	0	0	0	0.88
SCRIB	DLG3	0	0	0	0	0	0	0	0	0	0	0.908
SCRIB	DLG4	0	0	0	0	0	0	0	0	0	0	0.921
SCRIB	LLGL2	0	0	0	0	0	0	0	0	0	0	0.959
SCRIB	UBE3A	0	0	0	0	0	0	0	0	0	0	0.98
NLGN3	NXPH1	0	0	0	0	0	0	0	0	0	0	0.418
NLGN3	GRIN1	0	0	0	0	0	0	0	0	0	0	0.446
NLGN3	PRNP	0	0	0	0	0	0	0	0	0	0	0.48
NLGN3	CTNNB1	0	0	0	0	0	0	0	0	0	0	0.513
NLGN3	GRIA1	0	0	0	0	0	0	0	0	0	0	0.536
NLGN3	GRIN2B	0	0	0	0	0	0	0	0	0	0	0.573
NLGN3	PTEN	0	0	0	0	0	0	0	0	0	0	0.591
NLGN3	GPHN	0	0	0	0	0	0	0	0	0	0	0.648
NLGN3	HOMER3	0	0	0	0	0	0	0	0	0	0	0.65
NLGN3	UBE3A	0	0	0	0	0	0	0	0	0	0	0.667
NLGN3	MDGA1	0	0	0	0	0	0	0	0	0	0	0.686
NLGN3	DLGAP3	0	0	0	0	0	0	0	0	0	0	0.763
NLGN3	DLG2	0	0	0	0	0	0	0	0	0	0	0.776
NLGN3	NLGN4X	0	0	0	0	0	0	0	0	0	0	0.796
NLGN3	NLGN1	0	0	0	0	0	0	0	0	0	0	0.799
NLGN3	DLGAP2	0	0	0	0	0	0	0	0	0	0	0.839
NLGN3	DLG3	0	0	0	0	0	0	0	0	0	0	0.885
NLGN3	NRXN3	0	0	0	0	0	0	0	0	0	0	0.94
NLGN3	SHANK3	0	0	0	0	0	0	0	0	0	0	0.993
NLGN3	DLG4	0	0	0	0	0	0	0	0	0	0	0.995
NLGN3	NRXN1	0	0	0	0	0	0	0	0	0	0	0.999
MAST2	PTEN	0	0	0	0	0	0	0	0	0	0	0.993
GRIN3A	DLG3	0	0	0	0	0	0	0	0	0	0	0.68
GRIN3A	SHISA9	0	0	0	0	0	0	0	0	0	0	0.784
GRIN3A	GRIA3	0	0	0	0	0	0	0	0	0	0	0.802
GRIN3A	GRIA1	0	0	0	0	0	0	0	0	0	0	0.815
GRIN3A	DLG4	0	0	0	0	0	0	0	0	0	0	0.966
GRIN3A	GRIN1	0	0	0	0	0	0	0	0	0	0	0.999
GRIN3A	GRIN2B	0	0	0	0	0	0	0	0	0	0	0.999
PSMD4	SPOP	0	0	0	0	0	0	0	0	0	0	0.425
PSMD4	UBE2L3	0	0	0	0	0	0	0	0	0	0	0.434
PSMD4	UBE2D2	0	0	0	0	0	0	0	0	0	0	0.501
PSMD4	PTEN	0	0	0	0	0	0	0	0	0	0	0.606
PSMD4	UBE2D1	0	0	0	0	0	0	0	0	0	0	0.668
PSMD4	PRNP	0	0	0	0	0	0	0	0	0	0	0.68
PSMD4	UBE3A	0	0	0	0	0	0	0	0	0	0	0.994
PSMD4	RAD23A	0	0	0	0	0	0	0	0	0	0	0.999
GRIN1	NLGN4X	0	0	0	0	0	0	0	0	0	0	0.422
GRIN1	DLGAP2	0	0	0	0	0	0	0	0	0	0	0.442
GRIN1	GPHN	0	0	0	0	0	0	0	0	0	0	0.446
GRIN1	NRXN1	0	0	0	0	0	0	0	0	0	0	0.449
GRIN1	DLGAP3	0	0	0	0	0	0	0	0	0	0	0.507
GRIN1	SHANK3	0	0	0	0	0	0	0	0	0	0	0.568
GRIN1	NLGN1	0	0	0	0	0	0	0	0	0	0	0.611
GRIN1	SHISA9	0	0	0	0	0	0	0	0	0	0	0.75
GRIN1	DLG2	0	0	0	0	0	0	0	0	0	0	0.761
GRIN1	GRIA3	0	0	0	0	0	0	0	0	0	0	0.877
GRIN1	DLG3	0	0	0	0	0	0	0	0	0	0	0.879
GRIN1	GRIA1	0	0	0	0	0	0	0	0	0	0	0.907
GRIN1	CAMK2A	0	0	0	0	0	0	0	0	0	0	0.911
GRIN1	CALML4	0	0	0	0	0	0	0	0	0	0	0.964
GRIN1	DLG4	0	0	0	0	0	0	0	0	0	0	0.998
GRIN1	GRIN2B	0	0	0	0	0	0	0	0	0	0	0.999
PTEN	UBE2D2	0	0	0	0	0	0	0	0	0	0	0.407
PTEN	CALML4	0	0	0	0	0	0	0	0	0	0	0.413
PTEN	SHANK3	0	0	0	0	0	0	0	0	0	0	0.483
PTEN	NLGN1	0	0	0	0	0	0	0	0	0	0	0.496
PTEN	GRIN2B	0	0	0	0	0	0	0	0	0	0	0.547
PTEN	NLGN4X	0	0	0	0	0	0	0	0	0	0	0.556
PTEN	UBE2L3	0	0	0	0	0	0	0	0	0	0	0.571
PTEN	DLG4	0	0	0	0	0	0	0	0	0	0	0.745
PTEN	CTNNB1	0	0	0	0	0	0	0	0	0	0	0.943
PTEN	PRKCZ	0	0	0	0	0	0	0	0	0	0	0.958
PTEN	UBE3A	0	0	0	0	0	0	0	0	0	0	0.96
PTEN	AKT1	0	0	0	0	0	0	0	0	0	0	0.988
PTEN	SPOP	0	0	0	0	0	0	0	0	0	0	0.99
PTEN	PIK3R1	0	0	0	0	0	0	0	0	0	0	0.997
DLGAP3	CAMK2A	0	0	0	0	0	0	0	0	0	0	0.451
DLGAP3	GRIA1	0	0	0	0	0	0	0	0	0	0	0.507
DLGAP3	NRXN3	0	0	0	0	0	0	0	0	0	0	0.634
DLGAP3	HOMER3	0	0	0	0	0	0	0	0	0	0	0.72
DLGAP3	NRXN1	0	0	0	0	0	0	0	0	0	0	0.733
DLGAP3	NLGN4X	0	0	0	0	0	0	0	0	0	0	0.737
DLGAP3	NLGN1	0	0	0	0	0	0	0	0	0	0	0.737
DLGAP3	GRIN2B	0	0	0	0	0	0	0	0	0	0	0.753
DLGAP3	DLG3	0	0	0	0	0	0	0	0	0	0	0.835
DLGAP3	DLG2	0	0	0	0	0	0	0	0	0	0	0.847
DLGAP3	DLGAP2	0	0	0	0	0	0	0	0	0	0	0.868
DLGAP3	SHANK3	0	0	0	0	0	0	0	0	0	0	0.992
DLGAP3	DLG4	0	0	0	0	0	0	0	0	0	0	0.993
UBE2D1	CTNNB1	0	0	0	0	0	0	0	0	0	0	0.456
UBE2D1	SPOP	0	0	0	0	0	0	0	0	0	0	0.505
UBE2D1	UBE2L3	0	0	0	0	0	0	0	0	0	0	0.654
UBE2D1	UBE2D2	0	0	0	0	0	0	0	0	0	0	0.943
UBE2D1	UBE3A	0	0	0	0	0	0	0	0	0	0	0.984
DLG3	GPHN	0	0	0	0	0	0	0	0	0	0	0.472
DLG3	SHISA9	0	0	0	0	0	0	0	0	0	0	0.513
DLG3	NRXN3	0	0	0	0	0	0	0	0	0	0	0.593
DLG3	HOMER3	0	0	0	0	0	0	0	0	0	0	0.633
DLG3	GRIA3	0	0	0	0	0	0	0	0	0	0	0.644
DLG3	CAMK2A	0	0	0	0	0	0	0	0	0	0	0.688
DLG3	NRXN1	0	0	0	0	0	0	0	0	0	0	0.717
DLG3	SHANK3	0	0	0	0	0	0	0	0	0	0	0.759
DLG3	GRIA1	0	0	0	0	0	0	0	0	0	0	0.815
DLG3	NLGN4X	0	0	0	0	0	0	0	0	0	0	0.863
DLG3	DLGAP2	0	0	0	0	0	0	0	0	0	0	0.872
DLG3	LLGL2	0	0	0	0	0	0	0	0	0	0	0.887
DLG3	NLGN1	0	0	0	0	0	0	0	0	0	0	0.892
DLG3	UBE3A	0	0	0	0	0	0	0	0	0	0	0.913
DLG3	DLG2	0	0	0	0	0	0	0	0	0	0	0.984
DLG3	DLG4	0	0	0	0	0	0	0	0	0	0	0.997
DLG3	GRIN2B	0	0	0	0	0	0	0	0	0	0	0.998
DLG2	CACNB4	0	0	0	0	0	0	0	0	0	0	0.455
DLG2	GPHN	0	0	0	0	0	0	0	0	0	0	0.607
DLG2	HOMER3	0	0	0	0	0	0	0	0	0	0	0.645
DLG2	GRIA3	0	0	0	0	0	0	0	0	0	0	0.655
DLG2	NRXN3	0	0	0	0	0	0	0	0	0	0	0.682
DLG2	CAMK2A	0	0	0	0	0	0	0	0	0	0	0.688
DLG2	NLGN4X	0	0	0	0	0	0	0	0	0	0	0.713
DLG2	NRXN1	0	0	0	0	0	0	0	0	0	0	0.778
DLG2	DLGAP2	0	0	0	0	0	0	0	0	0	0	0.811
DLG2	LLGL2	0	0	0	0	0	0	0	0	0	0	0.844
DLG2	NLGN1	0	0	0	0	0	0	0	0	0	0	0.868
DLG2	GRIA1	0	0	0	0	0	0	0	0	0	0	0.908
DLG2	UBE3A	0	0	0	0	0	0	0	0	0	0	0.913
DLG2	SHANK3	0	0	0	0	0	0	0	0	0	0	0.919
DLG2	DLG4	0	0	0	0	0	0	0	0	0	0	0.969
DLG2	GRIN2B	0	0	0	0	0	0	0	0	0	0	0.996
PRKCZ	CTNNB1	0	0	0	0	0	0	0	0	0	0	0.653
PRKCZ	PIK3R1	0	0	0	0	0	0	0	0	0	0	0.933
PRKCZ	AKT1	0	0	0	0	0	0	0	0	0	0	0.974
PRKCZ	LLGL2	0	0	0	0	0	0	0	0	0	0	0.994
NLGN4X	NXPH1	0	0	0	0	0	0	0	0	0	0	0.407
NLGN4X	PRNP	0	0	0	0	0	0	0	0	0	0	0.475
NLGN4X	CTNNB1	0	0	0	0	0	0	0	0	0	0	0.508
NLGN4X	GRIA1	0	0	0	0	0	0	0	0	0	0	0.514
NLGN4X	GRIN2B	0	0	0	0	0	0	0	0	0	0	0.546
NLGN4X	NLGN1	0	0	0	0	0	0	0	0	0	0	0.548
NLGN4X	MDGA1	0	0	0	0	0	0	0	0	0	0	0.613
NLGN4X	HOMER3	0	0	0	0	0	0	0	0	0	0	0.619
NLGN4X	UBE3A	0	0	0	0	0	0	0	0	0	0	0.633
NLGN4X	GPHN	0	0	0	0	0	0	0	0	0	0	0.767
NLGN4X	DLGAP2	0	0	0	0	0	0	0	0	0	0	0.841
NLGN4X	NRXN3	0	0	0	0	0	0	0	0	0	0	0.859
NLGN4X	SHANK3	0	0	0	0	0	0	0	0	0	0	0.995
NLGN4X	DLG4	0	0	0	0	0	0	0	0	0	0	0.995
NLGN4X	NRXN1	0	0	0	0	0	0	0	0	0	0	0.999
LLGL2	UBE3A	0	0	0	0	0	0	0	0	0	0	0.901
LLGL2	DLG4	0	0	0	0	0	0	0	0	0	0	0.982
SPOP	CTNNB1	0	0	0	0	0	0	0	0	0	0	0.407
SPOP	PIK3R1	0	0	0	0	0	0	0	0	0	0	0.421
SPOP	UBE2D2	0	0	0	0	0	0	0	0	0	0	0.662
UBE2D2	RAD23A	0	0	0	0	0	0	0	0	0	0	0.404
UBE2D2	CTNNB1	0	0	0	0	0	0	0	0	0	0	0.429
UBE2D2	UBE2L3	0	0	0	0	0	0	0	0	0	0	0.683
UBE2D2	UBE3A	0	0	0	0	0	0	0	0	0	0	0.984
NXPH1	NLGN1	0	0	0	0	0	0	0	0	0	0	0.525
NXPH1	NRXN3	0	0	0	0	0	0	0	0	0	0	0.671
NXPH1	NRXN1	0	0	0	0	0	0	0	0	0	0	0.973
NRXN1	GRIA3	0	0	0	0	0	0	0	0	0	0	0.509
NRXN1	UBE3A	0	0	0	0	0	0	0	0	0	0	0.532
NRXN1	CAMK2A	0	0	0	0	0	0	0	0	0	0	0.542
NRXN1	MDGA1	0	0	0	0	0	0	0	0	0	0	0.592
NRXN1	GRIA1	0	0	0	0	0	0	0	0	0	0	0.6
NRXN1	HOMER3	0	0	0	0	0	0	0	0	0	0	0.619
NRXN1	NRXN3	0	0	0	0	0	0	0	0	0	0	0.752
NRXN1	DLGAP2	0	0	0	0	0	0	0	0	0	0	0.803
NRXN1	GPHN	0	0	0	0	0	0	0	0	0	0	0.831
NRXN1	GRIN2B	0	0	0	0	0	0	0	0	0	0	0.832
NRXN1	SHANK3	0	0	0	0	0	0	0	0	0	0	0.961
NRXN1	DLG4	0	0	0	0	0	0	0	0	0	0	0.991
NRXN1	DAG1	0	0	0	0	0	0	0	0	0	0	0.998
NRXN1	NLGN1	0	0	0	0	0	0	0	0	0	0	0.999
NLGN1	CAMK2A	0	0	0	0	0	0	0	0	0	0	0.414
NLGN1	PRNP	0	0	0	0	0	0	0	0	0	0	0.538
NLGN1	UBE3A	0	0	0	0	0	0	0	0	0	0	0.548
NLGN1	CTNNB1	0	0	0	0	0	0	0	0	0	0	0.553
NLGN1	GRIA1	0	0	0	0	0	0	0	0	0	0	0.633
NLGN1	HOMER3	0	0	0	0	0	0	0	0	0	0	0.643
NLGN1	MDGA1	0	0	0	0	0	0	0	0	0	0	0.676
NLGN1	GPHN	0	0	0	0	0	0	0	0	0	0	0.722
NLGN1	GRIN2B	0	0	0	0	0	0	0	0	0	0	0.755
NLGN1	DLGAP2	0	0	0	0	0	0	0	0	0	0	0.811
NLGN1	NRXN3	0	0	0	0	0	0	0	0	0	0	0.964
NLGN1	SHANK3	0	0	0	0	0	0	0	0	0	0	0.978
NLGN1	DLG4	0	0	0	0	0	0	0	0	0	0	0.999
PRNP	AKT1	0	0	0	0	0	0	0	0	0	0	0.424
PRNP	GRIN2B	0	0	0	0	0	0	0	0	0	0	0.452
PRNP	DLG4	0	0	0	0	0	0	0	0	0	0	0.507
UBE2L3	RAD23A	0	0	0	0	0	0	0	0	0	0	0.437
UBE2L3	UBE3A	0	0	0	0	0	0	0	0	0	0	0.999
GPHN	NRXN3	0	0	0	0	0	0	0	0	0	0	0.404
GPHN	CAMK2A	0	0	0	0	0	0	0	0	0	0	0.418
GPHN	AKT1	0	0	0	0	0	0	0	0	0	0	0.472
GPHN	GRIN2B	0	0	0	0	0	0	0	0	0	0	0.526
GPHN	SHANK3	0	0	0	0	0	0	0	0	0	0	0.541
GPHN	GRIA1	0	0	0	0	0	0	0	0	0	0	0.621
GPHN	DLG4	0	0	0	0	0	0	0	0	0	0	0.884
CALML4	ADORA2A	0	0	0	0	0	0	0	0	0	0	0.446
CALML4	HOMER3	0	0	0	0	0	0	0	0	0	0	0.527
CALML4	GRIA1	0	0	0	0	0	0	0	0	0	0	0.586
CALML4	CTNNB1	0	0	0	0	0	0	0	0	0	0	0.631
CALML4	AKT1	0	0	0	0	0	0	0	0	0	0	0.713
CALML4	DLG4	0	0	0	0	0	0	0	0	0	0	0.892
CALML4	GRIN2B	0	0	0	0	0	0	0	0	0	0	0.926
CALML4	CAMK2A	0	0	0	0	0	0	0	0	0	0	0.999
PIK3R1	CTNNB1	0	0	0	0	0	0	0	0	0	0	0.858
PIK3R1	AKT1	0	0	0	0	0	0	0	0	0	0	0.995
GRIA1	NRXN3	0	0	0	0	0	0	0	0	0	0	0.404
GRIA1	DLGAP2	0	0	0	0	0	0	0	0	0	0	0.427
GRIA1	CACNB4	0	0	0	0	0	0	0	0	0	0	0.45
GRIA1	AKT1	0	0	0	0	0	0	0	0	0	0	0.48
GRIA1	UBE3A	0	0	0	0	0	0	0	0	0	0	0.592
GRIA1	SHANK3	0	0	0	0	0	0	0	0	0	0	0.623
GRIA1	GRIN2B	0	0	0	0	0	0	0	0	0	0	0.934
GRIA1	SHISA9	0	0	0	0	0	0	0	0	0	0	0.984
GRIA1	DLG4	0	0	0	0	0	0	0	0	0	0	0.994
GRIA1	GRIA3	0	0	0	0	0	0	0	0	0	0	0.999
GRIA1	CAMK2A	0	0	0	0	0	0	0	0	0	0	0.999
CACNB4	CAMK2A	0	0	0	0	0	0	0	0	0	0	0.717
HOMER3	AKT1	0	0	0	0	0	0	0	0	0	0	0.421
HOMER3	GRIN2B	0	0	0	0	0	0	0	0	0	0	0.466
HOMER3	NRXN3	0	0	0	0	0	0	0	0	0	0	0.516
HOMER3	DLGAP2	0	0	0	0	0	0	0	0	0	0	0.698
HOMER3	DLG4	0	0	0	0	0	0	0	0	0	0	0.868
HOMER3	SHANK3	0	0	0	0	0	0	0	0	0	0	0.884
DAG1	NRXN3	0	0	0	0	0	0	0	0	0	0	0.47
AKT1	ADORA2A	0	0	0	0	0	0	0	0	0	0	0.428
AKT1	GRIN2B	0	0	0	0	0	0	0	0	0	0	0.51
AKT1	SHANK3	0	0	0	0	0	0	0	0	0	0	0.548
AKT1	DLG4	0	0	0	0	0	0	0	0	0	0	0.747
AKT1	CTNNB1	0	0	0	0	0	0	0	0	0	0	0.979
SHISA9	GRIN2B	0	0	0	0	0	0	0	0	0	0	0.779
SHISA9	GRIA3	0	0	0	0	0	0	0	0	0	0	0.824
SHISA9	DLG4	0	0	0	0	0	0	0	0	0	0	0.858
RAD23A	UBE3A	0	0	0	0	0	0	0	0	0	0	0.974
GRIN2B	ADORA2A	0	0	0	0	0	0	0	0	0	0	0.414
GRIN2B	NRXN3	0	0	0	0	0	0	0	0	0	0	0.414
GRIN2B	DLGAP2	0	0	0	0	0	0	0	0	0	0	0.514
GRIN2B	CTNNB1	0	0	0	0	0	0	0	0	0	0	0.757
GRIN2B	SHANK3	0	0	0	0	0	0	0	0	0	0	0.785
GRIN2B	GRIA3	0	0	0	0	0	0	0	0	0	0	0.823
GRIN2B	DLG4	0	0	0	0	0	0	0	0	0	0	0.999
GRIN2B	CAMK2A	0	0	0	0	0	0	0	0	0	0	0.999
GRIA3	CAMK2A	0	0	0	0	0	0	0	0	0	0	0.808
GRIA3	DLG4	0	0	0	0	0	0	0	0	0	0	0.873
SHANK3	CAMK2A	0	0	0	0	0	0	0	0	0	0	0.509
SHANK3	UBE3A	0	0	0	0	0	0	0	0	0	0	0.647
SHANK3	NRXN3	0	0	0	0	0	0	0	0	0	0	0.703
SHANK3	DLGAP2	0	0	0	0	0	0	0	0	0	0	0.988
SHANK3	DLG4	0	0	0	0	0	0	0	0	0	0	0.996
NRXN3	CAMK2A	0	0	0	0	0	0	0	0	0	0	0.404
NRXN3	DLGAP2	0	0	0	0	0	0	0	0	0	0	0.645
NRXN3	DLG4	0	0	0	0	0	0	0	0	0	0	0.858
DLGAP2	CAMK2A	0	0	0	0	0	0	0	0	0	0	0.436
DLGAP2	DLG4	0	0	0	0	0	0	0	0	0	0	0.891
CTNNB1	DLG4	0	0	0	0	0	0	0	0	0	0	0.538
CTNNB1	UBE3A	0	0	0	0	0	0	0	0	0	0	0.974
UBE3A	DLG4	0	0	0	0	0	0	0	0	0	0	0.447
DLG4	CAMK2A	0	0	0	0	0	0	0	0	0	0	0.92
CBLN1	DLG4	0	0	0	0	0	0	0	0	0	0	0.402
CBLN1	NLGN3	0	0	0	0	0	0	0	0	0	0	0.507
CBLN1	NLGN2	0	0	0	0	0	0	0	0	0	0	0.559
CBLN1	NLGN4X	0	0	0	0	0	0	0	0	0	0	0.56
CBLN1	NRXN3	0	0	0	0	0	0	0	0	0	0	0.565
CBLN1	NLGN1	0	0	0	0	0	0	0	0	0	0	0.611
CBLN1	LRRTM2	0	0	0	0	0	0	0	0	0	0	0.717
CBLN1	NRXN2	0	0	0	0	0	0	0	0	0	0	0.989
CBLN1	NRXN1	0	0	0	0	0	0	0	0	0	0	0.994
TSC2	NLGN4X	0	0	0	0	0	0	0	0	0	0	0.459
TSC2	NLGN3	0	0	0	0	0	0	0	0	0	0	0.471
TSC2	PTK2	0	0	0	0	0	0	0	0	0	0	0.476
TSC2	CTNNB1	0	0	0	0	0	0	0	0	0	0	0.517
TSC2	PIK3R1	0	0	0	0	0	0	0	0	0	0	0.524
TSC2	SHANK3	0	0	0	0	0	0	0	0	0	0	0.537
TSC2	PIK3CA	0	0	0	0	0	0	0	0	0	0	0.687
TSC2	TP53	0	0	0	0	0	0	0	0	0	0	0.713
TSC2	PTEN	0	0	0	0	0	0	0	0	0	0	0.889
TSC2	UBE3A	0	0	0	0	0	0	0	0	0	0	0.981
TSC2	AKT1	0	0	0	0	0	0	0	0	0	0	0.99
CACNG1	CAMK2A	0	0	0	0	0	0	0	0	0	0	0.725
CACNG1	CACNB4	0	0	0	0	0	0	0	0	0	0	0.935
CACNG1	CACNG2	0	0	0	0	0	0	0	0	0	0	0.962
CACNG1	CACNG8	0	0	0	0	0	0	0	0	0	0	0.968
GRIN3B	GRM5	0	0	0	0	0	0	0	0	0	0	0.419
GRIN3B	GRM1	0	0	0	0	0	0	0	0	0	0	0.466
GRIN3B	DLG3	0	0	0	0	0	0	0	0	0	0	0.598
GRIN3B	CNIH2	0	0	0	0	0	0	0	0	0	0	0.746
GRIN3B	SHISA9	0	0	0	0	0	0	0	0	0	0	0.748
GRIN3B	CACNG8	0	0	0	0	0	0	0	0	0	0	0.758
GRIN3B	GRIA2	0	0	0	0	0	0	0	0	0	0	0.787
GRIN3B	GRIA3	0	0	0	0	0	0	0	0	0	0	0.791
GRIN3B	GRIA4	0	0	0	0	0	0	0	0	0	0	0.811
GRIN3B	GRIA1	0	0	0	0	0	0	0	0	0	0	0.84
GRIN3B	CACNG2	0	0	0	0	0	0	0	0	0	0	0.845
GRIN3B	DLG4	0	0	0	0	0	0	0	0	0	0	0.942
GRIN3B	GRIN3A	0	0	0	0	0	0	0	0	0	0	0.995
GRIN3B	GRIN2C	0	0	0	0	0	0	0	0	0	0	0.996
GRIN3B	GRIN2B	0	0	0	0	0	0	0	0	0	0	0.996
GRIN3B	GRIN2D	0	0	0	0	0	0	0	0	0	0	0.996
GRIN3B	GRIN2A	0	0	0	0	0	0	0	0	0	0	0.998
GRIN3B	GRIN1	0	0	0	0	0	0	0	0	0	0	0.999
GRIN2D	DLGAP3	0	0	0	0	0	0	0	0	0	0	0.451
GRIN2D	GRM5	0	0	0	0	0	0	0	0	0	0	0.556
GRIN2D	DLG1	0	0	0	0	0	0	0	0	0	0	0.604
GRIN2D	CAMK2A	0	0	0	0	0	0	0	0	0	0	0.607
GRIN2D	DLGAP1	0	0	0	0	0	0	0	0	0	0	0.617
GRIN2D	DLG2	0	0	0	0	0	0	0	0	0	0	0.634
GRIN2D	DLG3	0	0	0	0	0	0	0	0	0	0	0.659
GRIN2D	GRM1	0	0	0	0	0	0	0	0	0	0	0.678
GRIN2D	CALML4	0	0	0	0	0	0	0	0	0	0	0.74
GRIN2D	CALML3	0	0	0	0	0	0	0	0	0	0	0.74
GRIN2D	CALM3	0	0	0	0	0	0	0	0	0	0	0.755
GRIN2D	CNIH2	0	0	0	0	0	0	0	0	0	0	0.761
GRIN2D	SHISA9	0	0	0	0	0	0	0	0	0	0	0.767
GRIN2D	CACNG8	0	0	0	0	0	0	0	0	0	0	0.778
GRIN2D	PRNP	0	0	0	0	0	0	0	0	0	0	0.779
GRIN2D	CACNG2	0	0	0	0	0	0	0	0	0	0	0.795
GRIN2D	GRIA3	0	0	0	0	0	0	0	0	0	0	0.799
GRIN2D	GRIA2	0	0	0	0	0	0	0	0	0	0	0.8
GRIN2D	GRIA1	0	0	0	0	0	0	0	0	0	0	0.816
GRIN2D	GRIA4	0	0	0	0	0	0	0	0	0	0	0.864
GRIN2D	DLG4	0	0	0	0	0	0	0	0	0	0	0.976
GRIN2D	GRIN3A	0	0	0	0	0	0	0	0	0	0	0.998
GRIN2D	GRIN2B	0	0	0	0	0	0	0	0	0	0	0.998
GRIN2D	GRIN2A	0	0	0	0	0	0	0	0	0	0	0.998
GRIN2D	GRIN2C	0	0	0	0	0	0	0	0	0	0	0.998
GRIN2D	GRIN1	0	0	0	0	0	0	0	0	0	0	0.999
PIK3CA	CALML4	0	0	0	0	0	0	0	0	0	0	0.517
PIK3CA	CALML3	0	0	0	0	0	0	0	0	0	0	0.518
PIK3CA	SPOP	0	0	0	0	0	0	0	0	0	0	0.523
PIK3CA	DLG1	0	0	0	0	0	0	0	0	0	0	0.569
PIK3CA	PREX2	0	0	0	0	0	0	0	0	0	0	0.58
PIK3CA	GNAQ	0	0	0	0	0	0	0	0	0	0	0.901
PIK3CA	CTNNB1	0	0	0	0	0	0	0	0	0	0	0.901
PIK3CA	PRKCZ	0	0	0	0	0	0	0	0	0	0	0.925
PIK3CA	TP53	0	0	0	0	0	0	0	0	0	0	0.941
PIK3CA	FYN	0	0	0	0	0	0	0	0	0	0	0.951
PIK3CA	PRKCI	0	0	0	0	0	0	0	0	0	0	0.952
PIK3CA	PTK2	0	0	0	0	0	0	0	0	0	0	0.97
PIK3CA	PTEN	0	0	0	0	0	0	0	0	0	0	0.995
PIK3CA	AKT1	0	0	0	0	0	0	0	0	0	0	0.998
PIK3CA	PIK3R1	0	0	0	0	0	0	0	0	0	0	0.999
NRXN2	CACNG2	0	0	0	0	0	0	0	0	0	0	0.408
NRXN2	GRIN1	0	0	0	0	0	0	0	0	0	0	0.436
NRXN2	GRIN2A	0	0	0	0	0	0	0	0	0	0	0.452
NRXN2	DLG1	0	0	0	0	0	0	0	0	0	0	0.457
NRXN2	CAMK2A	0	0	0	0	0	0	0	0	0	0	0.507
NRXN2	GRIN2B	0	0	0	0	0	0	0	0	0	0	0.516
NRXN2	GRIA1	0	0	0	0	0	0	0	0	0	0	0.538
NRXN2	NRXN3	0	0	0	0	0	0	0	0	0	0	0.585
NRXN2	HOMER2	0	0	0	0	0	0	0	0	0	0	0.592
NRXN2	EPB41L1	0	0	0	0	0	0	0	0	0	0	0.599
NRXN2	GRIA2	0	0	0	0	0	0	0	0	0	0	0.607
NRXN2	MDGA1	0	0	0	0	0	0	0	0	0	0	0.612
NRXN2	HOMER3	0	0	0	0	0	0	0	0	0	0	0.619
NRXN2	GRM1	0	0	0	0	0	0	0	0	0	0	0.676
NRXN2	GRIA4	0	0	0	0	0	0	0	0	0	0	0.684
NRXN2	HOMER1	0	0	0	0	0	0	0	0	0	0	0.687
NRXN2	DLG3	0	0	0	0	0	0	0	0	0	0	0.713
NRXN2	GRM5	0	0	0	0	0	0	0	0	0	0	0.713
NRXN2	DLGAP2	0	0	0	0	0	0	0	0	0	0	0.714
NRXN2	DLGAP3	0	0	0	0	0	0	0	0	0	0	0.719
NRXN2	DLG2	0	0	0	0	0	0	0	0	0	0	0.741
NRXN2	DLGAP1	0	0	0	0	0	0	0	0	0	0	0.743
NRXN2	NXPH1	0	0	0	0	0	0	0	0	0	0	0.827
NRXN2	GPHN	0	0	0	0	0	0	0	0	0	0	0.831
NRXN2	SHANK1	0	0	0	0	0	0	0	0	0	0	0.876
NRXN2	SHANK2	0	0	0	0	0	0	0	0	0	0	0.88
NRXN2	SHANK3	0	0	0	0	0	0	0	0	0	0	0.897
NRXN2	NRXN1	0	0	0	0	0	0	0	0	0	0	0.922
NRXN2	DLG4	0	0	0	0	0	0	0	0	0	0	0.987
NRXN2	LRRTM2	0	0	0	0	0	0	0	0	0	0	0.993
NRXN2	DAG1	0	0	0	0	0	0	0	0	0	0	0.997
NRXN2	NLGN2	0	0	0	0	0	0	0	0	0	0	0.999
NRXN2	NLGN1	0	0	0	0	0	0	0	0	0	0	0.999
NRXN2	NLGN3	0	0	0	0	0	0	0	0	0	0	0.999
NRXN2	NLGN4Y	0	0	0	0	0	0	0	0	0	0	0.999
NRXN2	NLGN4X	0	0	0	0	0	0	0	0	0	0	0.999
TP53	GNAQ	0	0	0	0	0	0	0	0	0	0	0.479
TP53	UBE2L3	0	0	0	0	0	0	0	0	0	0	0.5
TP53	CALM3	0	0	0	0	0	0	0	0	0	0	0.508
TP53	UBE2D2	0	0	0	0	0	0	0	0	0	0	0.531
TP53	DLG1	0	0	0	0	0	0	0	0	0	0	0.533
TP53	SPOP	0	0	0	0	0	0	0	0	0	0	0.571
TP53	UBE2D1	0	0	0	0	0	0	0	0	0	0	0.578
TP53	SCRIB	0	0	0	0	0	0	0	0	0	0	0.587
TP53	CALML4	0	0	0	0	0	0	0	0	0	0	0.657
TP53	RAD23A	0	0	0	0	0	0	0	0	0	0	0.657
TP53	CALML3	0	0	0	0	0	0	0	0	0	0	0.657
TP53	FYN	0	0	0	0	0	0	0	0	0	0	0.657
TP53	PRKCI	0	0	0	0	0	0	0	0	0	0	0.661
TP53	DLG4	0	0	0	0	0	0	0	0	0	0	0.734
TP53	PIK3R1	0	0	0	0	0	0	0	0	0	0	0.853
TP53	PSMD4	0	0	0	0	0	0	0	0	0	0	0.88
TP53	CTNNB1	0	0	0	0	0	0	0	0	0	0	0.927
TP53	PTK2	0	0	0	0	0	0	0	0	0	0	0.928
TP53	PRKCZ	0	0	0	0	0	0	0	0	0	0	0.933
TP53	AKT1	0	0	0	0	0	0	0	0	0	0	0.994
TP53	UBE3A	0	0	0	0	0	0	0	0	0	0	0.999
TP53	PTEN	0	0	0	0	0	0	0	0	0	0	0.999
CACNG8	EPB41L1	0	0	0	0	0	0	0	0	0	0	0.46
CACNG8	NLGN1	0	0	0	0	0	0	0	0	0	0	0.514
CACNG8	DLG1	0	0	0	0	0	0	0	0	0	0	0.584
CACNG8	DLG3	0	0	0	0	0	0	0	0	0	0	0.649
CACNG8	GRIN3A	0	0	0	0	0	0	0	0	0	0	0.743
CACNG8	CACNG2	0	0	0	0	0	0	0	0	0	0	0.748
CACNG8	GRIN2C	0	0	0	0	0	0	0	0	0	0	0.761
CACNG8	CAMK2A	0	0	0	0	0	0	0	0	0	0	0.782
CACNG8	GRIN1	0	0	0	0	0	0	0	0	0	0	0.799
CACNG8	GRIN2A	0	0	0	0	0	0	0	0	0	0	0.812
CACNG8	GRIN2B	0	0	0	0	0	0	0	0	0	0	0.822
CACNG8	DLG4	0	0	0	0	0	0	0	0	0	0	0.901
CACNG8	GRIA3	0	0	0	0	0	0	0	0	0	0	0.936
CACNG8	GRIA4	0	0	0	0	0	0	0	0	0	0	0.936
CACNG8	CACNB4	0	0	0	0	0	0	0	0	0	0	0.94
CACNG8	SHISA9	0	0	0	0	0	0	0	0	0	0	0.948
CACNG8	CNIH2	0	0	0	0	0	0	0	0	0	0	0.99
CACNG8	GRIA2	0	0	0	0	0	0	0	0	0	0	0.994
CACNG8	GRIA1	0	0	0	0	0	0	0	0	0	0	0.996
LRRTM2	MDGA1	0	0	0	0	0	0	0	0	0	0	0.419
LRRTM2	GPHN	0	0	0	0	0	0	0	0	0	0	0.464
LRRTM2	NLGN4Y	0	0	0	0	0	0	0	0	0	0	0.474
LRRTM2	GRIA1	0	0	0	0	0	0	0	0	0	0	0.493
LRRTM2	NLGN2	0	0	0	0	0	0	0	0	0	0	0.65
LRRTM2	GRIA2	0	0	0	0	0	0	0	0	0	0	0.681
LRRTM2	NLGN4X	0	0	0	0	0	0	0	0	0	0	0.724
LRRTM2	NLGN3	0	0	0	0	0	0	0	0	0	0	0.725
LRRTM2	NLGN1	0	0	0	0	0	0	0	0	0	0	0.815
LRRTM2	DLG4	0	0	0	0	0	0	0	0	0	0	0.902
LRRTM2	NRXN3	0	0	0	0	0	0	0	0	0	0	0.92
LRRTM2	NRXN1	0	0	0	0	0	0	0	0	0	0	0.997
GRIA4	HOMER1	0	0	0	0	0	0	0	0	0	0	0.42
GRIA4	NXPH1	0	0	0	0	0	0	0	0	0	0	0.421
GRIA4	DLGAP1	0	0	0	0	0	0	0	0	0	0	0.423
GRIA4	SHANK1	0	0	0	0	0	0	0	0	0	0	0.45
GRIA4	NLGN1	0	0	0	0	0	0	0	0	0	0	0.496
GRIA4	SHANK2	0	0	0	0	0	0	0	0	0	0	0.579
GRIA4	DLG3	0	0	0	0	0	0	0	0	0	0	0.646
GRIA4	GRM1	0	0	0	0	0	0	0	0	0	0	0.653
GRIA4	GRM5	0	0	0	0	0	0	0	0	0	0	0.667
GRIA4	NRXN1	0	0	0	0	0	0	0	0	0	0	0.688
GRIA4	DLG2	0	0	0	0	0	0	0	0	0	0	0.698
GRIA4	EPB41L1	0	0	0	0	0	0	0	0	0	0	0.807
GRIA4	CAMK2A	0	0	0	0	0	0	0	0	0	0	0.814
GRIA4	GRIN2C	0	0	0	0	0	0	0	0	0	0	0.824
GRIA4	DLG1	0	0	0	0	0	0	0	0	0	0	0.828
GRIA4	DLG4	0	0	0	0	0	0	0	0	0	0	0.829
GRIA4	GRIN2B	0	0	0	0	0	0	0	0	0	0	0.853
GRIA4	GRIN3A	0	0	0	0	0	0	0	0	0	0	0.878
GRIA4	GRIN1	0	0	0	0	0	0	0	0	0	0	0.886
GRIA4	GRIN2A	0	0	0	0	0	0	0	0	0	0	0.898
GRIA4	SHISA9	0	0	0	0	0	0	0	0	0	0	0.919
GRIA4	CNIH2	0	0	0	0	0	0	0	0	0	0	0.94
GRIA4	CACNG2	0	0	0	0	0	0	0	0	0	0	0.975
GRIA4	GRIA3	0	0	0	0	0	0	0	0	0	0	0.997
GRIA4	GRIA1	0	0	0	0	0	0	0	0	0	0	0.997
GRIA4	GRIA2	0	0	0	0	0	0	0	0	0	0	0.999
GRM1	AKT1	0	0	0	0	0	0	0	0	0	0	0.421
GRM1	CALML4	0	0	0	0	0	0	0	0	0	0	0.427
GRM1	CALML3	0	0	0	0	0	0	0	0	0	0	0.432
GRM1	CALM3	0	0	0	0	0	0	0	0	0	0	0.445
GRM1	FYN	0	0	0	0	0	0	0	0	0	0	0.45
GRM1	DLG1	0	0	0	0	0	0	0	0	0	0	0.46
GRM1	PIK3R1	0	0	0	0	0	0	0	0	0	0	0.48
GRM1	GRIN3A	0	0	0	0	0	0	0	0	0	0	0.537
GRM1	NLGN4Y	0	0	0	0	0	0	0	0	0	0	0.573
GRM1	DLG3	0	0	0	0	0	0	0	0	0	0	0.598
GRM1	GRIA3	0	0	0	0	0	0	0	0	0	0	0.602
GRM1	NLGN2	0	0	0	0	0	0	0	0	0	0	0.61
GRM1	GRIN2C	0	0	0	0	0	0	0	0	0	0	0.616
GRM1	NLGN4X	0	0	0	0	0	0	0	0	0	0	0.624
GRM1	DLGAP2	0	0	0	0	0	0	0	0	0	0	0.628
GRM1	DLG2	0	0	0	0	0	0	0	0	0	0	0.64
GRM1	NLGN3	0	0	0	0	0	0	0	0	0	0	0.648
GRM1	NLGN1	0	0	0	0	0	0	0	0	0	0	0.652
GRM1	GRIN1	0	0	0	0	0	0	0	0	0	0	0.659
GRM1	NRXN3	0	0	0	0	0	0	0	0	0	0	0.687
GRM1	DLGAP3	0	0	0	0	0	0	0	0	0	0	0.688
GRM1	NRXN1	0	0	0	0	0	0	0	0	0	0	0.705
GRM1	SHANK2	0	0	0	0	0	0	0	0	0	0	0.714
GRM1	GRIN2A	0	0	0	0	0	0	0	0	0	0	0.738
GRM1	GRIN2B	0	0	0	0	0	0	0	0	0	0	0.758
GRM1	SHANK3	0	0	0	0	0	0	0	0	0	0	0.788
GRM1	GRIA2	0	0	0	0	0	0	0	0	0	0	0.809
GRM1	GRIA1	0	0	0	0	0	0	0	0	0	0	0.849
GRM1	DLG4	0	0	0	0	0	0	0	0	0	0	0.862
GRM1	SHANK1	0	0	0	0	0	0	0	0	0	0	0.899
GRM1	DLGAP1	0	0	0	0	0	0	0	0	0	0	0.938
GRM1	CAMK2A	0	0	0	0	0	0	0	0	0	0	0.968
GRM1	GRM5	0	0	0	0	0	0	0	0	0	0	0.977
GRM1	HOMER2	0	0	0	0	0	0	0	0	0	0	0.989
GRM1	HOMER3	0	0	0	0	0	0	0	0	0	0	0.99
GRM1	GNAQ	0	0	0	0	0	0	0	0	0	0	0.998
GRM1	HOMER1	0	0	0	0	0	0	0	0	0	0	0.998
GNAQ	CTNNB1	0	0	0	0	0	0	0	0	0	0	0.56
GNAQ	PTEN	0	0	0	0	0	0	0	0	0	0	0.567
GNAQ	CALML4	0	0	0	0	0	0	0	0	0	0	0.57
GNAQ	CALML3	0	0	0	0	0	0	0	0	0	0	0.581
GNAQ	CALM3	0	0	0	0	0	0	0	0	0	0	0.593
GNAQ	AKT1	0	0	0	0	0	0	0	0	0	0	0.775
GNAQ	PIK3R1	0	0	0	0	0	0	0	0	0	0	0.854
GNAQ	ADORA2A	0	0	0	0	0	0	0	0	0	0	0.959
GNAQ	GRM5	0	0	0	0	0	0	0	0	0	0	0.999
PREX2	AKT1	0	0	0	0	0	0	0	0	0	0	0.444
PREX2	PTEN	0	0	0	0	0	0	0	0	0	0	0.99
CALM3	GRIA2	0	0	0	0	0	0	0	0	0	0	0.434
CALM3	PTEN	0	0	0	0	0	0	0	0	0	0	0.451
CALM3	DLG1	0	0	0	0	0	0	0	0	0	0	0.457
CALM3	CACNB4	0	0	0	0	0	0	0	0	0	0	0.463
CALM3	MAST2	0	0	0	0	0	0	0	0	0	0	0.471
CALM3	PIK3R1	0	0	0	0	0	0	0	0	0	0	0.513
CALM3	GRIN3A	0	0	0	0	0	0	0	0	0	0	0.515
CALM3	ADORA2A	0	0	0	0	0	0	0	0	0	0	0.515
CALM3	HOMER2	0	0	0	0	0	0	0	0	0	0	0.517
CALM3	CTNNB1	0	0	0	0	0	0	0	0	0	0	0.528
CALM3	HOMER3	0	0	0	0	0	0	0	0	0	0	0.533
CALM3	GRIA1	0	0	0	0	0	0	0	0	0	0	0.583
CALM3	HOMER1	0	0	0	0	0	0	0	0	0	0	0.63
CALM3	FYN	0	0	0	0	0	0	0	0	0	0	0.685
CALM3	GRM5	0	0	0	0	0	0	0	0	0	0	0.688
CALM3	GRIN2C	0	0	0	0	0	0	0	0	0	0	0.758
CALM3	AKT1	0	0	0	0	0	0	0	0	0	0	0.802
CALM3	GRIN2A	0	0	0	0	0	0	0	0	0	0	0.901
CALM3	GRIN2B	0	0	0	0	0	0	0	0	0	0	0.91
CALM3	DLG4	0	0	0	0	0	0	0	0	0	0	0.989
CALM3	CALML4	0	0	0	0	0	0	0	0	0	0	0.996
CALM3	GRIN1	0	0	0	0	0	0	0	0	0	0	0.996
CALM3	CALML3	0	0	0	0	0	0	0	0	0	0	0.996
CALM3	CAMK2A	0	0	0	0	0	0	0	0	0	0	0.999
GRIN2C	MAGI2	0	0	0	0	0	0	0	0	0	0	0.409
GRIN2C	SHANK1	0	0	0	0	0	0	0	0	0	0	0.416
GRIN2C	GRM5	0	0	0	0	0	0	0	0	0	0	0.621
GRIN2C	DLG1	0	0	0	0	0	0	0	0	0	0	0.681
GRIN2C	SHISA9	0	0	0	0	0	0	0	0	0	0	0.733
GRIN2C	CAMK2A	0	0	0	0	0	0	0	0	0	0	0.735
GRIN2C	CALML3	0	0	0	0	0	0	0	0	0	0	0.741
GRIN2C	CALML4	0	0	0	0	0	0	0	0	0	0	0.741
GRIN2C	CNIH2	0	0	0	0	0	0	0	0	0	0	0.765
GRIN2C	GRIA3	0	0	0	0	0	0	0	0	0	0	0.809
GRIN2C	CACNG2	0	0	0	0	0	0	0	0	0	0	0.817
GRIN2C	DLG2	0	0	0	0	0	0	0	0	0	0	0.818
GRIN2C	GRIA2	0	0	0	0	0	0	0	0	0	0	0.822
GRIN2C	GRIA1	0	0	0	0	0	0	0	0	0	0	0.829
GRIN2C	DLG3	0	0	0	0	0	0	0	0	0	0	0.872
GRIN2C	DLG4	0	0	0	0	0	0	0	0	0	0	0.99
GRIN2C	GRIN2A	0	0	0	0	0	0	0	0	0	0	0.998
GRIN2C	GRIN2B	0	0	0	0	0	0	0	0	0	0	0.998
GRIN2C	GRIN3A	0	0	0	0	0	0	0	0	0	0	0.998
GRIN2C	GRIN1	0	0	0	0	0	0	0	0	0	0	0.999
SHANK1	GPHN	0	0	0	0	0	0	0	0	0	0	0.416
SHANK1	CACNG2	0	0	0	0	0	0	0	0	0	0	0.418
SHANK1	MAGI2	0	0	0	0	0	0	0	0	0	0	0.418
SHANK1	DLG1	0	0	0	0	0	0	0	0	0	0	0.446
SHANK1	CAMK2A	0	0	0	0	0	0	0	0	0	0	0.533
SHANK1	GRIA2	0	0	0	0	0	0	0	0	0	0	0.563
SHANK1	GRIN1	0	0	0	0	0	0	0	0	0	0	0.596
SHANK1	GRIA1	0	0	0	0	0	0	0	0	0	0	0.619
SHANK1	NRXN3	0	0	0	0	0	0	0	0	0	0	0.696
SHANK1	GRIN2A	0	0	0	0	0	0	0	0	0	0	0.742
SHANK1	GRIN2B	0	0	0	0	0	0	0	0	0	0	0.752
SHANK1	NLGN4Y	0	0	0	0	0	0	0	0	0	0	0.76
SHANK1	DLG3	0	0	0	0	0	0	0	0	0	0	0.778
SHANK1	DLGAP2	0	0	0	0	0	0	0	0	0	0	0.841
SHANK1	NLGN2	0	0	0	0	0	0	0	0	0	0	0.868
SHANK1	DLG2	0	0	0	0	0	0	0	0	0	0	0.878
SHANK1	NRXN1	0	0	0	0	0	0	0	0	0	0	0.887
SHANK1	NLGN4X	0	0	0	0	0	0	0	0	0	0	0.894
SHANK1	NLGN3	0	0	0	0	0	0	0	0	0	0	0.904
SHANK1	DLGAP3	0	0	0	0	0	0	0	0	0	0	0.92
SHANK1	NLGN1	0	0	0	0	0	0	0	0	0	0	0.926
SHANK1	HOMER2	0	0	0	0	0	0	0	0	0	0	0.927
SHANK1	GRM5	0	0	0	0	0	0	0	0	0	0	0.939
SHANK1	HOMER3	0	0	0	0	0	0	0	0	0	0	0.966
SHANK1	SHANK2	0	0	0	0	0	0	0	0	0	0	0.968
SHANK1	SHANK3	0	0	0	0	0	0	0	0	0	0	0.982
SHANK1	HOMER1	0	0	0	0	0	0	0	0	0	0	0.984
SHANK1	DLG4	0	0	0	0	0	0	0	0	0	0	0.992
SHANK1	DLGAP1	0	0	0	0	0	0	0	0	0	0	0.996
PRKCI	PIK3R1	0	0	0	0	0	0	0	0	0	0	0.919
PRKCI	PTEN	0	0	0	0	0	0	0	0	0	0	0.933
PRKCI	PRKCZ	0	0	0	0	0	0	0	0	0	0	0.989
PRKCI	LLGL1	0	0	0	0	0	0	0	0	0	0	0.993
PRKCI	LLGL2	0	0	0	0	0	0	0	0	0	0	0.996
GRIA2	DLGAP3	0	0	0	0	0	0	0	0	0	0	0.401
GRIA2	CALML4	0	0	0	0	0	0	0	0	0	0	0.404
GRIA2	PIK3R1	0	0	0	0	0	0	0	0	0	0	0.415
GRIA2	NRXN3	0	0	0	0	0	0	0	0	0	0	0.416
GRIA2	DLGAP2	0	0	0	0	0	0	0	0	0	0	0.422
GRIA2	NLGN4Y	0	0	0	0	0	0	0	0	0	0	0.426
GRIA2	NLGN4X	0	0	0	0	0	0	0	0	0	0	0.485
GRIA2	EPB41L1	0	0	0	0	0	0	0	0	0	0	0.485
GRIA2	NLGN2	0	0	0	0	0	0	0	0	0	0	0.516
GRIA2	GPHN	0	0	0	0	0	0	0	0	0	0	0.52
GRIA2	NLGN3	0	0	0	0	0	0	0	0	0	0	0.535
GRIA2	SHANK3	0	0	0	0	0	0	0	0	0	0	0.573
GRIA2	HOMER1	0	0	0	0	0	0	0	0	0	0	0.596
GRIA2	CTNNB1	0	0	0	0	0	0	0	0	0	0	0.615
GRIA2	SHANK2	0	0	0	0	0	0	0	0	0	0	0.637
GRIA2	NLGN1	0	0	0	0	0	0	0	0	0	0	0.64
GRIA2	NRXN1	0	0	0	0	0	0	0	0	0	0	0.695
GRIA2	DLGAP1	0	0	0	0	0	0	0	0	0	0	0.722
GRIA2	DLG3	0	0	0	0	0	0	0	0	0	0	0.789
GRIA2	DLG1	0	0	0	0	0	0	0	0	0	0	0.809
GRIA2	DLG2	0	0	0	0	0	0	0	0	0	0	0.815
GRIA2	GRIN3A	0	0	0	0	0	0	0	0	0	0	0.845
GRIA2	GRM5	0	0	0	0	0	0	0	0	0	0	0.852
GRIA2	SHISA9	0	0	0	0	0	0	0	0	0	0	0.855
GRIA2	GRIN2B	0	0	0	0	0	0	0	0	0	0	0.885
GRIA2	GRIN1	0	0	0	0	0	0	0	0	0	0	0.901
GRIA2	GRIN2A	0	0	0	0	0	0	0	0	0	0	0.933
GRIA2	DLG4	0	0	0	0	0	0	0	0	0	0	0.968
GRIA2	CAMK2A	0	0	0	0	0	0	0	0	0	0	0.977
GRIA2	CNIH2	0	0	0	0	0	0	0	0	0	0	0.99
GRIA2	CACNG2	0	0	0	0	0	0	0	0	0	0	0.995
GRIA2	GRIA1	0	0	0	0	0	0	0	0	0	0	0.999
GRIA2	GRIA3	0	0	0	0	0	0	0	0	0	0	0.999
CACNG2	NLGN1	0	0	0	0	0	0	0	0	0	0	0.413
CACNG2	NRXN1	0	0	0	0	0	0	0	0	0	0	0.435
CACNG2	HOMER1	0	0	0	0	0	0	0	0	0	0	0.446
CACNG2	EPB41L1	0	0	0	0	0	0	0	0	0	0	0.67
CACNG2	DLGAP1	0	0	0	0	0	0	0	0	0	0	0.751
CACNG2	DLG2	0	0	0	0	0	0	0	0	0	0	0.783
CACNG2	CAMK2A	0	0	0	0	0	0	0	0	0	0	0.808
CACNG2	GRIN3A	0	0	0	0	0	0	0	0	0	0	0.852
CACNG2	GRIN2A	0	0	0	0	0	0	0	0	0	0	0.88
CACNG2	GRIN2B	0	0	0	0	0	0	0	0	0	0	0.893
CACNG2	GRIN1	0	0	0	0	0	0	0	0	0	0	0.894
CACNG2	DLG3	0	0	0	0	0	0	0	0	0	0	0.9
CACNG2	CNIH2	0	0	0	0	0	0	0	0	0	0	0.906
CACNG2	MAGI2	0	0	0	0	0	0	0	0	0	0	0.915
CACNG2	DLG1	0	0	0	0	0	0	0	0	0	0	0.941
CACNG2	CACNB4	0	0	0	0	0	0	0	0	0	0	0.951
CACNG2	SHISA9	0	0	0	0	0	0	0	0	0	0	0.973
CACNG2	GRIA3	0	0	0	0	0	0	0	0	0	0	0.984
CACNG2	DLG4	0	0	0	0	0	0	0	0	0	0	0.999
CACNG2	GRIA1	0	0	0	0	0	0	0	0	0	0	0.999
NLGN2	CAMK2A	0	0	0	0	0	0	0	0	0	0	0.411
NLGN2	NXPH1	0	0	0	0	0	0	0	0	0	0	0.414
NLGN2	DLG1	0	0	0	0	0	0	0	0	0	0	0.44
NLGN2	PTEN	0	0	0	0	0	0	0	0	0	0	0.455
NLGN2	GRIN1	0	0	0	0	0	0	0	0	0	0	0.469
NLGN2	PRNP	0	0	0	0	0	0	0	0	0	0	0.485
NLGN2	GRIN2B	0	0	0	0	0	0	0	0	0	0	0.496
NLGN2	CTNNB1	0	0	0	0	0	0	0	0	0	0	0.499
NLGN2	GRIN2A	0	0	0	0	0	0	0	0	0	0	0.521
NLGN2	NLGN4Y	0	0	0	0	0	0	0	0	0	0	0.525
NLGN2	GRIA1	0	0	0	0	0	0	0	0	0	0	0.532
NLGN2	DAG1	0	0	0	0	0	0	0	0	0	0	0.59
NLGN2	EPB41L1	0	0	0	0	0	0	0	0	0	0	0.624
NLGN2	HOMER2	0	0	0	0	0	0	0	0	0	0	0.647
NLGN2	GRM5	0	0	0	0	0	0	0	0	0	0	0.668
NLGN2	NLGN3	0	0	0	0	0	0	0	0	0	0	0.683
NLGN2	HOMER3	0	0	0	0	0	0	0	0	0	0	0.697
NLGN2	HOMER1	0	0	0	0	0	0	0	0	0	0	0.699
NLGN2	NLGN4X	0	0	0	0	0	0	0	0	0	0	0.704
NLGN2	NLGN1	0	0	0	0	0	0	0	0	0	0	0.704
NLGN2	DLGAP3	0	0	0	0	0	0	0	0	0	0	0.709
NLGN2	DLGAP2	0	0	0	0	0	0	0	0	0	0	0.715
NLGN2	DLG2	0	0	0	0	0	0	0	0	0	0	0.784
NLGN2	MAGI2	0	0	0	0	0	0	0	0	0	0	0.813
NLGN2	DLGAP1	0	0	0	0	0	0	0	0	0	0	0.844
NLGN2	SHANK2	0	0	0	0	0	0	0	0	0	0	0.868
NLGN2	DLG3	0	0	0	0	0	0	0	0	0	0	0.883
NLGN2	SHANK3	0	0	0	0	0	0	0	0	0	0	0.935
NLGN2	GPHN	0	0	0	0	0	0	0	0	0	0	0.968
NLGN2	NRXN3	0	0	0	0	0	0	0	0	0	0	0.978
NLGN2	MDGA1	0	0	0	0	0	0	0	0	0	0	0.994
NLGN2	DLG4	0	0	0	0	0	0	0	0	0	0	0.998
NLGN2	NRXN1	0	0	0	0	0	0	0	0	0	0	0.999
HOMER2	GRIA1	0	0	0	0	0	0	0	0	0	0	0.4
HOMER2	GRIN1	0	0	0	0	0	0	0	0	0	0	0.42
HOMER2	GRIN2A	0	0	0	0	0	0	0	0	0	0	0.478
HOMER2	GRIN2B	0	0	0	0	0	0	0	0	0	0	0.502
HOMER2	CALML4	0	0	0	0	0	0	0	0	0	0	0.507
HOMER2	CALML3	0	0	0	0	0	0	0	0	0	0	0.518
HOMER2	NLGN4X	0	0	0	0	0	0	0	0	0	0	0.596
HOMER2	NRXN1	0	0	0	0	0	0	0	0	0	0	0.605
HOMER2	NLGN4Y	0	0	0	0	0	0	0	0	0	0	0.607
HOMER2	DLG2	0	0	0	0	0	0	0	0	0	0	0.61
HOMER2	DLG3	0	0	0	0	0	0	0	0	0	0	0.613
HOMER2	NLGN1	0	0	0	0	0	0	0	0	0	0	0.618
HOMER2	DLGAP2	0	0	0	0	0	0	0	0	0	0	0.637
HOMER2	AKT1	0	0	0	0	0	0	0	0	0	0	0.638
HOMER2	NLGN3	0	0	0	0	0	0	0	0	0	0	0.641
HOMER2	DLGAP3	0	0	0	0	0	0	0	0	0	0	0.666
HOMER2	NRXN3	0	0	0	0	0	0	0	0	0	0	0.691
HOMER2	SHANK3	0	0	0	0	0	0	0	0	0	0	0.758
HOMER2	DLG4	0	0	0	0	0	0	0	0	0	0	0.779
HOMER2	SHANK2	0	0	0	0	0	0	0	0	0	0	0.782
HOMER2	DLGAP1	0	0	0	0	0	0	0	0	0	0	0.857
HOMER2	GRM5	0	0	0	0	0	0	0	0	0	0	0.965
HOMER2	HOMER3	0	0	0	0	0	0	0	0	0	0	0.99
HOMER2	HOMER1	0	0	0	0	0	0	0	0	0	0	0.991
GRM5	AKT1	0	0	0	0	0	0	0	0	0	0	0.44
GRM5	FYN	0	0	0	0	0	0	0	0	0	0	0.471
GRM5	CALML4	0	0	0	0	0	0	0	0	0	0	0.49
GRM5	CALML3	0	0	0	0	0	0	0	0	0	0	0.493
GRM5	PRKCZ	0	0	0	0	0	0	0	0	0	0	0.515
GRM5	NXPH1	0	0	0	0	0	0	0	0	0	0	0.54
GRM5	GPHN	0	0	0	0	0	0	0	0	0	0	0.545
GRM5	EPB41L1	0	0	0	0	0	0	0	0	0	0	0.547
GRM5	NLGN4Y	0	0	0	0	0	0	0	0	0	0	0.611
GRM5	DLG3	0	0	0	0	0	0	0	0	0	0	0.642
GRM5	DLGAP2	0	0	0	0	0	0	0	0	0	0	0.686
GRM5	NLGN4X	0	0	0	0	0	0	0	0	0	0	0.696
GRM5	GRIN3A	0	0	0	0	0	0	0	0	0	0	0.699
GRM5	DLG2	0	0	0	0	0	0	0	0	0	0	0.702
GRM5	NLGN1	0	0	0	0	0	0	0	0	0	0	0.716
GRM5	NRXN3	0	0	0	0	0	0	0	0	0	0	0.724
GRM5	NLGN3	0	0	0	0	0	0	0	0	0	0	0.735
GRM5	NRXN1	0	0	0	0	0	0	0	0	0	0	0.766
GRM5	GRIA3	0	0	0	0	0	0	0	0	0	0	0.782
GRM5	DLGAP3	0	0	0	0	0	0	0	0	0	0	0.786
GRM5	GRIN1	0	0	0	0	0	0	0	0	0	0	0.792
GRM5	GRIN2A	0	0	0	0	0	0	0	0	0	0	0.841
GRM5	GRIN2B	0	0	0	0	0	0	0	0	0	0	0.842
GRM5	SHANK2	0	0	0	0	0	0	0	0	0	0	0.869
GRM5	SHANK3	0	0	0	0	0	0	0	0	0	0	0.88
GRM5	DLG4	0	0	0	0	0	0	0	0	0	0	0.902
GRM5	DLGAP1	0	0	0	0	0	0	0	0	0	0	0.915
GRM5	GRIA1	0	0	0	0	0	0	0	0	0	0	0.916
GRM5	HOMER3	0	0	0	0	0	0	0	0	0	0	0.929
GRM5	PRNP	0	0	0	0	0	0	0	0	0	0	0.953
GRM5	CAMK2A	0	0	0	0	0	0	0	0	0	0	0.975
GRM5	ADORA2A	0	0	0	0	0	0	0	0	0	0	0.976
GRM5	HOMER1	0	0	0	0	0	0	0	0	0	0	0.999
CNIH2	DLG3	0	0	0	0	0	0	0	0	0	0	0.552
CNIH2	GRIN3A	0	0	0	0	0	0	0	0	0	0	0.763
CNIH2	GRIN2B	0	0	0	0	0	0	0	0	0	0	0.774
CNIH2	GRIN2A	0	0	0	0	0	0	0	0	0	0	0.784
CNIH2	GRIN1	0	0	0	0	0	0	0	0	0	0	0.796
CNIH2	DLG4	0	0	0	0	0	0	0	0	0	0	0.856
CNIH2	SHISA9	0	0	0	0	0	0	0	0	0	0	0.949
CNIH2	GRIA3	0	0	0	0	0	0	0	0	0	0	0.97
CNIH2	GRIA1	0	0	0	0	0	0	0	0	0	0	0.995
CALML3	PTEN	0	0	0	0	0	0	0	0	0	0	0.437
CALML3	ADORA2A	0	0	0	0	0	0	0	0	0	0	0.455
CALML3	DLG1	0	0	0	0	0	0	0	0	0	0	0.456
CALML3	HOMER3	0	0	0	0	0	0	0	0	0	0	0.532
CALML3	GRIA1	0	0	0	0	0	0	0	0	0	0	0.581
CALML3	HOMER1	0	0	0	0	0	0	0	0	0	0	0.625
CALML3	CTNNB1	0	0	0	0	0	0	0	0	0	0	0.628
CALML3	FYN	0	0	0	0	0	0	0	0	0	0	0.682
CALML3	AKT1	0	0	0	0	0	0	0	0	0	0	0.719
CALML3	DLG4	0	0	0	0	0	0	0	0	0	0	0.891
CALML3	GRIN2A	0	0	0	0	0	0	0	0	0	0	0.895
CALML3	GRIN2B	0	0	0	0	0	0	0	0	0	0	0.927
CALML3	GRIN1	0	0	0	0	0	0	0	0	0	0	0.96
CALML3	CALML4	0	0	0	0	0	0	0	0	0	0	0.963
CALML3	CAMK2A	0	0	0	0	0	0	0	0	0	0	0.999
DLGAP1	GRIN1	0	0	0	0	0	0	0	0	0	0	0.57
DLGAP1	NRXN3	0	0	0	0	0	0	0	0	0	0	0.659
DLGAP1	CAMK2A	0	0	0	0	0	0	0	0	0	0	0.703
DLGAP1	DLGAP2	0	0	0	0	0	0	0	0	0	0	0.704
DLGAP1	DLGAP3	0	0	0	0	0	0	0	0	0	0	0.724
DLGAP1	MAGI2	0	0	0	0	0	0	0	0	0	0	0.732
DLGAP1	NRXN1	0	0	0	0	0	0	0	0	0	0	0.774
DLGAP1	NLGN4Y	0	0	0	0	0	0	0	0	0	0	0.843
DLGAP1	GRIA1	0	0	0	0	0	0	0	0	0	0	0.852
DLGAP1	NLGN3	0	0	0	0	0	0	0	0	0	0	0.855
DLGAP1	NLGN4X	0	0	0	0	0	0	0	0	0	0	0.861
DLGAP1	GRIN2A	0	0	0	0	0	0	0	0	0	0	0.885
DLGAP1	DLG3	0	0	0	0	0	0	0	0	0	0	0.887
DLGAP1	DLG2	0	0	0	0	0	0	0	0	0	0	0.89
DLGAP1	GRIN2B	0	0	0	0	0	0	0	0	0	0	0.9
DLGAP1	NLGN1	0	0	0	0	0	0	0	0	0	0	0.927
DLGAP1	HOMER3	0	0	0	0	0	0	0	0	0	0	0.943
DLGAP1	DLG1	0	0	0	0	0	0	0	0	0	0	0.952
DLGAP1	SHANK2	0	0	0	0	0	0	0	0	0	0	0.981
DLGAP1	HOMER1	0	0	0	0	0	0	0	0	0	0	0.986
DLGAP1	SHANK3	0	0	0	0	0	0	0	0	0	0	0.997
DLGAP1	DLG4	0	0	0	0	0	0	0	0	0	0	0.999
LLGL1	FYN	0	0	0	0	0	0	0	0	0	0	0.406
LLGL1	DLG2	0	0	0	0	0	0	0	0	0	0	0.84
LLGL1	UBE3A	0	0	0	0	0	0	0	0	0	0	0.905
LLGL1	DLG3	0	0	0	0	0	0	0	0	0	0	0.939
LLGL1	SCRIB	0	0	0	0	0	0	0	0	0	0	0.964
LLGL1	DLG1	0	0	0	0	0	0	0	0	0	0	0.975
LLGL1	DLG4	0	0	0	0	0	0	0	0	0	0	0.983
LLGL1	LLGL2	0	0	0	0	0	0	0	0	0	0	0.993
LLGL1	PRKCZ	0	0	0	0	0	0	0	0	0	0	0.995
GRIN2A	NLGN4X	0	0	0	0	0	0	0	0	0	0	0.471
GRIN2A	NLGN3	0	0	0	0	0	0	0	0	0	0	0.472
GRIN2A	GPHN	0	0	0	0	0	0	0	0	0	0	0.482
GRIN2A	CACNB4	0	0	0	0	0	0	0	0	0	0	0.54
GRIN2A	NLGN1	0	0	0	0	0	0	0	0	0	0	0.554
GRIN2A	SHANK2	0	0	0	0	0	0	0	0	0	0	0.555
GRIN2A	DLGAP3	0	0	0	0	0	0	0	0	0	0	0.574
GRIN2A	MAGI2	0	0	0	0	0	0	0	0	0	0	0.575
GRIN2A	DLGAP2	0	0	0	0	0	0	0	0	0	0	0.577
GRIN2A	NRXN1	0	0	0	0	0	0	0	0	0	0	0.617
GRIN2A	SHANK3	0	0	0	0	0	0	0	0	0	0	0.638
GRIN2A	AKT1	0	0	0	0	0	0	0	0	0	0	0.659
GRIN2A	HOMER1	0	0	0	0	0	0	0	0	0	0	0.768
GRIN2A	SHISA9	0	0	0	0	0	0	0	0	0	0	0.786
GRIN2A	GRIA3	0	0	0	0	0	0	0	0	0	0	0.886
GRIN2A	CALML4	0	0	0	0	0	0	0	0	0	0	0.897
GRIN2A	GRIA1	0	0	0	0	0	0	0	0	0	0	0.926
GRIN2A	CAMK2A	0	0	0	0	0	0	0	0	0	0	0.968
GRIN2A	DLG1	0	0	0	0	0	0	0	0	0	0	0.979
GRIN2A	FYN	0	0	0	0	0	0	0	0	0	0	0.981
GRIN2A	DLG2	0	0	0	0	0	0	0	0	0	0	0.997
GRIN2A	DLG3	0	0	0	0	0	0	0	0	0	0	0.998
GRIN2A	GRIN1	0	0	0	0	0	0	0	0	0	0	0.999
GRIN2A	GRIN2B	0	0	0	0	0	0	0	0	0	0	0.999
GRIN2A	GRIN3A	0	0	0	0	0	0	0	0	0	0	0.999
GRIN2A	DLG4	0	0	0	0	0	0	0	0	0	0	0.999
HOMER1	GRIA3	0	0	0	0	0	0	0	0	0	0	0.43
HOMER1	PRNP	0	0	0	0	0	0	0	0	0	0	0.521
HOMER1	DLG1	0	0	0	0	0	0	0	0	0	0	0.553
HOMER1	NRXN3	0	0	0	0	0	0	0	0	0	0	0.608
HOMER1	CALML4	0	0	0	0	0	0	0	0	0	0	0.618
HOMER1	GRIN1	0	0	0	0	0	0	0	0	0	0	0.641
HOMER1	NLGN4Y	0	0	0	0	0	0	0	0	0	0	0.649
HOMER1	GRIN2B	0	0	0	0	0	0	0	0	0	0	0.675
HOMER1	NLGN4X	0	0	0	0	0	0	0	0	0	0	0.69
HOMER1	NRXN1	0	0	0	0	0	0	0	0	0	0	0.706
HOMER1	DLG3	0	0	0	0	0	0	0	0	0	0	0.707
HOMER1	NLGN3	0	0	0	0	0	0	0	0	0	0	0.721
HOMER1	NLGN1	0	0	0	0	0	0	0	0	0	0	0.726
HOMER1	GPHN	0	0	0	0	0	0	0	0	0	0	0.733
HOMER1	DLGAP2	0	0	0	0	0	0	0	0	0	0	0.734
HOMER1	CAMK2A	0	0	0	0	0	0	0	0	0	0	0.735
HOMER1	EPB41L1	0	0	0	0	0	0	0	0	0	0	0.747
HOMER1	DLGAP3	0	0	0	0	0	0	0	0	0	0	0.816
HOMER1	DLG2	0	0	0	0	0	0	0	0	0	0	0.821
HOMER1	GRIA1	0	0	0	0	0	0	0	0	0	0	0.873
HOMER1	SHANK2	0	0	0	0	0	0	0	0	0	0	0.937
HOMER1	SHANK3	0	0	0	0	0	0	0	0	0	0	0.957
HOMER1	DLG4	0	0	0	0	0	0	0	0	0	0	0.988
HOMER1	HOMER3	0	0	0	0	0	0	0	0	0	0	0.993
EPB41L1	DLG3	0	0	0	0	0	0	0	0	0	0	0.471
EPB41L1	NRXN3	0	0	0	0	0	0	0	0	0	0	0.528
EPB41L1	NLGN3	0	0	0	0	0	0	0	0	0	0	0.543
EPB41L1	NLGN4Y	0	0	0	0	0	0	0	0	0	0	0.547
EPB41L1	CAMK2A	0	0	0	0	0	0	0	0	0	0	0.571
EPB41L1	NLGN4X	0	0	0	0	0	0	0	0	0	0	0.578
EPB41L1	NRXN1	0	0	0	0	0	0	0	0	0	0	0.592
EPB41L1	NLGN1	0	0	0	0	0	0	0	0	0	0	0.639
EPB41L1	GRIA3	0	0	0	0	0	0	0	0	0	0	0.66
EPB41L1	DLG4	0	0	0	0	0	0	0	0	0	0	0.793
EPB41L1	DLG1	0	0	0	0	0	0	0	0	0	0	0.815
EPB41L1	GRIA1	0	0	0	0	0	0	0	0	0	0	0.997
PTK2	DAG1	0	0	0	0	0	0	0	0	0	0	0.434
PTK2	CTNNB1	0	0	0	0	0	0	0	0	0	0	0.802
PTK2	AKT1	0	0	0	0	0	0	0	0	0	0	0.879
PTK2	PIK3R1	0	0	0	0	0	0	0	0	0	0	0.988
PTK2	PTEN	0	0	0	0	0	0	0	0	0	0	0.995
PTK2	FYN	0	0	0	0	0	0	0	0	0	0	0.998
SHANK2	MAGI2	0	0	0	0	0	0	0	0	0	0	0.413
SHANK2	DLG1	0	0	0	0	0	0	0	0	0	0	0.416
SHANK2	CAMK2A	0	0	0	0	0	0	0	0	0	0	0.442
SHANK2	GRIN1	0	0	0	0	0	0	0	0	0	0	0.475
SHANK2	UBE3A	0	0	0	0	0	0	0	0	0	0	0.486
SHANK2	GPHN	0	0	0	0	0	0	0	0	0	0	0.486
SHANK2	AKT1	0	0	0	0	0	0	0	0	0	0	0.539
SHANK2	GRIN3A	0	0	0	0	0	0	0	0	0	0	0.575
SHANK2	GRIN2B	0	0	0	0	0	0	0	0	0	0	0.628
SHANK2	NRXN3	0	0	0	0	0	0	0	0	0	0	0.725
SHANK2	DLG3	0	0	0	0	0	0	0	0	0	0	0.744
SHANK2	GRIA1	0	0	0	0	0	0	0	0	0	0	0.75
SHANK2	HOMER3	0	0	0	0	0	0	0	0	0	0	0.799
SHANK2	DLG2	0	0	0	0	0	0	0	0	0	0	0.811
SHANK2	NLGN4Y	0	0	0	0	0	0	0	0	0	0	0.85
SHANK2	NRXN1	0	0	0	0	0	0	0	0	0	0	0.914
SHANK2	NLGN1	0	0	0	0	0	0	0	0	0	0	0.914
SHANK2	DLGAP3	0	0	0	0	0	0	0	0	0	0	0.917
SHANK2	NLGN3	0	0	0	0	0	0	0	0	0	0	0.958
SHANK2	NLGN4X	0	0	0	0	0	0	0	0	0	0	0.964
SHANK2	DLGAP2	0	0	0	0	0	0	0	0	0	0	0.969
SHANK2	SHANK3	0	0	0	0	0	0	0	0	0	0	0.98
SHANK2	DLG4	0	0	0	0	0	0	0	0	0	0	0.993
DLG1	NLGN4Y	0	0	0	0	0	0	0	0	0	0	0.402
DLG1	NLGN4X	0	0	0	0	0	0	0	0	0	0	0.414
DLG1	NLGN3	0	0	0	0	0	0	0	0	0	0	0.436
DLG1	CALML4	0	0	0	0	0	0	0	0	0	0	0.457
DLG1	NRXN1	0	0	0	0	0	0	0	0	0	0	0.472
DLG1	NLGN1	0	0	0	0	0	0	0	0	0	0	0.483
DLG1	MAST2	0	0	0	0	0	0	0	0	0	0	0.531
DLG1	MAGI2	0	0	0	0	0	0	0	0	0	0	0.579
DLG1	SHANK3	0	0	0	0	0	0	0	0	0	0	0.587
DLG1	GRIA3	0	0	0	0	0	0	0	0	0	0	0.697
DLG1	DLGAP2	0	0	0	0	0	0	0	0	0	0	0.714
DLG1	CAMK2A	0	0	0	0	0	0	0	0	0	0	0.721
DLG1	CTNNB1	0	0	0	0	0	0	0	0	0	0	0.786
DLG1	GRIN1	0	0	0	0	0	0	0	0	0	0	0.878
DLG1	LLGL2	0	0	0	0	0	0	0	0	0	0	0.916
DLG1	SCRIB	0	0	0	0	0	0	0	0	0	0	0.917
DLG1	DLG4	0	0	0	0	0	0	0	0	0	0	0.956
DLG1	DLG2	0	0	0	0	0	0	0	0	0	0	0.962
DLG1	UBE3A	0	0	0	0	0	0	0	0	0	0	0.974
DLG1	DLG3	0	0	0	0	0	0	0	0	0	0	0.974
DLG1	GRIN2B	0	0	0	0	0	0	0	0	0	0	0.992
DLG1	PTEN	0	0	0	0	0	0	0	0	0	0	0.996
DLG1	GRIA1	0	0	0	0	0	0	0	0	0	0	0.999
MAGI2	GRIA1	0	0	0	0	0	0	0	0	0	0	0.408
MAGI2	DLGAP2	0	0	0	0	0	0	0	0	0	0	0.42
MAGI2	NRXN1	0	0	0	0	0	0	0	0	0	0	0.461
MAGI2	GRIN2B	0	0	0	0	0	0	0	0	0	0	0.595
MAGI2	DLG4	0	0	0	0	0	0	0	0	0	0	0.616
MAGI2	DLGAP3	0	0	0	0	0	0	0	0	0	0	0.633
MAGI2	DAG1	0	0	0	0	0	0	0	0	0	0	0.669
MAGI2	NLGN4Y	0	0	0	0	0	0	0	0	0	0	0.743
MAGI2	NLGN4X	0	0	0	0	0	0	0	0	0	0	0.763
MAGI2	NLGN3	0	0	0	0	0	0	0	0	0	0	0.779
MAGI2	MAST2	0	0	0	0	0	0	0	0	0	0	0.84
MAGI2	NLGN1	0	0	0	0	0	0	0	0	0	0	0.893
MAGI2	CTNNB1	0	0	0	0	0	0	0	0	0	0	0.986
MAGI2	PTEN	0	0	0	0	0	0	0	0	0	0	0.998
FYN	GRIA1	0	0	0	0	0	0	0	0	0	0	0.451
FYN	DAG1	0	0	0	0	0	0	0	0	0	0	0.484
FYN	PTEN	0	0	0	0	0	0	0	0	0	0	0.657
FYN	CALML4	0	0	0	0	0	0	0	0	0	0	0.679
FYN	DLG3	0	0	0	0	0	0	0	0	0	0	0.705
FYN	GRIN1	0	0	0	0	0	0	0	0	0	0	0.743
FYN	DLG2	0	0	0	0	0	0	0	0	0	0	0.766
FYN	AKT1	0	0	0	0	0	0	0	0	0	0	0.834
FYN	CTNNB1	0	0	0	0	0	0	0	0	0	0	0.986
FYN	PIK3R1	0	0	0	0	0	0	0	0	0	0	0.988
FYN	PRNP	0	0	0	0	0	0	0	0	0	0	0.99
FYN	GRIN2B	0	0	0	0	0	0	0	0	0	0	0.993
FYN	DLG4	0	0	0	0	0	0	0	0	0	0	0.996
NLGN4Y	GRIA1	0	0	0	0	0	0	0	0	0	0	0.412
NLGN4Y	GRIN2B	0	0	0	0	0	0	0	0	0	0	0.448
NLGN4Y	PTEN	0	0	0	0	0	0	0	0	0	0	0.464
NLGN4Y	GPHN	0	0	0	0	0	0	0	0	0	0	0.478
NLGN4Y	PRNP	0	0	0	0	0	0	0	0	0	0	0.487
NLGN4Y	CTNNB1	0	0	0	0	0	0	0	0	0	0	0.498
NLGN4Y	MDGA1	0	0	0	0	0	0	0	0	0	0	0.505
NLGN4Y	NLGN4X	0	0	0	0	0	0	0	0	0	0	0.519
NLGN4Y	NLGN1	0	0	0	0	0	0	0	0	0	0	0.523
NLGN4Y	HOMER3	0	0	0	0	0	0	0	0	0	0	0.608
NLGN4Y	DLGAP3	0	0	0	0	0	0	0	0	0	0	0.66
NLGN4Y	DLGAP2	0	0	0	0	0	0	0	0	0	0	0.669
NLGN4Y	DLG2	0	0	0	0	0	0	0	0	0	0	0.696
NLGN4Y	NLGN3	0	0	0	0	0	0	0	0	0	0	0.697
NLGN4Y	NRXN3	0	0	0	0	0	0	0	0	0	0	0.827
NLGN4Y	DLG3	0	0	0	0	0	0	0	0	0	0	0.848
NLGN4Y	SHANK3	0	0	0	0	0	0	0	0	0	0	0.899
NLGN4Y	DLG4	0	0	0	0	0	0	0	0	0	0	0.986
NLGN4Y	NRXN1	0	0	0	0	0	0	0	0	0	0	0.999
SCRIB	GRIN2B	0	0	0	0	0	0	0	0	0	0	0.494
SCRIB	PRKCZ	0	0	0	0	0	0	0	0	0	0	0.657
SCRIB	AKT1	0	0	0	0	0	0	0	0	0	0	0.712
SCRIB	PTEN	0	0	0	0	0	0	0	0	0	0	0.834
SCRIB	DLG2	0	0	0	0	0	0	0	0	0	0	0.856
SCRIB	CTNNB1	0	0	0	0	0	0	0	0	0	0	0.88
SCRIB	DLG3	0	0	0	0	0	0	0	0	0	0	0.908
SCRIB	DLG4	0	0	0	0	0	0	0	0	0	0	0.921
SCRIB	LLGL2	0	0	0	0	0	0	0	0	0	0	0.959
SCRIB	UBE3A	0	0	0	0	0	0	0	0	0	0	0.98
NLGN3	NXPH1	0	0	0	0	0	0	0	0	0	0	0.418
NLGN3	GRIN1	0	0	0	0	0	0	0	0	0	0	0.446
NLGN3	PRNP	0	0	0	0	0	0	0	0	0	0	0.48
NLGN3	CTNNB1	0	0	0	0	0	0	0	0	0	0	0.513
NLGN3	GRIA1	0	0	0	0	0	0	0	0	0	0	0.536
NLGN3	GRIN2B	0	0	0	0	0	0	0	0	0	0	0.573
NLGN3	PTEN	0	0	0	0	0	0	0	0	0	0	0.591
NLGN3	GPHN	0	0	0	0	0	0	0	0	0	0	0.648
NLGN3	HOMER3	0	0	0	0	0	0	0	0	0	0	0.65
NLGN3	UBE3A	0	0	0	0	0	0	0	0	0	0	0.667
NLGN3	MDGA1	0	0	0	0	0	0	0	0	0	0	0.686
NLGN3	DLGAP3	0	0	0	0	0	0	0	0	0	0	0.763
NLGN3	DLG2	0	0	0	0	0	0	0	0	0	0	0.776
NLGN3	NLGN4X	0	0	0	0	0	0	0	0	0	0	0.796
NLGN3	NLGN1	0	0	0	0	0	0	0	0	0	0	0.799
NLGN3	DLGAP2	0	0	0	0	0	0	0	0	0	0	0.839
NLGN3	DLG3	0	0	0	0	0	0	0	0	0	0	0.885
NLGN3	NRXN3	0	0	0	0	0	0	0	0	0	0	0.94
NLGN3	SHANK3	0	0	0	0	0	0	0	0	0	0	0.993
NLGN3	DLG4	0	0	0	0	0	0	0	0	0	0	0.995
NLGN3	NRXN1	0	0	0	0	0	0	0	0	0	0	0.999
MAST2	PTEN	0	0	0	0	0	0	0	0	0	0	0.993
GRIN3A	DLG3	0	0	0	0	0	0	0	0	0	0	0.68
GRIN3A	SHISA9	0	0	0	0	0	0	0	0	0	0	0.784
GRIN3A	GRIA3	0	0	0	0	0	0	0	0	0	0	0.802
GRIN3A	GRIA1	0	0	0	0	0	0	0	0	0	0	0.815
GRIN3A	DLG4	0	0	0	0	0	0	0	0	0	0	0.966
GRIN3A	GRIN1	0	0	0	0	0	0	0	0	0	0	0.999
GRIN3A	GRIN2B	0	0	0	0	0	0	0	0	0	0	0.999
PSMD4	SPOP	0	0	0	0	0	0	0	0	0	0	0.425
PSMD4	UBE2L3	0	0	0	0	0	0	0	0	0	0	0.434
PSMD4	UBE2D2	0	0	0	0	0	0	0	0	0	0	0.501
PSMD4	PTEN	0	0	0	0	0	0	0	0	0	0	0.606
PSMD4	UBE2D1	0	0	0	0	0	0	0	0	0	0	0.668
PSMD4	PRNP	0	0	0	0	0	0	0	0	0	0	0.68
PSMD4	UBE3A	0	0	0	0	0	0	0	0	0	0	0.994
PSMD4	RAD23A	0	0	0	0	0	0	0	0	0	0	0.999
GRIN1	NLGN4X	0	0	0	0	0	0	0	0	0	0	0.422
GRIN1	DLGAP2	0	0	0	0	0	0	0	0	0	0	0.442
GRIN1	GPHN	0	0	0	0	0	0	0	0	0	0	0.446
GRIN1	NRXN1	0	0	0	0	0	0	0	0	0	0	0.449
GRIN1	DLGAP3	0	0	0	0	0	0	0	0	0	0	0.507
GRIN1	SHANK3	0	0	0	0	0	0	0	0	0	0	0.568
GRIN1	NLGN1	0	0	0	0	0	0	0	0	0	0	0.611
GRIN1	SHISA9	0	0	0	0	0	0	0	0	0	0	0.75
GRIN1	DLG2	0	0	0	0	0	0	0	0	0	0	0.761
GRIN1	GRIA3	0	0	0	0	0	0	0	0	0	0	0.877
GRIN1	DLG3	0	0	0	0	0	0	0	0	0	0	0.879
GRIN1	GRIA1	0	0	0	0	0	0	0	0	0	0	0.907
GRIN1	CAMK2A	0	0	0	0	0	0	0	0	0	0	0.911
GRIN1	CALML4	0	0	0	0	0	0	0	0	0	0	0.964
GRIN1	DLG4	0	0	0	0	0	0	0	0	0	0	0.998
GRIN1	GRIN2B	0	0	0	0	0	0	0	0	0	0	0.999
PTEN	UBE2D2	0	0	0	0	0	0	0	0	0	0	0.407
PTEN	CALML4	0	0	0	0	0	0	0	0	0	0	0.413
PTEN	SHANK3	0	0	0	0	0	0	0	0	0	0	0.483
PTEN	NLGN1	0	0	0	0	0	0	0	0	0	0	0.496
PTEN	GRIN2B	0	0	0	0	0	0	0	0	0	0	0.547
PTEN	NLGN4X	0	0	0	0	0	0	0	0	0	0	0.556
PTEN	UBE2L3	0	0	0	0	0	0	0	0	0	0	0.571
PTEN	DLG4	0	0	0	0	0	0	0	0	0	0	0.745
PTEN	CTNNB1	0	0	0	0	0	0	0	0	0	0	0.943
PTEN	PRKCZ	0	0	0	0	0	0	0	0	0	0	0.958
PTEN	UBE3A	0	0	0	0	0	0	0	0	0	0	0.96
PTEN	AKT1	0	0	0	0	0	0	0	0	0	0	0.988
PTEN	SPOP	0	0	0	0	0	0	0	0	0	0	0.99
PTEN	PIK3R1	0	0	0	0	0	0	0	0	0	0	0.997
DLGAP3	CAMK2A	0	0	0	0	0	0	0	0	0	0	0.451
DLGAP3	GRIA1	0	0	0	0	0	0	0	0	0	0	0.507
DLGAP3	NRXN3	0	0	0	0	0	0	0	0	0	0	0.634
DLGAP3	HOMER3	0	0	0	0	0	0	0	0	0	0	0.72
DLGAP3	NRXN1	0	0	0	0	0	0	0	0	0	0	0.733
DLGAP3	NLGN4X	0	0	0	0	0	0	0	0	0	0	0.737
DLGAP3	NLGN1	0	0	0	0	0	0	0	0	0	0	0.737
DLGAP3	GRIN2B	0	0	0	0	0	0	0	0	0	0	0.753
DLGAP3	DLG3	0	0	0	0	0	0	0	0	0	0	0.835
DLGAP3	DLG2	0	0	0	0	0	0	0	0	0	0	0.847
DLGAP3	DLGAP2	0	0	0	0	0	0	0	0	0	0	0.868
DLGAP3	SHANK3	0	0	0	0	0	0	0	0	0	0	0.992
DLGAP3	DLG4	0	0	0	0	0	0	0	0	0	0	0.993
UBE2D1	CTNNB1	0	0	0	0	0	0	0	0	0	0	0.456
UBE2D1	SPOP	0	0	0	0	0	0	0	0	0	0	0.505
UBE2D1	UBE2L3	0	0	0	0	0	0	0	0	0	0	0.654
UBE2D1	UBE2D2	0	0	0	0	0	0	0	0	0	0	0.943
UBE2D1	UBE3A	0	0	0	0	0	0	0	0	0	0	0.984
DLG3	GPHN	0	0	0	0	0	0	0	0	0	0	0.472
DLG3	SHISA9	0	0	0	0	0	0	0	0	0	0	0.513
DLG3	NRXN3	0	0	0	0	0	0	0	0	0	0	0.593
DLG3	HOMER3	0	0	0	0	0	0	0	0	0	0	0.633
DLG3	GRIA3	0	0	0	0	0	0	0	0	0	0	0.644
DLG3	CAMK2A	0	0	0	0	0	0	0	0	0	0	0.688
DLG3	NRXN1	0	0	0	0	0	0	0	0	0	0	0.717
DLG3	SHANK3	0	0	0	0	0	0	0	0	0	0	0.759
DLG3	GRIA1	0	0	0	0	0	0	0	0	0	0	0.815
DLG3	NLGN4X	0	0	0	0	0	0	0	0	0	0	0.863
DLG3	DLGAP2	0	0	0	0	0	0	0	0	0	0	0.872
DLG3	LLGL2	0	0	0	0	0	0	0	0	0	0	0.887
DLG3	NLGN1	0	0	0	0	0	0	0	0	0	0	0.892
DLG3	UBE3A	0	0	0	0	0	0	0	0	0	0	0.913
DLG3	DLG2	0	0	0	0	0	0	0	0	0	0	0.984
DLG3	DLG4	0	0	0	0	0	0	0	0	0	0	0.997
DLG3	GRIN2B	0	0	0	0	0	0	0	0	0	0	0.998
DLG2	CACNB4	0	0	0	0	0	0	0	0	0	0	0.455
DLG2	GPHN	0	0	0	0	0	0	0	0	0	0	0.607
DLG2	HOMER3	0	0	0	0	0	0	0	0	0	0	0.645
DLG2	GRIA3	0	0	0	0	0	0	0	0	0	0	0.655
DLG2	NRXN3	0	0	0	0	0	0	0	0	0	0	0.682
DLG2	CAMK2A	0	0	0	0	0	0	0	0	0	0	0.688
DLG2	NLGN4X	0	0	0	0	0	0	0	0	0	0	0.713
DLG2	NRXN1	0	0	0	0	0	0	0	0	0	0	0.778
DLG2	DLGAP2	0	0	0	0	0	0	0	0	0	0	0.811
DLG2	LLGL2	0	0	0	0	0	0	0	0	0	0	0.844
DLG2	NLGN1	0	0	0	0	0	0	0	0	0	0	0.868
DLG2	GRIA1	0	0	0	0	0	0	0	0	0	0	0.908
DLG2	UBE3A	0	0	0	0	0	0	0	0	0	0	0.913
DLG2	SHANK3	0	0	0	0	0	0	0	0	0	0	0.919
DLG2	DLG4	0	0	0	0	0	0	0	0	0	0	0.969
DLG2	GRIN2B	0	0	0	0	0	0	0	0	0	0	0.996
PRKCZ	CTNNB1	0	0	0	0	0	0	0	0	0	0	0.653
PRKCZ	PIK3R1	0	0	0	0	0	0	0	0	0	0	0.933
PRKCZ	AKT1	0	0	0	0	0	0	0	0	0	0	0.974
PRKCZ	LLGL2	0	0	0	0	0	0	0	0	0	0	0.994
NLGN4X	NXPH1	0	0	0	0	0	0	0	0	0	0	0.407
NLGN4X	PRNP	0	0	0	0	0	0	0	0	0	0	0.475
NLGN4X	CTNNB1	0	0	0	0	0	0	0	0	0	0	0.508
NLGN4X	GRIA1	0	0	0	0	0	0	0	0	0	0	0.514
NLGN4X	GRIN2B	0	0	0	0	0	0	0	0	0	0	0.546
NLGN4X	NLGN1	0	0	0	0	0	0	0	0	0	0	0.548
NLGN4X	MDGA1	0	0	0	0	0	0	0	0	0	0	0.613
NLGN4X	HOMER3	0	0	0	0	0	0	0	0	0	0	0.619
NLGN4X	UBE3A	0	0	0	0	0	0	0	0	0	0	0.633
NLGN4X	GPHN	0	0	0	0	0	0	0	0	0	0	0.767
NLGN4X	DLGAP2	0	0	0	0	0	0	0	0	0	0	0.841
NLGN4X	NRXN3	0	0	0	0	0	0	0	0	0	0	0.859
NLGN4X	SHANK3	0	0	0	0	0	0	0	0	0	0	0.995
NLGN4X	DLG4	0	0	0	0	0	0	0	0	0	0	0.995
NLGN4X	NRXN1	0	0	0	0	0	0	0	0	0	0	0.999
LLGL2	UBE3A	0	0	0	0	0	0	0	0	0	0	0.901
LLGL2	DLG4	0	0	0	0	0	0	0	0	0	0	0.982
SPOP	CTNNB1	0	0	0	0	0	0	0	0	0	0	0.407
SPOP	PIK3R1	0	0	0	0	0	0	0	0	0	0	0.421
SPOP	UBE2D2	0	0	0	0	0	0	0	0	0	0	0.662
UBE2D2	RAD23A	0	0	0	0	0	0	0	0	0	0	0.404
UBE2D2	CTNNB1	0	0	0	0	0	0	0	0	0	0	0.429
UBE2D2	UBE2L3	0	0	0	0	0	0	0	0	0	0	0.683
UBE2D2	UBE3A	0	0	0	0	0	0	0	0	0	0	0.984
NXPH1	NLGN1	0	0	0	0	0	0	0	0	0	0	0.525
NXPH1	NRXN3	0	0	0	0	0	0	0	0	0	0	0.671
NXPH1	NRXN1	0	0	0	0	0	0	0	0	0	0	0.973
NRXN1	GRIA3	0	0	0	0	0	0	0	0	0	0	0.509
NRXN1	UBE3A	0	0	0	0	0	0	0	0	0	0	0.532
NRXN1	CAMK2A	0	0	0	0	0	0	0	0	0	0	0.542
NRXN1	MDGA1	0	0	0	0	0	0	0	0	0	0	0.592
NRXN1	GRIA1	0	0	0	0	0	0	0	0	0	0	0.6
NRXN1	HOMER3	0	0	0	0	0	0	0	0	0	0	0.619
NRXN1	NRXN3	0	0	0	0	0	0	0	0	0	0	0.752
NRXN1	DLGAP2	0	0	0	0	0	0	0	0	0	0	0.803
NRXN1	GPHN	0	0	0	0	0	0	0	0	0	0	0.831
NRXN1	GRIN2B	0	0	0	0	0	0	0	0	0	0	0.832
NRXN1	SHANK3	0	0	0	0	0	0	0	0	0	0	0.961
NRXN1	DLG4	0	0	0	0	0	0	0	0	0	0	0.991
NRXN1	DAG1	0	0	0	0	0	0	0	0	0	0	0.998
NRXN1	NLGN1	0	0	0	0	0	0	0	0	0	0	0.999
NLGN1	CAMK2A	0	0	0	0	0	0	0	0	0	0	0.414
NLGN1	PRNP	0	0	0	0	0	0	0	0	0	0	0.538
NLGN1	UBE3A	0	0	0	0	0	0	0	0	0	0	0.548
NLGN1	CTNNB1	0	0	0	0	0	0	0	0	0	0	0.553
NLGN1	GRIA1	0	0	0	0	0	0	0	0	0	0	0.633
NLGN1	HOMER3	0	0	0	0	0	0	0	0	0	0	0.643
NLGN1	MDGA1	0	0	0	0	0	0	0	0	0	0	0.676
NLGN1	GPHN	0	0	0	0	0	0	0	0	0	0	0.722
NLGN1	GRIN2B	0	0	0	0	0	0	0	0	0	0	0.755
NLGN1	DLGAP2	0	0	0	0	0	0	0	0	0	0	0.811
NLGN1	NRXN3	0	0	0	0	0	0	0	0	0	0	0.964
NLGN1	SHANK3	0	0	0	0	0	0	0	0	0	0	0.978
NLGN1	DLG4	0	0	0	0	0	0	0	0	0	0	0.999
PRNP	AKT1	0	0	0	0	0	0	0	0	0	0	0.424
PRNP	GRIN2B	0	0	0	0	0	0	0	0	0	0	0.452
PRNP	DLG4	0	0	0	0	0	0	0	0	0	0	0.507
UBE2L3	RAD23A	0	0	0	0	0	0	0	0	0	0	0.437
UBE2L3	UBE3A	0	0	0	0	0	0	0	0	0	0	0.999
GPHN	NRXN3	0	0	0	0	0	0	0	0	0	0	0.404
GPHN	CAMK2A	0	0	0	0	0	0	0	0	0	0	0.418
GPHN	AKT1	0	0	0	0	0	0	0	0	0	0	0.472
GPHN	GRIN2B	0	0	0	0	0	0	0	0	0	0	0.526
GPHN	SHANK3	0	0	0	0	0	0	0	0	0	0	0.541
GPHN	GRIA1	0	0	0	0	0	0	0	0	0	0	0.621
GPHN	DLG4	0	0	0	0	0	0	0	0	0	0	0.884
CALML4	ADORA2A	0	0	0	0	0	0	0	0	0	0	0.446
CALML4	HOMER3	0	0	0	0	0	0	0	0	0	0	0.527
CALML4	GRIA1	0	0	0	0	0	0	0	0	0	0	0.586
CALML4	CTNNB1	0	0	0	0	0	0	0	0	0	0	0.631
CALML4	AKT1	0	0	0	0	0	0	0	0	0	0	0.713
CALML4	DLG4	0	0	0	0	0	0	0	0	0	0	0.892
CALML4	GRIN2B	0	0	0	0	0	0	0	0	0	0	0.926
CALML4	CAMK2A	0	0	0	0	0	0	0	0	0	0	0.999
PIK3R1	CTNNB1	0	0	0	0	0	0	0	0	0	0	0.858
PIK3R1	AKT1	0	0	0	0	0	0	0	0	0	0	0.995
GRIA1	NRXN3	0	0	0	0	0	0	0	0	0	0	0.404
GRIA1	DLGAP2	0	0	0	0	0	0	0	0	0	0	0.427
GRIA1	CACNB4	0	0	0	0	0	0	0	0	0	0	0.45
GRIA1	AKT1	0	0	0	0	0	0	0	0	0	0	0.48
GRIA1	UBE3A	0	0	0	0	0	0	0	0	0	0	0.592
GRIA1	SHANK3	0	0	0	0	0	0	0	0	0	0	0.623
GRIA1	GRIN2B	0	0	0	0	0	0	0	0	0	0	0.934
GRIA1	SHISA9	0	0	0	0	0	0	0	0	0	0	0.984
GRIA1	DLG4	0	0	0	0	0	0	0	0	0	0	0.994
GRIA1	GRIA3	0	0	0	0	0	0	0	0	0	0	0.999
GRIA1	CAMK2A	0	0	0	0	0	0	0	0	0	0	0.999
CACNB4	CAMK2A	0	0	0	0	0	0	0	0	0	0	0.717
HOMER3	AKT1	0	0	0	0	0	0	0	0	0	0	0.421
HOMER3	GRIN2B	0	0	0	0	0	0	0	0	0	0	0.466
HOMER3	NRXN3	0	0	0	0	0	0	0	0	0	0	0.516
HOMER3	DLGAP2	0	0	0	0	0	0	0	0	0	0	0.698
HOMER3	DLG4	0	0	0	0	0	0	0	0	0	0	0.868
HOMER3	SHANK3	0	0	0	0	0	0	0	0	0	0	0.884
DAG1	NRXN3	0	0	0	0	0	0	0	0	0	0	0.47
AKT1	ADORA2A	0	0	0	0	0	0	0	0	0	0	0.428
AKT1	GRIN2B	0	0	0	0	0	0	0	0	0	0	0.51
AKT1	SHANK3	0	0	0	0	0	0	0	0	0	0	0.548
AKT1	DLG4	0	0	0	0	0	0	0	0	0	0	0.747
AKT1	CTNNB1	0	0	0	0	0	0	0	0	0	0	0.979
SHISA9	GRIN2B	0	0	0	0	0	0	0	0	0	0	0.779
SHISA9	GRIA3	0	0	0	0	0	0	0	0	0	0	0.824
SHISA9	DLG4	0	0	0	0	0	0	0	0	0	0	0.858
RAD23A	UBE3A	0	0	0	0	0	0	0	0	0	0	0.974
GRIN2B	ADORA2A	0	0	0	0	0	0	0	0	0	0	0.414
GRIN2B	NRXN3	0	0	0	0	0	0	0	0	0	0	0.414
GRIN2B	DLGAP2	0	0	0	0	0	0	0	0	0	0	0.514
GRIN2B	CTNNB1	0	0	0	0	0	0	0	0	0	0	0.757
GRIN2B	SHANK3	0	0	0	0	0	0	0	0	0	0	0.785
GRIN2B	GRIA3	0	0	0	0	0	0	0	0	0	0	0.823
GRIN2B	DLG4	0	0	0	0	0	0	0	0	0	0	0.999
GRIN2B	CAMK2A	0	0	0	0	0	0	0	0	0	0	0.999
GRIA3	CAMK2A	0	0	0	0	0	0	0	0	0	0	0.808
GRIA3	DLG4	0	0	0	0	0	0	0	0	0	0	0.873
SHANK3	CAMK2A	0	0	0	0	0	0	0	0	0	0	0.509
SHANK3	UBE3A	0	0	0	0	0	0	0	0	0	0	0.647
SHANK3	NRXN3	0	0	0	0	0	0	0	0	0	0	0.703
SHANK3	DLGAP2	0	0	0	0	0	0	0	0	0	0	0.988
SHANK3	DLG4	0	0	0	0	0	0	0	0	0	0	0.996
NRXN3	CAMK2A	0	0	0	0	0	0	0	0	0	0	0.404
NRXN3	DLGAP2	0	0	0	0	0	0	0	0	0	0	0.645
NRXN3	DLG4	0	0	0	0	0	0	0	0	0	0	0.858
DLGAP2	CAMK2A	0	0	0	0	0	0	0	0	0	0	0.436
DLGAP2	DLG4	0	0	0	0	0	0	0	0	0	0	0.891
CTNNB1	DLG4	0	0	0	0	0	0	0	0	0	0	0.538
CTNNB1	UBE3A	0	0	0	0	0	0	0	0	0	0	0.974
UBE3A	DLG4	0	0	0	0	0	0	0	0	0	0	0.447
DLG4	CAMK2A	0	0	0	0	0	0	0	0	0	0	0.92
CBLN1	DLG4	0	0	0	0	0	0	0	0	0	0	0.402
CBLN1	NLGN3	0	0	0	0	0	0	0	0	0	0	0.507
CBLN1	NLGN2	0	0	0	0	0	0	0	0	0	0	0.559
CBLN1	NLGN4X	0	0	0	0	0	0	0	0	0	0	0.56
CBLN1	NRXN3	0	0	0	0	0	0	0	0	0	0	0.565
CBLN1	NLGN1	0	0	0	0	0	0	0	0	0	0	0.611
CBLN1	LRRTM2	0	0	0	0	0	0	0	0	0	0	0.717
CBLN1	NRXN2	0	0	0	0	0	0	0	0	0	0	0.989
CBLN1	NRXN1	0	0	0	0	0	0	0	0	0	0	0.994
TSC2	NLGN4X	0	0	0	0	0	0	0	0	0	0	0.459
TSC2	NLGN3	0	0	0	0	0	0	0	0	0	0	0.471
TSC2	PTK2	0	0	0	0	0	0	0	0	0	0	0.476
TSC2	CTNNB1	0	0	0	0	0	0	0	0	0	0	0.517
TSC2	PIK3R1	0	0	0	0	0	0	0	0	0	0	0.524
TSC2	SHANK3	0	0	0	0	0	0	0	0	0	0	0.537
TSC2	PIK3CA	0	0	0	0	0	0	0	0	0	0	0.687
TSC2	TP53	0	0	0	0	0	0	0	0	0	0	0.713
TSC2	PTEN	0	0	0	0	0	0	0	0	0	0	0.889
TSC2	UBE3A	0	0	0	0	0	0	0	0	0	0	0.981
TSC2	AKT1	0	0	0	0	0	0	0	0	0	0	0.99
CACNG1	CAMK2A	0	0	0	0	0	0	0	0	0	0	0.725
CACNG1	CACNB4	0	0	0	0	0	0	0	0	0	0	0.935
CACNG1	CACNG2	0	0	0	0	0	0	0	0	0	0	0.962
CACNG1	CACNG8	0	0	0	0	0	0	0	0	0	0	0.968
GRIN3B	GRM5	0	0	0	0	0	0	0	0	0	0	0.419
GRIN3B	GRM1	0	0	0	0	0	0	0	0	0	0	0.466
GRIN3B	DLG3	0	0	0	0	0	0	0	0	0	0	0.598
GRIN3B	CNIH2	0	0	0	0	0	0	0	0	0	0	0.746
GRIN3B	SHISA9	0	0	0	0	0	0	0	0	0	0	0.748
GRIN3B	CACNG8	0	0	0	0	0	0	0	0	0	0	0.758
GRIN3B	GRIA2	0	0	0	0	0	0	0	0	0	0	0.787
GRIN3B	GRIA3	0	0	0	0	0	0	0	0	0	0	0.791
GRIN3B	GRIA4	0	0	0	0	0	0	0	0	0	0	0.811
GRIN3B	GRIA1	0	0	0	0	0	0	0	0	0	0	0.84
GRIN3B	CACNG2	0	0	0	0	0	0	0	0	0	0	0.845
GRIN3B	DLG4	0	0	0	0	0	0	0	0	0	0	0.942
GRIN3B	GRIN3A	0	0	0	0	0	0	0	0	0	0	0.995
GRIN3B	GRIN2C	0	0	0	0	0	0	0	0	0	0	0.996
GRIN3B	GRIN2B	0	0	0	0	0	0	0	0	0	0	0.996
GRIN3B	GRIN2D	0	0	0	0	0	0	0	0	0	0	0.996
GRIN3B	GRIN2A	0	0	0	0	0	0	0	0	0	0	0.998
GRIN3B	GRIN1	0	0	0	0	0	0	0	0	0	0	0.999
GRIN2D	DLGAP3	0	0	0	0	0	0	0	0	0	0	0.451
GRIN2D	GRM5	0	0	0	0	0	0	0	0	0	0	0.556
GRIN2D	DLG1	0	0	0	0	0	0	0	0	0	0	0.604
GRIN2D	CAMK2A	0	0	0	0	0	0	0	0	0	0	0.607
GRIN2D	DLGAP1	0	0	0	0	0	0	0	0	0	0	0.617
GRIN2D	DLG2	0	0	0	0	0	0	0	0	0	0	0.634
GRIN2D	DLG3	0	0	0	0	0	0	0	0	0	0	0.659
GRIN2D	GRM1	0	0	0	0	0	0	0	0	0	0	0.678
GRIN2D	CALML4	0	0	0	0	0	0	0	0	0	0	0.74
GRIN2D	CALML3	0	0	0	0	0	0	0	0	0	0	0.74
GRIN2D	CALM3	0	0	0	0	0	0	0	0	0	0	0.755
GRIN2D	CNIH2	0	0	0	0	0	0	0	0	0	0	0.761
GRIN2D	SHISA9	0	0	0	0	0	0	0	0	0	0	0.767
GRIN2D	CACNG8	0	0	0	0	0	0	0	0	0	0	0.778
GRIN2D	PRNP	0	0	0	0	0	0	0	0	0	0	0.779
GRIN2D	CACNG2	0	0	0	0	0	0	0	0	0	0	0.795
GRIN2D	GRIA3	0	0	0	0	0	0	0	0	0	0	0.799
GRIN2D	GRIA2	0	0	0	0	0	0	0	0	0	0	0.8
GRIN2D	GRIA1	0	0	0	0	0	0	0	0	0	0	0.816
GRIN2D	GRIA4	0	0	0	0	0	0	0	0	0	0	0.864
GRIN2D	DLG4	0	0	0	0	0	0	0	0	0	0	0.976
GRIN2D	GRIN3A	0	0	0	0	0	0	0	0	0	0	0.998
GRIN2D	GRIN2B	0	0	0	0	0	0	0	0	0	0	0.998
GRIN2D	GRIN2A	0	0	0	0	0	0	0	0	0	0	0.998
GRIN2D	GRIN2C	0	0	0	0	0	0	0	0	0	0	0.998
GRIN2D	GRIN1	0	0	0	0	0	0	0	0	0	0	0.999
PIK3CA	CALML4	0	0	0	0	0	0	0	0	0	0	0.517
PIK3CA	CALML3	0	0	0	0	0	0	0	0	0	0	0.518
PIK3CA	SPOP	0	0	0	0	0	0	0	0	0	0	0.523
PIK3CA	DLG1	0	0	0	0	0	0	0	0	0	0	0.569
PIK3CA	PREX2	0	0	0	0	0	0	0	0	0	0	0.58
PIK3CA	GNAQ	0	0	0	0	0	0	0	0	0	0	0.901
PIK3CA	CTNNB1	0	0	0	0	0	0	0	0	0	0	0.901
PIK3CA	PRKCZ	0	0	0	0	0	0	0	0	0	0	0.925
PIK3CA	TP53	0	0	0	0	0	0	0	0	0	0	0.941
PIK3CA	FYN	0	0	0	0	0	0	0	0	0	0	0.951
PIK3CA	PRKCI	0	0	0	0	0	0	0	0	0	0	0.952
PIK3CA	PTK2	0	0	0	0	0	0	0	0	0	0	0.97
PIK3CA	PTEN	0	0	0	0	0	0	0	0	0	0	0.995
PIK3CA	AKT1	0	0	0	0	0	0	0	0	0	0	0.998
PIK3CA	PIK3R1	0	0	0	0	0	0	0	0	0	0	0.999
NRXN2	CACNG2	0	0	0	0	0	0	0	0	0	0	0.408
NRXN2	GRIN1	0	0	0	0	0	0	0	0	0	0	0.436
NRXN2	GRIN2A	0	0	0	0	0	0	0	0	0	0	0.452
NRXN2	DLG1	0	0	0	0	0	0	0	0	0	0	0.457
NRXN2	CAMK2A	0	0	0	0	0	0	0	0	0	0	0.507
NRXN2	GRIN2B	0	0	0	0	0	0	0	0	0	0	0.516
NRXN2	GRIA1	0	0	0	0	0	0	0	0	0	0	0.538
NRXN2	NRXN3	0	0	0	0	0	0	0	0	0	0	0.585
NRXN2	HOMER2	0	0	0	0	0	0	0	0	0	0	0.592
NRXN2	EPB41L1	0	0	0	0	0	0	0	0	0	0	0.599
NRXN2	GRIA2	0	0	0	0	0	0	0	0	0	0	0.607
NRXN2	MDGA1	0	0	0	0	0	0	0	0	0	0	0.612
NRXN2	HOMER3	0	0	0	0	0	0	0	0	0	0	0.619
NRXN2	GRM1	0	0	0	0	0	0	0	0	0	0	0.676
NRXN2	GRIA4	0	0	0	0	0	0	0	0	0	0	0.684
NRXN2	HOMER1	0	0	0	0	0	0	0	0	0	0	0.687
NRXN2	DLG3	0	0	0	0	0	0	0	0	0	0	0.713
NRXN2	GRM5	0	0	0	0	0	0	0	0	0	0	0.713
NRXN2	DLGAP2	0	0	0	0	0	0	0	0	0	0	0.714
NRXN2	DLGAP3	0	0	0	0	0	0	0	0	0	0	0.719
NRXN2	DLG2	0	0	0	0	0	0	0	0	0	0	0.741
NRXN2	DLGAP1	0	0	0	0	0	0	0	0	0	0	0.743
NRXN2	NXPH1	0	0	0	0	0	0	0	0	0	0	0.827
NRXN2	GPHN	0	0	0	0	0	0	0	0	0	0	0.831
NRXN2	SHANK1	0	0	0	0	0	0	0	0	0	0	0.876
NRXN2	SHANK2	0	0	0	0	0	0	0	0	0	0	0.88
NRXN2	SHANK3	0	0	0	0	0	0	0	0	0	0	0.897
NRXN2	NRXN1	0	0	0	0	0	0	0	0	0	0	0.922
NRXN2	DLG4	0	0	0	0	0	0	0	0	0	0	0.987
NRXN2	LRRTM2	0	0	0	0	0	0	0	0	0	0	0.993
NRXN2	DAG1	0	0	0	0	0	0	0	0	0	0	0.997
NRXN2	NLGN2	0	0	0	0	0	0	0	0	0	0	0.999
NRXN2	NLGN1	0	0	0	0	0	0	0	0	0	0	0.999
NRXN2	NLGN3	0	0	0	0	0	0	0	0	0	0	0.999
NRXN2	NLGN4Y	0	0	0	0	0	0	0	0	0	0	0.999
NRXN2	NLGN4X	0	0	0	0	0	0	0	0	0	0	0.999
TP53	GNAQ	0	0	0	0	0	0	0	0	0	0	0.479
TP53	UBE2L3	0	0	0	0	0	0	0	0	0	0	0.5
TP53	CALM3	0	0	0	0	0	0	0	0	0	0	0.508
TP53	UBE2D2	0	0	0	0	0	0	0	0	0	0	0.531
TP53	DLG1	0	0	0	0	0	0	0	0	0	0	0.533
TP53	SPOP	0	0	0	0	0	0	0	0	0	0	0.571
TP53	UBE2D1	0	0	0	0	0	0	0	0	0	0	0.578
TP53	SCRIB	0	0	0	0	0	0	0	0	0	0	0.587
TP53	CALML4	0	0	0	0	0	0	0	0	0	0	0.657
TP53	RAD23A	0	0	0	0	0	0	0	0	0	0	0.657
TP53	CALML3	0	0	0	0	0	0	0	0	0	0	0.657
TP53	FYN	0	0	0	0	0	0	0	0	0	0	0.657
TP53	PRKCI	0	0	0	0	0	0	0	0	0	0	0.661
TP53	DLG4	0	0	0	0	0	0	0	0	0	0	0.734
TP53	PIK3R1	0	0	0	0	0	0	0	0	0	0	0.853
TP53	PSMD4	0	0	0	0	0	0	0	0	0	0	0.88
TP53	CTNNB1	0	0	0	0	0	0	0	0	0	0	0.927
TP53	PTK2	0	0	0	0	0	0	0	0	0	0	0.928
TP53	PRKCZ	0	0	0	0	0	0	0	0	0	0	0.933
TP53	AKT1	0	0	0	0	0	0	0	0	0	0	0.994
TP53	UBE3A	0	0	0	0	0	0	0	0	0	0	0.999
TP53	PTEN	0	0	0	0	0	0	0	0	0	0	0.999
CACNG8	EPB41L1	0	0	0	0	0	0	0	0	0	0	0.46
CACNG8	NLGN1	0	0	0	0	0	0	0	0	0	0	0.514
CACNG8	DLG1	0	0	0	0	0	0	0	0	0	0	0.584
CACNG8	DLG3	0	0	0	0	0	0	0	0	0	0	0.649
CACNG8	GRIN3A	0	0	0	0	0	0	0	0	0	0	0.743
CACNG8	CACNG2	0	0	0	0	0	0	0	0	0	0	0.748
CACNG8	GRIN2C	0	0	0	0	0	0	0	0	0	0	0.761
CACNG8	CAMK2A	0	0	0	0	0	0	0	0	0	0	0.782
CACNG8	GRIN1	0	0	0	0	0	0	0	0	0	0	0.799
CACNG8	GRIN2A	0	0	0	0	0	0	0	0	0	0	0.812
CACNG8	GRIN2B	0	0	0	0	0	0	0	0	0	0	0.822
CACNG8	DLG4	0	0	0	0	0	0	0	0	0	0	0.901
CACNG8	GRIA3	0	0	0	0	0	0	0	0	0	0	0.936
CACNG8	GRIA4	0	0	0	0	0	0	0	0	0	0	0.936
CACNG8	CACNB4	0	0	0	0	0	0	0	0	0	0	0.94
CACNG8	SHISA9	0	0	0	0	0	0	0	0	0	0	0.948
CACNG8	CNIH2	0	0	0	0	0	0	0	0	0	0	0.99
CACNG8	GRIA2	0	0	0	0	0	0	0	0	0	0	0.994
CACNG8	GRIA1	0	0	0	0	0	0	0	0	0	0	0.996
LRRTM2	MDGA1	0	0	0	0	0	0	0	0	0	0	0.419
LRRTM2	GPHN	0	0	0	0	0	0	0	0	0	0	0.464
LRRTM2	NLGN4Y	0	0	0	0	0	0	0	0	0	0	0.474
LRRTM2	GRIA1	0	0	0	0	0	0	0	0	0	0	0.493
LRRTM2	NLGN2	0	0	0	0	0	0	0	0	0	0	0.65
LRRTM2	GRIA2	0	0	0	0	0	0	0	0	0	0	0.681
LRRTM2	NLGN4X	0	0	0	0	0	0	0	0	0	0	0.724
LRRTM2	NLGN3	0	0	0	0	0	0	0	0	0	0	0.725
LRRTM2	NLGN1	0	0	0	0	0	0	0	0	0	0	0.815
LRRTM2	DLG4	0	0	0	0	0	0	0	0	0	0	0.902
LRRTM2	NRXN3	0	0	0	0	0	0	0	0	0	0	0.92
LRRTM2	NRXN1	0	0	0	0	0	0	0	0	0	0	0.997
GRIA4	HOMER1	0	0	0	0	0	0	0	0	0	0	0.42
GRIA4	NXPH1	0	0	0	0	0	0	0	0	0	0	0.421
GRIA4	DLGAP1	0	0	0	0	0	0	0	0	0	0	0.423
GRIA4	SHANK1	0	0	0	0	0	0	0	0	0	0	0.45
GRIA4	NLGN1	0	0	0	0	0	0	0	0	0	0	0.496
GRIA4	SHANK2	0	0	0	0	0	0	0	0	0	0	0.579
GRIA4	DLG3	0	0	0	0	0	0	0	0	0	0	0.646
GRIA4	GRM1	0	0	0	0	0	0	0	0	0	0	0.653
GRIA4	GRM5	0	0	0	0	0	0	0	0	0	0	0.667
GRIA4	NRXN1	0	0	0	0	0	0	0	0	0	0	0.688
GRIA4	DLG2	0	0	0	0	0	0	0	0	0	0	0.698
GRIA4	EPB41L1	0	0	0	0	0	0	0	0	0	0	0.807
GRIA4	CAMK2A	0	0	0	0	0	0	0	0	0	0	0.814
GRIA4	GRIN2C	0	0	0	0	0	0	0	0	0	0	0.824
GRIA4	DLG1	0	0	0	0	0	0	0	0	0	0	0.828
GRIA4	DLG4	0	0	0	0	0	0	0	0	0	0	0.829
GRIA4	GRIN2B	0	0	0	0	0	0	0	0	0	0	0.853
GRIA4	GRIN3A	0	0	0	0	0	0	0	0	0	0	0.878
GRIA4	GRIN1	0	0	0	0	0	0	0	0	0	0	0.886
GRIA4	GRIN2A	0	0	0	0	0	0	0	0	0	0	0.898
GRIA4	SHISA9	0	0	0	0	0	0	0	0	0	0	0.919
GRIA4	CNIH2	0	0	0	0	0	0	0	0	0	0	0.94
GRIA4	CACNG2	0	0	0	0	0	0	0	0	0	0	0.975
GRIA4	GRIA3	0	0	0	0	0	0	0	0	0	0	0.997
GRIA4	GRIA1	0	0	0	0	0	0	0	0	0	0	0.997
GRIA4	GRIA2	0	0	0	0	0	0	0	0	0	0	0.999
GRM1	AKT1	0	0	0	0	0	0	0	0	0	0	0.421
GRM1	CALML4	0	0	0	0	0	0	0	0	0	0	0.427
GRM1	CALML3	0	0	0	0	0	0	0	0	0	0	0.432
GRM1	CALM3	0	0	0	0	0	0	0	0	0	0	0.445
GRM1	FYN	0	0	0	0	0	0	0	0	0	0	0.45
GRM1	DLG1	0	0	0	0	0	0	0	0	0	0	0.46
GRM1	PIK3R1	0	0	0	0	0	0	0	0	0	0	0.48
GRM1	GRIN3A	0	0	0	0	0	0	0	0	0	0	0.537
GRM1	NLGN4Y	0	0	0	0	0	0	0	0	0	0	0.573
GRM1	DLG3	0	0	0	0	0	0	0	0	0	0	0.598
GRM1	GRIA3	0	0	0	0	0	0	0	0	0	0	0.602
GRM1	NLGN2	0	0	0	0	0	0	0	0	0	0	0.61
GRM1	GRIN2C	0	0	0	0	0	0	0	0	0	0	0.616
GRM1	NLGN4X	0	0	0	0	0	0	0	0	0	0	0.624
GRM1	DLGAP2	0	0	0	0	0	0	0	0	0	0	0.628
GRM1	DLG2	0	0	0	0	0	0	0	0	0	0	0.64
GRM1	NLGN3	0	0	0	0	0	0	0	0	0	0	0.648
GRM1	NLGN1	0	0	0	0	0	0	0	0	0	0	0.652
GRM1	GRIN1	0	0	0	0	0	0	0	0	0	0	0.659
GRM1	NRXN3	0	0	0	0	0	0	0	0	0	0	0.687
GRM1	DLGAP3	0	0	0	0	0	0	0	0	0	0	0.688
GRM1	NRXN1	0	0	0	0	0	0	0	0	0	0	0.705
GRM1	SHANK2	0	0	0	0	0	0	0	0	0	0	0.714
GRM1	GRIN2A	0	0	0	0	0	0	0	0	0	0	0.738
GRM1	GRIN2B	0	0	0	0	0	0	0	0	0	0	0.758
GRM1	SHANK3	0	0	0	0	0	0	0	0	0	0	0.788
GRM1	GRIA2	0	0	0	0	0	0	0	0	0	0	0.809
GRM1	GRIA1	0	0	0	0	0	0	0	0	0	0	0.849
GRM1	DLG4	0	0	0	0	0	0	0	0	0	0	0.862
GRM1	SHANK1	0	0	0	0	0	0	0	0	0	0	0.899
GRM1	DLGAP1	0	0	0	0	0	0	0	0	0	0	0.938
GRM1	CAMK2A	0	0	0	0	0	0	0	0	0	0	0.968
GRM1	GRM5	0	0	0	0	0	0	0	0	0	0	0.977
GRM1	HOMER2	0	0	0	0	0	0	0	0	0	0	0.989
GRM1	HOMER3	0	0	0	0	0	0	0	0	0	0	0.99
GRM1	GNAQ	0	0	0	0	0	0	0	0	0	0	0.998
GRM1	HOMER1	0	0	0	0	0	0	0	0	0	0	0.998
GNAQ	CTNNB1	0	0	0	0	0	0	0	0	0	0	0.56
GNAQ	PTEN	0	0	0	0	0	0	0	0	0	0	0.567
GNAQ	CALML4	0	0	0	0	0	0	0	0	0	0	0.57
GNAQ	CALML3	0	0	0	0	0	0	0	0	0	0	0.581
GNAQ	CALM3	0	0	0	0	0	0	0	0	0	0	0.593
GNAQ	AKT1	0	0	0	0	0	0	0	0	0	0	0.775
GNAQ	PIK3R1	0	0	0	0	0	0	0	0	0	0	0.854
GNAQ	ADORA2A	0	0	0	0	0	0	0	0	0	0	0.959
GNAQ	GRM5	0	0	0	0	0	0	0	0	0	0	0.999
PREX2	AKT1	0	0	0	0	0	0	0	0	0	0	0.444
PREX2	PTEN	0	0	0	0	0	0	0	0	0	0	0.99
CALM3	GRIA2	0	0	0	0	0	0	0	0	0	0	0.434
CALM3	PTEN	0	0	0	0	0	0	0	0	0	0	0.451
CALM3	DLG1	0	0	0	0	0	0	0	0	0	0	0.457
CALM3	CACNB4	0	0	0	0	0	0	0	0	0	0	0.463
CALM3	MAST2	0	0	0	0	0	0	0	0	0	0	0.471
CALM3	PIK3R1	0	0	0	0	0	0	0	0	0	0	0.513
CALM3	GRIN3A	0	0	0	0	0	0	0	0	0	0	0.515
CALM3	ADORA2A	0	0	0	0	0	0	0	0	0	0	0.515
CALM3	HOMER2	0	0	0	0	0	0	0	0	0	0	0.517
CALM3	CTNNB1	0	0	0	0	0	0	0	0	0	0	0.528
CALM3	HOMER3	0	0	0	0	0	0	0	0	0	0	0.533
CALM3	GRIA1	0	0	0	0	0	0	0	0	0	0	0.583
CALM3	HOMER1	0	0	0	0	0	0	0	0	0	0	0.63
CALM3	FYN	0	0	0	0	0	0	0	0	0	0	0.685
CALM3	GRM5	0	0	0	0	0	0	0	0	0	0	0.688
CALM3	GRIN2C	0	0	0	0	0	0	0	0	0	0	0.758
CALM3	AKT1	0	0	0	0	0	0	0	0	0	0	0.802
CALM3	GRIN2A	0	0	0	0	0	0	0	0	0	0	0.901
CALM3	GRIN2B	0	0	0	0	0	0	0	0	0	0	0.91
CALM3	DLG4	0	0	0	0	0	0	0	0	0	0	0.989
CALM3	CALML4	0	0	0	0	0	0	0	0	0	0	0.996
CALM3	GRIN1	0	0	0	0	0	0	0	0	0	0	0.996
CALM3	CALML3	0	0	0	0	0	0	0	0	0	0	0.996
CALM3	CAMK2A	0	0	0	0	0	0	0	0	0	0	0.999
GRIN2C	MAGI2	0	0	0	0	0	0	0	0	0	0	0.409
GRIN2C	SHANK1	0	0	0	0	0	0	0	0	0	0	0.416
GRIN2C	GRM5	0	0	0	0	0	0	0	0	0	0	0.621
GRIN2C	DLG1	0	0	0	0	0	0	0	0	0	0	0.681
GRIN2C	SHISA9	0	0	0	0	0	0	0	0	0	0	0.733
GRIN2C	CAMK2A	0	0	0	0	0	0	0	0	0	0	0.735
GRIN2C	CALML3	0	0	0	0	0	0	0	0	0	0	0.741
GRIN2C	CALML4	0	0	0	0	0	0	0	0	0	0	0.741
GRIN2C	CNIH2	0	0	0	0	0	0	0	0	0	0	0.765
GRIN2C	GRIA3	0	0	0	0	0	0	0	0	0	0	0.809
GRIN2C	CACNG2	0	0	0	0	0	0	0	0	0	0	0.817
GRIN2C	DLG2	0	0	0	0	0	0	0	0	0	0	0.818
GRIN2C	GRIA2	0	0	0	0	0	0	0	0	0	0	0.822
GRIN2C	GRIA1	0	0	0	0	0	0	0	0	0	0	0.829
GRIN2C	DLG3	0	0	0	0	0	0	0	0	0	0	0.872
GRIN2C	DLG4	0	0	0	0	0	0	0	0	0	0	0.99
GRIN2C	GRIN2A	0	0	0	0	0	0	0	0	0	0	0.998
GRIN2C	GRIN2B	0	0	0	0	0	0	0	0	0	0	0.998
GRIN2C	GRIN3A	0	0	0	0	0	0	0	0	0	0	0.998
GRIN2C	GRIN1	0	0	0	0	0	0	0	0	0	0	0.999
SHANK1	GPHN	0	0	0	0	0	0	0	0	0	0	0.416
SHANK1	CACNG2	0	0	0	0	0	0	0	0	0	0	0.418
SHANK1	MAGI2	0	0	0	0	0	0	0	0	0	0	0.418
SHANK1	DLG1	0	0	0	0	0	0	0	0	0	0	0.446
SHANK1	CAMK2A	0	0	0	0	0	0	0	0	0	0	0.533
SHANK1	GRIA2	0	0	0	0	0	0	0	0	0	0	0.563
SHANK1	GRIN1	0	0	0	0	0	0	0	0	0	0	0.596
SHANK1	GRIA1	0	0	0	0	0	0	0	0	0	0	0.619
SHANK1	NRXN3	0	0	0	0	0	0	0	0	0	0	0.696
SHANK1	GRIN2A	0	0	0	0	0	0	0	0	0	0	0.742
SHANK1	GRIN2B	0	0	0	0	0	0	0	0	0	0	0.752
SHANK1	NLGN4Y	0	0	0	0	0	0	0	0	0	0	0.76
SHANK1	DLG3	0	0	0	0	0	0	0	0	0	0	0.778
SHANK1	DLGAP2	0	0	0	0	0	0	0	0	0	0	0.841
SHANK1	NLGN2	0	0	0	0	0	0	0	0	0	0	0.868
SHANK1	DLG2	0	0	0	0	0	0	0	0	0	0	0.878
SHANK1	NRXN1	0	0	0	0	0	0	0	0	0	0	0.887
SHANK1	NLGN4X	0	0	0	0	0	0	0	0	0	0	0.894
SHANK1	NLGN3	0	0	0	0	0	0	0	0	0	0	0.904
SHANK1	DLGAP3	0	0	0	0	0	0	0	0	0	0	0.92
SHANK1	NLGN1	0	0	0	0	0	0	0	0	0	0	0.926
SHANK1	HOMER2	0	0	0	0	0	0	0	0	0	0	0.927
SHANK1	GRM5	0	0	0	0	0	0	0	0	0	0	0.939
SHANK1	HOMER3	0	0	0	0	0	0	0	0	0	0	0.966
SHANK1	SHANK2	0	0	0	0	0	0	0	0	0	0	0.968
SHANK1	SHANK3	0	0	0	0	0	0	0	0	0	0	0.982
SHANK1	HOMER1	0	0	0	0	0	0	0	0	0	0	0.984
SHANK1	DLG4	0	0	0	0	0	0	0	0	0	0	0.992
SHANK1	DLGAP1	0	0	0	0	0	0	0	0	0	0	0.996
PRKCI	PIK3R1	0	0	0	0	0	0	0	0	0	0	0.919
PRKCI	PTEN	0	0	0	0	0	0	0	0	0	0	0.933
PRKCI	PRKCZ	0	0	0	0	0	0	0	0	0	0	0.989
PRKCI	LLGL1	0	0	0	0	0	0	0	0	0	0	0.993
PRKCI	LLGL2	0	0	0	0	0	0	0	0	0	0	0.996
GRIA2	DLGAP3	0	0	0	0	0	0	0	0	0	0	0.401
GRIA2	CALML4	0	0	0	0	0	0	0	0	0	0	0.404
GRIA2	PIK3R1	0	0	0	0	0	0	0	0	0	0	0.415
GRIA2	NRXN3	0	0	0	0	0	0	0	0	0	0	0.416
GRIA2	DLGAP2	0	0	0	0	0	0	0	0	0	0	0.422
GRIA2	NLGN4Y	0	0	0	0	0	0	0	0	0	0	0.426
GRIA2	NLGN4X	0	0	0	0	0	0	0	0	0	0	0.485
GRIA2	EPB41L1	0	0	0	0	0	0	0	0	0	0	0.485
GRIA2	NLGN2	0	0	0	0	0	0	0	0	0	0	0.516
GRIA2	GPHN	0	0	0	0	0	0	0	0	0	0	0.52
GRIA2	NLGN3	0	0	0	0	0	0	0	0	0	0	0.535
GRIA2	SHANK3	0	0	0	0	0	0	0	0	0	0	0.573
GRIA2	HOMER1	0	0	0	0	0	0	0	0	0	0	0.596
GRIA2	CTNNB1	0	0	0	0	0	0	0	0	0	0	0.615
GRIA2	SHANK2	0	0	0	0	0	0	0	0	0	0	0.637
GRIA2	NLGN1	0	0	0	0	0	0	0	0	0	0	0.64
GRIA2	NRXN1	0	0	0	0	0	0	0	0	0	0	0.695
GRIA2	DLGAP1	0	0	0	0	0	0	0	0	0	0	0.722
GRIA2	DLG3	0	0	0	0	0	0	0	0	0	0	0.789
GRIA2	DLG1	0	0	0	0	0	0	0	0	0	0	0.809
GRIA2	DLG2	0	0	0	0	0	0	0	0	0	0	0.815
GRIA2	GRIN3A	0	0	0	0	0	0	0	0	0	0	0.845
GRIA2	GRM5	0	0	0	0	0	0	0	0	0	0	0.852
GRIA2	SHISA9	0	0	0	0	0	0	0	0	0	0	0.855
GRIA2	GRIN2B	0	0	0	0	0	0	0	0	0	0	0.885
GRIA2	GRIN1	0	0	0	0	0	0	0	0	0	0	0.901
GRIA2	GRIN2A	0	0	0	0	0	0	0	0	0	0	0.933
GRIA2	DLG4	0	0	0	0	0	0	0	0	0	0	0.968
GRIA2	CAMK2A	0	0	0	0	0	0	0	0	0	0	0.977
GRIA2	CNIH2	0	0	0	0	0	0	0	0	0	0	0.99
GRIA2	CACNG2	0	0	0	0	0	0	0	0	0	0	0.995
GRIA2	GRIA1	0	0	0	0	0	0	0	0	0	0	0.999
GRIA2	GRIA3	0	0	0	0	0	0	0	0	0	0	0.999
CACNG2	NLGN1	0	0	0	0	0	0	0	0	0	0	0.413
CACNG2	NRXN1	0	0	0	0	0	0	0	0	0	0	0.435
CACNG2	HOMER1	0	0	0	0	0	0	0	0	0	0	0.446
CACNG2	EPB41L1	0	0	0	0	0	0	0	0	0	0	0.67
CACNG2	DLGAP1	0	0	0	0	0	0	0	0	0	0	0.751
CACNG2	DLG2	0	0	0	0	0	0	0	0	0	0	0.783
CACNG2	CAMK2A	0	0	0	0	0	0	0	0	0	0	0.808
CACNG2	GRIN3A	0	0	0	0	0	0	0	0	0	0	0.852
CACNG2	GRIN2A	0	0	0	0	0	0	0	0	0	0	0.88
CACNG2	GRIN2B	0	0	0	0	0	0	0	0	0	0	0.893
CACNG2	GRIN1	0	0	0	0	0	0	0	0	0	0	0.894
CACNG2	DLG3	0	0	0	0	0	0	0	0	0	0	0.9
CACNG2	CNIH2	0	0	0	0	0	0	0	0	0	0	0.906
CACNG2	MAGI2	0	0	0	0	0	0	0	0	0	0	0.915
CACNG2	DLG1	0	0	0	0	0	0	0	0	0	0	0.941
CACNG2	CACNB4	0	0	0	0	0	0	0	0	0	0	0.951
CACNG2	SHISA9	0	0	0	0	0	0	0	0	0	0	0.973
CACNG2	GRIA3	0	0	0	0	0	0	0	0	0	0	0.984
CACNG2	DLG4	0	0	0	0	0	0	0	0	0	0	0.999
CACNG2	GRIA1	0	0	0	0	0	0	0	0	0	0	0.999
NLGN2	CAMK2A	0	0	0	0	0	0	0	0	0	0	0.411
NLGN2	NXPH1	0	0	0	0	0	0	0	0	0	0	0.414
NLGN2	DLG1	0	0	0	0	0	0	0	0	0	0	0.44
NLGN2	PTEN	0	0	0	0	0	0	0	0	0	0	0.455
NLGN2	GRIN1	0	0	0	0	0	0	0	0	0	0	0.469
NLGN2	PRNP	0	0	0	0	0	0	0	0	0	0	0.485
NLGN2	GRIN2B	0	0	0	0	0	0	0	0	0	0	0.496
NLGN2	CTNNB1	0	0	0	0	0	0	0	0	0	0	0.499
NLGN2	GRIN2A	0	0	0	0	0	0	0	0	0	0	0.521
NLGN2	NLGN4Y	0	0	0	0	0	0	0	0	0	0	0.525
NLGN2	GRIA1	0	0	0	0	0	0	0	0	0	0	0.532
NLGN2	DAG1	0	0	0	0	0	0	0	0	0	0	0.59
NLGN2	EPB41L1	0	0	0	0	0	0	0	0	0	0	0.624
NLGN2	HOMER2	0	0	0	0	0	0	0	0	0	0	0.647
NLGN2	GRM5	0	0	0	0	0	0	0	0	0	0	0.668
NLGN2	NLGN3	0	0	0	0	0	0	0	0	0	0	0.683
NLGN2	HOMER3	0	0	0	0	0	0	0	0	0	0	0.697
NLGN2	HOMER1	0	0	0	0	0	0	0	0	0	0	0.699
NLGN2	NLGN4X	0	0	0	0	0	0	0	0	0	0	0.704
NLGN2	NLGN1	0	0	0	0	0	0	0	0	0	0	0.704
NLGN2	DLGAP3	0	0	0	0	0	0	0	0	0	0	0.709
NLGN2	DLGAP2	0	0	0	0	0	0	0	0	0	0	0.715
NLGN2	DLG2	0	0	0	0	0	0	0	0	0	0	0.784
NLGN2	MAGI2	0	0	0	0	0	0	0	0	0	0	0.813
NLGN2	DLGAP1	0	0	0	0	0	0	0	0	0	0	0.844
NLGN2	SHANK2	0	0	0	0	0	0	0	0	0	0	0.868
NLGN2	DLG3	0	0	0	0	0	0	0	0	0	0	0.883
NLGN2	SHANK3	0	0	0	0	0	0	0	0	0	0	0.935
NLGN2	GPHN	0	0	0	0	0	0	0	0	0	0	0.968
NLGN2	NRXN3	0	0	0	0	0	0	0	0	0	0	0.978
NLGN2	MDGA1	0	0	0	0	0	0	0	0	0	0	0.994
NLGN2	DLG4	0	0	0	0	0	0	0	0	0	0	0.998
NLGN2	NRXN1	0	0	0	0	0	0	0	0	0	0	0.999
HOMER2	GRIA1	0	0	0	0	0	0	0	0	0	0	0.4
HOMER2	GRIN1	0	0	0	0	0	0	0	0	0	0	0.42
HOMER2	GRIN2A	0	0	0	0	0	0	0	0	0	0	0.478
HOMER2	GRIN2B	0	0	0	0	0	0	0	0	0	0	0.502
HOMER2	CALML4	0	0	0	0	0	0	0	0	0	0	0.507
HOMER2	CALML3	0	0	0	0	0	0	0	0	0	0	0.518
HOMER2	NLGN4X	0	0	0	0	0	0	0	0	0	0	0.596
HOMER2	NRXN1	0	0	0	0	0	0	0	0	0	0	0.605
HOMER2	NLGN4Y	0	0	0	0	0	0	0	0	0	0	0.607
HOMER2	DLG2	0	0	0	0	0	0	0	0	0	0	0.61
HOMER2	DLG3	0	0	0	0	0	0	0	0	0	0	0.613
HOMER2	NLGN1	0	0	0	0	0	0	0	0	0	0	0.618
HOMER2	DLGAP2	0	0	0	0	0	0	0	0	0	0	0.637
HOMER2	AKT1	0	0	0	0	0	0	0	0	0	0	0.638
HOMER2	NLGN3	0	0	0	0	0	0	0	0	0	0	0.641
HOMER2	DLGAP3	0	0	0	0	0	0	0	0	0	0	0.666
HOMER2	NRXN3	0	0	0	0	0	0	0	0	0	0	0.691
HOMER2	SHANK3	0	0	0	0	0	0	0	0	0	0	0.758
HOMER2	DLG4	0	0	0	0	0	0	0	0	0	0	0.779
HOMER2	SHANK2	0	0	0	0	0	0	0	0	0	0	0.782
HOMER2	DLGAP1	0	0	0	0	0	0	0	0	0	0	0.857
HOMER2	GRM5	0	0	0	0	0	0	0	0	0	0	0.965
HOMER2	HOMER3	0	0	0	0	0	0	0	0	0	0	0.99
HOMER2	HOMER1	0	0	0	0	0	0	0	0	0	0	0.991
GRM5	AKT1	0	0	0	0	0	0	0	0	0	0	0.44
GRM5	FYN	0	0	0	0	0	0	0	0	0	0	0.471
GRM5	CALML4	0	0	0	0	0	0	0	0	0	0	0.49
GRM5	CALML3	0	0	0	0	0	0	0	0	0	0	0.493
GRM5	PRKCZ	0	0	0	0	0	0	0	0	0	0	0.515
GRM5	NXPH1	0	0	0	0	0	0	0	0	0	0	0.54
GRM5	GPHN	0	0	0	0	0	0	0	0	0	0	0.545
GRM5	EPB41L1	0	0	0	0	0	0	0	0	0	0	0.547
GRM5	NLGN4Y	0	0	0	0	0	0	0	0	0	0	0.611
GRM5	DLG3	0	0	0	0	0	0	0	0	0	0	0.642
GRM5	DLGAP2	0	0	0	0	0	0	0	0	0	0	0.686
GRM5	NLGN4X	0	0	0	0	0	0	0	0	0	0	0.696
GRM5	GRIN3A	0	0	0	0	0	0	0	0	0	0	0.699
GRM5	DLG2	0	0	0	0	0	0	0	0	0	0	0.702
GRM5	NLGN1	0	0	0	0	0	0	0	0	0	0	0.716
GRM5	NRXN3	0	0	0	0	0	0	0	0	0	0	0.724
GRM5	NLGN3	0	0	0	0	0	0	0	0	0	0	0.735
GRM5	NRXN1	0	0	0	0	0	0	0	0	0	0	0.766
GRM5	GRIA3	0	0	0	0	0	0	0	0	0	0	0.782
GRM5	DLGAP3	0	0	0	0	0	0	0	0	0	0	0.786
GRM5	GRIN1	0	0	0	0	0	0	0	0	0	0	0.792
GRM5	GRIN2A	0	0	0	0	0	0	0	0	0	0	0.841
GRM5	GRIN2B	0	0	0	0	0	0	0	0	0	0	0.842
GRM5	SHANK2	0	0	0	0	0	0	0	0	0	0	0.869
GRM5	SHANK3	0	0	0	0	0	0	0	0	0	0	0.88
GRM5	DLG4	0	0	0	0	0	0	0	0	0	0	0.902
GRM5	DLGAP1	0	0	0	0	0	0	0	0	0	0	0.915
GRM5	GRIA1	0	0	0	0	0	0	0	0	0	0	0.916
GRM5	HOMER3	0	0	0	0	0	0	0	0	0	0	0.929
GRM5	PRNP	0	0	0	0	0	0	0	0	0	0	0.953
GRM5	CAMK2A	0	0	0	0	0	0	0	0	0	0	0.975
GRM5	ADORA2A	0	0	0	0	0	0	0	0	0	0	0.976
GRM5	HOMER1	0	0	0	0	0	0	0	0	0	0	0.999
CNIH2	DLG3	0	0	0	0	0	0	0	0	0	0	0.552
CNIH2	GRIN3A	0	0	0	0	0	0	0	0	0	0	0.763
CNIH2	GRIN2B	0	0	0	0	0	0	0	0	0	0	0.774
CNIH2	GRIN2A	0	0	0	0	0	0	0	0	0	0	0.784
CNIH2	GRIN1	0	0	0	0	0	0	0	0	0	0	0.796
CNIH2	DLG4	0	0	0	0	0	0	0	0	0	0	0.856
CNIH2	SHISA9	0	0	0	0	0	0	0	0	0	0	0.949
CNIH2	GRIA3	0	0	0	0	0	0	0	0	0	0	0.97
CNIH2	GRIA1	0	0	0	0	0	0	0	0	0	0	0.995
CALML3	PTEN	0	0	0	0	0	0	0	0	0	0	0.437
CALML3	ADORA2A	0	0	0	0	0	0	0	0	0	0	0.455
CALML3	DLG1	0	0	0	0	0	0	0	0	0	0	0.456
CALML3	HOMER3	0	0	0	0	0	0	0	0	0	0	0.532
CALML3	GRIA1	0	0	0	0	0	0	0	0	0	0	0.581
CALML3	HOMER1	0	0	0	0	0	0	0	0	0	0	0.625
CALML3	CTNNB1	0	0	0	0	0	0	0	0	0	0	0.628
CALML3	FYN	0	0	0	0	0	0	0	0	0	0	0.682
CALML3	AKT1	0	0	0	0	0	0	0	0	0	0	0.719
CALML3	DLG4	0	0	0	0	0	0	0	0	0	0	0.891
CALML3	GRIN2A	0	0	0	0	0	0	0	0	0	0	0.895
CALML3	GRIN2B	0	0	0	0	0	0	0	0	0	0	0.927
CALML3	GRIN1	0	0	0	0	0	0	0	0	0	0	0.96
CALML3	CALML4	0	0	0	0	0	0	0	0	0	0	0.963
CALML3	CAMK2A	0	0	0	0	0	0	0	0	0	0	0.999
DLGAP1	GRIN1	0	0	0	0	0	0	0	0	0	0	0.57
DLGAP1	NRXN3	0	0	0	0	0	0	0	0	0	0	0.659
DLGAP1	CAMK2A	0	0	0	0	0	0	0	0	0	0	0.703
DLGAP1	DLGAP2	0	0	0	0	0	0	0	0	0	0	0.704
DLGAP1	DLGAP3	0	0	0	0	0	0	0	0	0	0	0.724
DLGAP1	MAGI2	0	0	0	0	0	0	0	0	0	0	0.732
DLGAP1	NRXN1	0	0	0	0	0	0	0	0	0	0	0.774
DLGAP1	NLGN4Y	0	0	0	0	0	0	0	0	0	0	0.843
DLGAP1	GRIA1	0	0	0	0	0	0	0	0	0	0	0.852
DLGAP1	NLGN3	0	0	0	0	0	0	0	0	0	0	0.855
DLGAP1	NLGN4X	0	0	0	0	0	0	0	0	0	0	0.861
DLGAP1	GRIN2A	0	0	0	0	0	0	0	0	0	0	0.885
DLGAP1	DLG3	0	0	0	0	0	0	0	0	0	0	0.887
DLGAP1	DLG2	0	0	0	0	0	0	0	0	0	0	0.89
DLGAP1	GRIN2B	0	0	0	0	0	0	0	0	0	0	0.9
DLGAP1	NLGN1	0	0	0	0	0	0	0	0	0	0	0.927
DLGAP1	HOMER3	0	0	0	0	0	0	0	0	0	0	0.943
DLGAP1	DLG1	0	0	0	0	0	0	0	0	0	0	0.952
DLGAP1	SHANK2	0	0	0	0	0	0	0	0	0	0	0.981
DLGAP1	HOMER1	0	0	0	0	0	0	0	0	0	0	0.986
DLGAP1	SHANK3	0	0	0	0	0	0	0	0	0	0	0.997
DLGAP1	DLG4	0	0	0	0	0	0	0	0	0	0	0.999
LLGL1	FYN	0	0	0	0	0	0	0	0	0	0	0.406
LLGL1	DLG2	0	0	0	0	0	0	0	0	0	0	0.84
LLGL1	UBE3A	0	0	0	0	0	0	0	0	0	0	0.905
LLGL1	DLG3	0	0	0	0	0	0	0	0	0	0	0.939
LLGL1	SCRIB	0	0	0	0	0	0	0	0	0	0	0.964
LLGL1	DLG1	0	0	0	0	0	0	0	0	0	0	0.975
LLGL1	DLG4	0	0	0	0	0	0	0	0	0	0	0.983
LLGL1	LLGL2	0	0	0	0	0	0	0	0	0	0	0.993
LLGL1	PRKCZ	0	0	0	0	0	0	0	0	0	0	0.995
GRIN2A	NLGN4X	0	0	0	0	0	0	0	0	0	0	0.471
GRIN2A	NLGN3	0	0	0	0	0	0	0	0	0	0	0.472
GRIN2A	GPHN	0	0	0	0	0	0	0	0	0	0	0.482
GRIN2A	CACNB4	0	0	0	0	0	0	0	0	0	0	0.54
GRIN2A	NLGN1	0	0	0	0	0	0	0	0	0	0	0.554
GRIN2A	SHANK2	0	0	0	0	0	0	0	0	0	0	0.555
GRIN2A	DLGAP3	0	0	0	0	0	0	0	0	0	0	0.574
GRIN2A	MAGI2	0	0	0	0	0	0	0	0	0	0	0.575
GRIN2A	DLGAP2	0	0	0	0	0	0	0	0	0	0	0.577
GRIN2A	NRXN1	0	0	0	0	0	0	0	0	0	0	0.617
GRIN2A	SHANK3	0	0	0	0	0	0	0	0	0	0	0.638
GRIN2A	AKT1	0	0	0	0	0	0	0	0	0	0	0.659
GRIN2A	HOMER1	0	0	0	0	0	0	0	0	0	0	0.768
GRIN2A	SHISA9	0	0	0	0	0	0	0	0	0	0	0.786
GRIN2A	GRIA3	0	0	0	0	0	0	0	0	0	0	0.886
GRIN2A	CALML4	0	0	0	0	0	0	0	0	0	0	0.897
GRIN2A	GRIA1	0	0	0	0	0	0	0	0	0	0	0.926
GRIN2A	CAMK2A	0	0	0	0	0	0	0	0	0	0	0.968
GRIN2A	DLG1	0	0	0	0	0	0	0	0	0	0	0.979
GRIN2A	FYN	0	0	0	0	0	0	0	0	0	0	0.981
GRIN2A	DLG2	0	0	0	0	0	0	0	0	0	0	0.997
GRIN2A	DLG3	0	0	0	0	0	0	0	0	0	0	0.998
GRIN2A	GRIN1	0	0	0	0	0	0	0	0	0	0	0.999
GRIN2A	GRIN2B	0	0	0	0	0	0	0	0	0	0	0.999
GRIN2A	GRIN3A	0	0	0	0	0	0	0	0	0	0	0.999
GRIN2A	DLG4	0	0	0	0	0	0	0	0	0	0	0.999
HOMER1	GRIA3	0	0	0	0	0	0	0	0	0	0	0.43
HOMER1	PRNP	0	0	0	0	0	0	0	0	0	0	0.521
HOMER1	DLG1	0	0	0	0	0	0	0	0	0	0	0.553
HOMER1	NRXN3	0	0	0	0	0	0	0	0	0	0	0.608
HOMER1	CALML4	0	0	0	0	0	0	0	0	0	0	0.618
HOMER1	GRIN1	0	0	0	0	0	0	0	0	0	0	0.641
HOMER1	NLGN4Y	0	0	0	0	0	0	0	0	0	0	0.649
HOMER1	GRIN2B	0	0	0	0	0	0	0	0	0	0	0.675
HOMER1	NLGN4X	0	0	0	0	0	0	0	0	0	0	0.69
HOMER1	NRXN1	0	0	0	0	0	0	0	0	0	0	0.706
HOMER1	DLG3	0	0	0	0	0	0	0	0	0	0	0.707
HOMER1	NLGN3	0	0	0	0	0	0	0	0	0	0	0.721
HOMER1	NLGN1	0	0	0	0	0	0	0	0	0	0	0.726
HOMER1	GPHN	0	0	0	0	0	0	0	0	0	0	0.733
HOMER1	DLGAP2	0	0	0	0	0	0	0	0	0	0	0.734
HOMER1	CAMK2A	0	0	0	0	0	0	0	0	0	0	0.735
HOMER1	EPB41L1	0	0	0	0	0	0	0	0	0	0	0.747
HOMER1	DLGAP3	0	0	0	0	0	0	0	0	0	0	0.816
HOMER1	DLG2	0	0	0	0	0	0	0	0	0	0	0.821
HOMER1	GRIA1	0	0	0	0	0	0	0	0	0	0	0.873
HOMER1	SHANK2	0	0	0	0	0	0	0	0	0	0	0.937
HOMER1	SHANK3	0	0	0	0	0	0	0	0	0	0	0.957
HOMER1	DLG4	0	0	0	0	0	0	0	0	0	0	0.988
HOMER1	HOMER3	0	0	0	0	0	0	0	0	0	0	0.993
EPB41L1	DLG3	0	0	0	0	0	0	0	0	0	0	0.471
EPB41L1	NRXN3	0	0	0	0	0	0	0	0	0	0	0.528
EPB41L1	NLGN3	0	0	0	0	0	0	0	0	0	0	0.543
EPB41L1	NLGN4Y	0	0	0	0	0	0	0	0	0	0	0.547
EPB41L1	CAMK2A	0	0	0	0	0	0	0	0	0	0	0.571
EPB41L1	NLGN4X	0	0	0	0	0	0	0	0	0	0	0.578
EPB41L1	NRXN1	0	0	0	0	0	0	0	0	0	0	0.592
EPB41L1	NLGN1	0	0	0	0	0	0	0	0	0	0	0.639
EPB41L1	GRIA3	0	0	0	0	0	0	0	0	0	0	0.66
EPB41L1	DLG4	0	0	0	0	0	0	0	0	0	0	0.793
EPB41L1	DLG1	0	0	0	0	0	0	0	0	0	0	0.815
EPB41L1	GRIA1	0	0	0	0	0	0	0	0	0	0	0.997
PTK2	DAG1	0	0	0	0	0	0	0	0	0	0	0.434
PTK2	CTNNB1	0	0	0	0	0	0	0	0	0	0	0.802
PTK2	AKT1	0	0	0	0	0	0	0	0	0	0	0.879
PTK2	PIK3R1	0	0	0	0	0	0	0	0	0	0	0.988
PTK2	PTEN	0	0	0	0	0	0	0	0	0	0	0.995
PTK2	FYN	0	0	0	0	0	0	0	0	0	0	0.998
SHANK2	MAGI2	0	0	0	0	0	0	0	0	0	0	0.413
SHANK2	DLG1	0	0	0	0	0	0	0	0	0	0	0.416
SHANK2	CAMK2A	0	0	0	0	0	0	0	0	0	0	0.442
SHANK2	GRIN1	0	0	0	0	0	0	0	0	0	0	0.475
SHANK2	UBE3A	0	0	0	0	0	0	0	0	0	0	0.486
SHANK2	GPHN	0	0	0	0	0	0	0	0	0	0	0.486
SHANK2	AKT1	0	0	0	0	0	0	0	0	0	0	0.539
SHANK2	GRIN3A	0	0	0	0	0	0	0	0	0	0	0.575
SHANK2	GRIN2B	0	0	0	0	0	0	0	0	0	0	0.628
SHANK2	NRXN3	0	0	0	0	0	0	0	0	0	0	0.725
SHANK2	DLG3	0	0	0	0	0	0	0	0	0	0	0.744
SHANK2	GRIA1	0	0	0	0	0	0	0	0	0	0	0.75
SHANK2	HOMER3	0	0	0	0	0	0	0	0	0	0	0.799
SHANK2	DLG2	0	0	0	0	0	0	0	0	0	0	0.811
SHANK2	NLGN4Y	0	0	0	0	0	0	0	0	0	0	0.85
SHANK2	NRXN1	0	0	0	0	0	0	0	0	0	0	0.914
SHANK2	NLGN1	0	0	0	0	0	0	0	0	0	0	0.914
SHANK2	DLGAP3	0	0	0	0	0	0	0	0	0	0	0.917
SHANK2	NLGN3	0	0	0	0	0	0	0	0	0	0	0.958
SHANK2	NLGN4X	0	0	0	0	0	0	0	0	0	0	0.964
SHANK2	DLGAP2	0	0	0	0	0	0	0	0	0	0	0.969
SHANK2	SHANK3	0	0	0	0	0	0	0	0	0	0	0.98
SHANK2	DLG4	0	0	0	0	0	0	0	0	0	0	0.993
DLG1	NLGN4Y	0	0	0	0	0	0	0	0	0	0	0.402
DLG1	NLGN4X	0	0	0	0	0	0	0	0	0	0	0.414
DLG1	NLGN3	0	0	0	0	0	0	0	0	0	0	0.436
DLG1	CALML4	0	0	0	0	0	0	0	0	0	0	0.457
DLG1	NRXN1	0	0	0	0	0	0	0	0	0	0	0.472
DLG1	NLGN1	0	0	0	0	0	0	0	0	0	0	0.483
DLG1	MAST2	0	0	0	0	0	0	0	0	0	0	0.531
DLG1	MAGI2	0	0	0	0	0	0	0	0	0	0	0.579
DLG1	SHANK3	0	0	0	0	0	0	0	0	0	0	0.587
DLG1	GRIA3	0	0	0	0	0	0	0	0	0	0	0.697
DLG1	DLGAP2	0	0	0	0	0	0	0	0	0	0	0.714
DLG1	CAMK2A	0	0	0	0	0	0	0	0	0	0	0.721
DLG1	CTNNB1	0	0	0	0	0	0	0	0	0	0	0.786
DLG1	GRIN1	0	0	0	0	0	0	0	0	0	0	0.878
DLG1	LLGL2	0	0	0	0	0	0	0	0	0	0	0.916
DLG1	SCRIB	0	0	0	0	0	0	0	0	0	0	0.917
DLG1	DLG4	0	0	0	0	0	0	0	0	0	0	0.956
DLG1	DLG2	0	0	0	0	0	0	0	0	0	0	0.962
DLG1	UBE3A	0	0	0	0	0	0	0	0	0	0	0.974
DLG1	DLG3	0	0	0	0	0	0	0	0	0	0	0.974
DLG1	GRIN2B	0	0	0	0	0	0	0	0	0	0	0.992
DLG1	PTEN	0	0	0	0	0	0	0	0	0	0	0.996
DLG1	GRIA1	0	0	0	0	0	0	0	0	0	0	0.999
MAGI2	GRIA1	0	0	0	0	0	0	0	0	0	0	0.408
MAGI2	DLGAP2	0	0	0	0	0	0	0	0	0	0	0.42
MAGI2	NRXN1	0	0	0	0	0	0	0	0	0	0	0.461
MAGI2	GRIN2B	0	0	0	0	0	0	0	0	0	0	0.595
MAGI2	DLG4	0	0	0	0	0	0	0	0	0	0	0.616
MAGI2	DLGAP3	0	0	0	0	0	0	0	0	0	0	0.633
MAGI2	DAG1	0	0	0	0	0	0	0	0	0	0	0.669
MAGI2	NLGN4Y	0	0	0	0	0	0	0	0	0	0	0.743
MAGI2	NLGN4X	0	0	0	0	0	0	0	0	0	0	0.763
MAGI2	NLGN3	0	0	0	0	0	0	0	0	0	0	0.779
MAGI2	MAST2	0	0	0	0	0	0	0	0	0	0	0.84
MAGI2	NLGN1	0	0	0	0	0	0	0	0	0	0	0.893
MAGI2	CTNNB1	0	0	0	0	0	0	0	0	0	0	0.986
MAGI2	PTEN	0	0	0	0	0	0	0	0	0	0	0.998
FYN	GRIA1	0	0	0	0	0	0	0	0	0	0	0.451
FYN	DAG1	0	0	0	0	0	0	0	0	0	0	0.484
FYN	PTEN	0	0	0	0	0	0	0	0	0	0	0.657
FYN	CALML4	0	0	0	0	0	0	0	0	0	0	0.679
FYN	DLG3	0	0	0	0	0	0	0	0	0	0	0.705
FYN	GRIN1	0	0	0	0	0	0	0	0	0	0	0.743
FYN	DLG2	0	0	0	0	0	0	0	0	0	0	0.766
FYN	AKT1	0	0	0	0	0	0	0	0	0	0	0.834
FYN	CTNNB1	0	0	0	0	0	0	0	0	0	0	0.986
FYN	PIK3R1	0	0	0	0	0	0	0	0	0	0	0.988
FYN	PRNP	0	0	0	0	0	0	0	0	0	0	0.99
FYN	GRIN2B	0	0	0	0	0	0	0	0	0	0	0.993
FYN	DLG4	0	0	0	0	0	0	0	0	0	0	0.996
NLGN4Y	GRIA1	0	0	0	0	0	0	0	0	0	0	0.412
NLGN4Y	GRIN2B	0	0	0	0	0	0	0	0	0	0	0.448
NLGN4Y	PTEN	0	0	0	0	0	0	0	0	0	0	0.464
NLGN4Y	GPHN	0	0	0	0	0	0	0	0	0	0	0.478
NLGN4Y	PRNP	0	0	0	0	0	0	0	0	0	0	0.487
NLGN4Y	CTNNB1	0	0	0	0	0	0	0	0	0	0	0.498
NLGN4Y	MDGA1	0	0	0	0	0	0	0	0	0	0	0.505
NLGN4Y	NLGN4X	0	0	0	0	0	0	0	0	0	0	0.519
NLGN4Y	NLGN1	0	0	0	0	0	0	0	0	0	0	0.523
NLGN4Y	HOMER3	0	0	0	0	0	0	0	0	0	0	0.608
NLGN4Y	DLGAP3	0	0	0	0	0	0	0	0	0	0	0.66
NLGN4Y	DLGAP2	0	0	0	0	0	0	0	0	0	0	0.669
NLGN4Y	DLG2	0	0	0	0	0	0	0	0	0	0	0.696
NLGN4Y	NLGN3	0	0	0	0	0	0	0	0	0	0	0.697
NLGN4Y	NRXN3	0	0	0	0	0	0	0	0	0	0	0.827
NLGN4Y	DLG3	0	0	0	0	0	0	0	0	0	0	0.848
NLGN4Y	SHANK3	0	0	0	0	0	0	0	0	0	0	0.899
NLGN4Y	DLG4	0	0	0	0	0	0	0	0	0	0	0.986
NLGN4Y	NRXN1	0	0	0	0	0	0	0	0	0	0	0.999
SCRIB	GRIN2B	0	0	0	0	0	0	0	0	0	0	0.494
SCRIB	PRKCZ	0	0	0	0	0	0	0	0	0	0	0.657
SCRIB	AKT1	0	0	0	0	0	0	0	0	0	0	0.712
SCRIB	PTEN	0	0	0	0	0	0	0	0	0	0	0.834
SCRIB	DLG2	0	0	0	0	0	0	0	0	0	0	0.856
SCRIB	CTNNB1	0	0	0	0	0	0	0	0	0	0	0.88
SCRIB	DLG3	0	0	0	0	0	0	0	0	0	0	0.908
SCRIB	DLG4	0	0	0	0	0	0	0	0	0	0	0.921
SCRIB	LLGL2	0	0	0	0	0	0	0	0	0	0	0.959
SCRIB	UBE3A	0	0	0	0	0	0	0	0	0	0	0.98
NLGN3	NXPH1	0	0	0	0	0	0	0	0	0	0	0.418
NLGN3	GRIN1	0	0	0	0	0	0	0	0	0	0	0.446
NLGN3	PRNP	0	0	0	0	0	0	0	0	0	0	0.48
NLGN3	CTNNB1	0	0	0	0	0	0	0	0	0	0	0.513
NLGN3	GRIA1	0	0	0	0	0	0	0	0	0	0	0.536
NLGN3	GRIN2B	0	0	0	0	0	0	0	0	0	0	0.573
NLGN3	PTEN	0	0	0	0	0	0	0	0	0	0	0.591
NLGN3	GPHN	0	0	0	0	0	0	0	0	0	0	0.648
NLGN3	HOMER3	0	0	0	0	0	0	0	0	0	0	0.65
NLGN3	UBE3A	0	0	0	0	0	0	0	0	0	0	0.667
NLGN3	MDGA1	0	0	0	0	0	0	0	0	0	0	0.686
NLGN3	DLGAP3	0	0	0	0	0	0	0	0	0	0	0.763
NLGN3	DLG2	0	0	0	0	0	0	0	0	0	0	0.776
NLGN3	NLGN4X	0	0	0	0	0	0	0	0	0	0	0.796
NLGN3	NLGN1	0	0	0	0	0	0	0	0	0	0	0.799
NLGN3	DLGAP2	0	0	0	0	0	0	0	0	0	0	0.839
NLGN3	DLG3	0	0	0	0	0	0	0	0	0	0	0.885
NLGN3	NRXN3	0	0	0	0	0	0	0	0	0	0	0.94
NLGN3	SHANK3	0	0	0	0	0	0	0	0	0	0	0.993
NLGN3	DLG4	0	0	0	0	0	0	0	0	0	0	0.995
NLGN3	NRXN1	0	0	0	0	0	0	0	0	0	0	0.999
MAST2	PTEN	0	0	0	0	0	0	0	0	0	0	0.993
GRIN3A	DLG3	0	0	0	0	0	0	0	0	0	0	0.68
GRIN3A	SHISA9	0	0	0	0	0	0	0	0	0	0	0.784
GRIN3A	GRIA3	0	0	0	0	0	0	0	0	0	0	0.802
GRIN3A	GRIA1	0	0	0	0	0	0	0	0	0	0	0.815
GRIN3A	DLG4	0	0	0	0	0	0	0	0	0	0	0.966
GRIN3A	GRIN1	0	0	0	0	0	0	0	0	0	0	0.999
GRIN3A	GRIN2B	0	0	0	0	0	0	0	0	0	0	0.999
PSMD4	SPOP	0	0	0	0	0	0	0	0	0	0	0.425
PSMD4	UBE2L3	0	0	0	0	0	0	0	0	0	0	0.434
PSMD4	UBE2D2	0	0	0	0	0	0	0	0	0	0	0.501
PSMD4	PTEN	0	0	0	0	0	0	0	0	0	0	0.606
PSMD4	UBE2D1	0	0	0	0	0	0	0	0	0	0	0.668
PSMD4	PRNP	0	0	0	0	0	0	0	0	0	0	0.68
PSMD4	UBE3A	0	0	0	0	0	0	0	0	0	0	0.994
PSMD4	RAD23A	0	0	0	0	0	0	0	0	0	0	0.999
GRIN1	NLGN4X	0	0	0	0	0	0	0	0	0	0	0.422
GRIN1	DLGAP2	0	0	0	0	0	0	0	0	0	0	0.442
GRIN1	GPHN	0	0	0	0	0	0	0	0	0	0	0.446
GRIN1	NRXN1	0	0	0	0	0	0	0	0	0	0	0.449
GRIN1	DLGAP3	0	0	0	0	0	0	0	0	0	0	0.507
GRIN1	SHANK3	0	0	0	0	0	0	0	0	0	0	0.568
GRIN1	NLGN1	0	0	0	0	0	0	0	0	0	0	0.611
GRIN1	SHISA9	0	0	0	0	0	0	0	0	0	0	0.75
GRIN1	DLG2	0	0	0	0	0	0	0	0	0	0	0.761
GRIN1	GRIA3	0	0	0	0	0	0	0	0	0	0	0.877
GRIN1	DLG3	0	0	0	0	0	0	0	0	0	0	0.879
GRIN1	GRIA1	0	0	0	0	0	0	0	0	0	0	0.907
GRIN1	CAMK2A	0	0	0	0	0	0	0	0	0	0	0.911
GRIN1	CALML4	0	0	0	0	0	0	0	0	0	0	0.964
GRIN1	DLG4	0	0	0	0	0	0	0	0	0	0	0.998
GRIN1	GRIN2B	0	0	0	0	0	0	0	0	0	0	0.999
PTEN	UBE2D2	0	0	0	0	0	0	0	0	0	0	0.407
PTEN	CALML4	0	0	0	0	0	0	0	0	0	0	0.413
PTEN	SHANK3	0	0	0	0	0	0	0	0	0	0	0.483
PTEN	NLGN1	0	0	0	0	0	0	0	0	0	0	0.496
PTEN	GRIN2B	0	0	0	0	0	0	0	0	0	0	0.547
PTEN	NLGN4X	0	0	0	0	0	0	0	0	0	0	0.556
PTEN	UBE2L3	0	0	0	0	0	0	0	0	0	0	0.571
PTEN	DLG4	0	0	0	0	0	0	0	0	0	0	0.745
PTEN	CTNNB1	0	0	0	0	0	0	0	0	0	0	0.943
PTEN	PRKCZ	0	0	0	0	0	0	0	0	0	0	0.958
PTEN	UBE3A	0	0	0	0	0	0	0	0	0	0	0.96
PTEN	AKT1	0	0	0	0	0	0	0	0	0	0	0.988
PTEN	SPOP	0	0	0	0	0	0	0	0	0	0	0.99
PTEN	PIK3R1	0	0	0	0	0	0	0	0	0	0	0.997
DLGAP3	CAMK2A	0	0	0	0	0	0	0	0	0	0	0.451
DLGAP3	GRIA1	0	0	0	0	0	0	0	0	0	0	0.507
DLGAP3	NRXN3	0	0	0	0	0	0	0	0	0	0	0.634
DLGAP3	HOMER3	0	0	0	0	0	0	0	0	0	0	0.72
DLGAP3	NRXN1	0	0	0	0	0	0	0	0	0	0	0.733
DLGAP3	NLGN4X	0	0	0	0	0	0	0	0	0	0	0.737
DLGAP3	NLGN1	0	0	0	0	0	0	0	0	0	0	0.737
DLGAP3	GRIN2B	0	0	0	0	0	0	0	0	0	0	0.753
DLGAP3	DLG3	0	0	0	0	0	0	0	0	0	0	0.835
DLGAP3	DLG2	0	0	0	0	0	0	0	0	0	0	0.847
DLGAP3	DLGAP2	0	0	0	0	0	0	0	0	0	0	0.868
DLGAP3	SHANK3	0	0	0	0	0	0	0	0	0	0	0.992
DLGAP3	DLG4	0	0	0	0	0	0	0	0	0	0	0.993
UBE2D1	CTNNB1	0	0	0	0	0	0	0	0	0	0	0.456
UBE2D1	SPOP	0	0	0	0	0	0	0	0	0	0	0.505
UBE2D1	UBE2L3	0	0	0	0	0	0	0	0	0	0	0.654
UBE2D1	UBE2D2	0	0	0	0	0	0	0	0	0	0	0.943
UBE2D1	UBE3A	0	0	0	0	0	0	0	0	0	0	0.984
DLG3	GPHN	0	0	0	0	0	0	0	0	0	0	0.472
DLG3	SHISA9	0	0	0	0	0	0	0	0	0	0	0.513
DLG3	NRXN3	0	0	0	0	0	0	0	0	0	0	0.593
DLG3	HOMER3	0	0	0	0	0	0	0	0	0	0	0.633
DLG3	GRIA3	0	0	0	0	0	0	0	0	0	0	0.644
DLG3	CAMK2A	0	0	0	0	0	0	0	0	0	0	0.688
DLG3	NRXN1	0	0	0	0	0	0	0	0	0	0	0.717
DLG3	SHANK3	0	0	0	0	0	0	0	0	0	0	0.759
DLG3	GRIA1	0	0	0	0	0	0	0	0	0	0	0.815
DLG3	NLGN4X	0	0	0	0	0	0	0	0	0	0	0.863
DLG3	DLGAP2	0	0	0	0	0	0	0	0	0	0	0.872
DLG3	LLGL2	0	0	0	0	0	0	0	0	0	0	0.887
DLG3	NLGN1	0	0	0	0	0	0	0	0	0	0	0.892
DLG3	UBE3A	0	0	0	0	0	0	0	0	0	0	0.913
DLG3	DLG2	0	0	0	0	0	0	0	0	0	0	0.984
DLG3	DLG4	0	0	0	0	0	0	0	0	0	0	0.997
DLG3	GRIN2B	0	0	0	0	0	0	0	0	0	0	0.998
DLG2	CACNB4	0	0	0	0	0	0	0	0	0	0	0.455
DLG2	GPHN	0	0	0	0	0	0	0	0	0	0	0.607
DLG2	HOMER3	0	0	0	0	0	0	0	0	0	0	0.645
DLG2	GRIA3	0	0	0	0	0	0	0	0	0	0	0.655
DLG2	NRXN3	0	0	0	0	0	0	0	0	0	0	0.682
DLG2	CAMK2A	0	0	0	0	0	0	0	0	0	0	0.688
DLG2	NLGN4X	0	0	0	0	0	0	0	0	0	0	0.713
DLG2	NRXN1	0	0	0	0	0	0	0	0	0	0	0.778
DLG2	DLGAP2	0	0	0	0	0	0	0	0	0	0	0.811
DLG2	LLGL2	0	0	0	0	0	0	0	0	0	0	0.844
DLG2	NLGN1	0	0	0	0	0	0	0	0	0	0	0.868
DLG2	GRIA1	0	0	0	0	0	0	0	0	0	0	0.908
DLG2	UBE3A	0	0	0	0	0	0	0	0	0	0	0.913
DLG2	SHANK3	0	0	0	0	0	0	0	0	0	0	0.919
DLG2	DLG4	0	0	0	0	0	0	0	0	0	0	0.969
DLG2	GRIN2B	0	0	0	0	0	0	0	0	0	0	0.996
PRKCZ	CTNNB1	0	0	0	0	0	0	0	0	0	0	0.653
PRKCZ	PIK3R1	0	0	0	0	0	0	0	0	0	0	0.933
PRKCZ	AKT1	0	0	0	0	0	0	0	0	0	0	0.974
PRKCZ	LLGL2	0	0	0	0	0	0	0	0	0	0	0.994
NLGN4X	NXPH1	0	0	0	0	0	0	0	0	0	0	0.407
NLGN4X	PRNP	0	0	0	0	0	0	0	0	0	0	0.475
NLGN4X	CTNNB1	0	0	0	0	0	0	0	0	0	0	0.508
NLGN4X	GRIA1	0	0	0	0	0	0	0	0	0	0	0.514
NLGN4X	GRIN2B	0	0	0	0	0	0	0	0	0	0	0.546
NLGN4X	NLGN1	0	0	0	0	0	0	0	0	0	0	0.548
NLGN4X	MDGA1	0	0	0	0	0	0	0	0	0	0	0.613
NLGN4X	HOMER3	0	0	0	0	0	0	0	0	0	0	0.619
NLGN4X	UBE3A	0	0	0	0	0	0	0	0	0	0	0.633
NLGN4X	GPHN	0	0	0	0	0	0	0	0	0	0	0.767
NLGN4X	DLGAP2	0	0	0	0	0	0	0	0	0	0	0.841
NLGN4X	NRXN3	0	0	0	0	0	0	0	0	0	0	0.859
NLGN4X	SHANK3	0	0	0	0	0	0	0	0	0	0	0.995
NLGN4X	DLG4	0	0	0	0	0	0	0	0	0	0	0.995
NLGN4X	NRXN1	0	0	0	0	0	0	0	0	0	0	0.999
LLGL2	UBE3A	0	0	0	0	0	0	0	0	0	0	0.901
LLGL2	DLG4	0	0	0	0	0	0	0	0	0	0	0.982
SPOP	CTNNB1	0	0	0	0	0	0	0	0	0	0	0.407
SPOP	PIK3R1	0	0	0	0	0	0	0	0	0	0	0.421
SPOP	UBE2D2	0	0	0	0	0	0	0	0	0	0	0.662
UBE2D2	RAD23A	0	0	0	0	0	0	0	0	0	0	0.404
UBE2D2	CTNNB1	0	0	0	0	0	0	0	0	0	0	0.429
UBE2D2	UBE2L3	0	0	0	0	0	0	0	0	0	0	0.683
UBE2D2	UBE3A	0	0	0	0	0	0	0	0	0	0	0.984
NXPH1	NLGN1	0	0	0	0	0	0	0	0	0	0	0.525
NXPH1	NRXN3	0	0	0	0	0	0	0	0	0	0	0.671
NXPH1	NRXN1	0	0	0	0	0	0	0	0	0	0	0.973
NRXN1	GRIA3	0	0	0	0	0	0	0	0	0	0	0.509
NRXN1	UBE3A	0	0	0	0	0	0	0	0	0	0	0.532
NRXN1	CAMK2A	0	0	0	0	0	0	0	0	0	0	0.542
NRXN1	MDGA1	0	0	0	0	0	0	0	0	0	0	0.592
NRXN1	GRIA1	0	0	0	0	0	0	0	0	0	0	0.6
NRXN1	HOMER3	0	0	0	0	0	0	0	0	0	0	0.619
NRXN1	NRXN3	0	0	0	0	0	0	0	0	0	0	0.752
NRXN1	DLGAP2	0	0	0	0	0	0	0	0	0	0	0.803
NRXN1	GPHN	0	0	0	0	0	0	0	0	0	0	0.831
NRXN1	GRIN2B	0	0	0	0	0	0	0	0	0	0	0.832
NRXN1	SHANK3	0	0	0	0	0	0	0	0	0	0	0.961
NRXN1	DLG4	0	0	0	0	0	0	0	0	0	0	0.991
NRXN1	DAG1	0	0	0	0	0	0	0	0	0	0	0.998
NRXN1	NLGN1	0	0	0	0	0	0	0	0	0	0	0.999
NLGN1	CAMK2A	0	0	0	0	0	0	0	0	0	0	0.414
NLGN1	PRNP	0	0	0	0	0	0	0	0	0	0	0.538
NLGN1	UBE3A	0	0	0	0	0	0	0	0	0	0	0.548
NLGN1	CTNNB1	0	0	0	0	0	0	0	0	0	0	0.553
NLGN1	GRIA1	0	0	0	0	0	0	0	0	0	0	0.633
NLGN1	HOMER3	0	0	0	0	0	0	0	0	0	0	0.643
NLGN1	MDGA1	0	0	0	0	0	0	0	0	0	0	0.676
NLGN1	GPHN	0	0	0	0	0	0	0	0	0	0	0.722
NLGN1	GRIN2B	0	0	0	0	0	0	0	0	0	0	0.755
NLGN1	DLGAP2	0	0	0	0	0	0	0	0	0	0	0.811
NLGN1	NRXN3	0	0	0	0	0	0	0	0	0	0	0.964
NLGN1	SHANK3	0	0	0	0	0	0	0	0	0	0	0.978
NLGN1	DLG4	0	0	0	0	0	0	0	0	0	0	0.999
PRNP	AKT1	0	0	0	0	0	0	0	0	0	0	0.424
PRNP	GRIN2B	0	0	0	0	0	0	0	0	0	0	0.452
PRNP	DLG4	0	0	0	0	0	0	0	0	0	0	0.507
UBE2L3	RAD23A	0	0	0	0	0	0	0	0	0	0	0.437
UBE2L3	UBE3A	0	0	0	0	0	0	0	0	0	0	0.999
GPHN	NRXN3	0	0	0	0	0	0	0	0	0	0	0.404
GPHN	CAMK2A	0	0	0	0	0	0	0	0	0	0	0.418
GPHN	AKT1	0	0	0	0	0	0	0	0	0	0	0.472
GPHN	GRIN2B	0	0	0	0	0	0	0	0	0	0	0.526
GPHN	SHANK3	0	0	0	0	0	0	0	0	0	0	0.541
GPHN	GRIA1	0	0	0	0	0	0	0	0	0	0	0.621
GPHN	DLG4	0	0	0	0	0	0	0	0	0	0	0.884
CALML4	ADORA2A	0	0	0	0	0	0	0	0	0	0	0.446
CALML4	HOMER3	0	0	0	0	0	0	0	0	0	0	0.527
CALML4	GRIA1	0	0	0	0	0	0	0	0	0	0	0.586
CALML4	CTNNB1	0	0	0	0	0	0	0	0	0	0	0.631
CALML4	AKT1	0	0	0	0	0	0	0	0	0	0	0.713
CALML4	DLG4	0	0	0	0	0	0	0	0	0	0	0.892
CALML4	GRIN2B	0	0	0	0	0	0	0	0	0	0	0.926
CALML4	CAMK2A	0	0	0	0	0	0	0	0	0	0	0.999
PIK3R1	CTNNB1	0	0	0	0	0	0	0	0	0	0	0.858
PIK3R1	AKT1	0	0	0	0	0	0	0	0	0	0	0.995
GRIA1	NRXN3	0	0	0	0	0	0	0	0	0	0	0.404
GRIA1	DLGAP2	0	0	0	0	0	0	0	0	0	0	0.427
GRIA1	CACNB4	0	0	0	0	0	0	0	0	0	0	0.45
GRIA1	AKT1	0	0	0	0	0	0	0	0	0	0	0.48
GRIA1	UBE3A	0	0	0	0	0	0	0	0	0	0	0.592
GRIA1	SHANK3	0	0	0	0	0	0	0	0	0	0	0.623
GRIA1	GRIN2B	0	0	0	0	0	0	0	0	0	0	0.934
GRIA1	SHISA9	0	0	0	0	0	0	0	0	0	0	0.984
GRIA1	DLG4	0	0	0	0	0	0	0	0	0	0	0.994
GRIA1	GRIA3	0	0	0	0	0	0	0	0	0	0	0.999
GRIA1	CAMK2A	0	0	0	0	0	0	0	0	0	0	0.999
CACNB4	CAMK2A	0	0	0	0	0	0	0	0	0	0	0.717
HOMER3	AKT1	0	0	0	0	0	0	0	0	0	0	0.421
HOMER3	GRIN2B	0	0	0	0	0	0	0	0	0	0	0.466
HOMER3	NRXN3	0	0	0	0	0	0	0	0	0	0	0.516
HOMER3	DLGAP2	0	0	0	0	0	0	0	0	0	0	0.698
HOMER3	DLG4	0	0	0	0	0	0	0	0	0	0	0.868
HOMER3	SHANK3	0	0	0	0	0	0	0	0	0	0	0.884
DAG1	NRXN3	0	0	0	0	0	0	0	0	0	0	0.47
AKT1	ADORA2A	0	0	0	0	0	0	0	0	0	0	0.428
AKT1	GRIN2B	0	0	0	0	0	0	0	0	0	0	0.51
AKT1	SHANK3	0	0	0	0	0	0	0	0	0	0	0.548
AKT1	DLG4	0	0	0	0	0	0	0	0	0	0	0.747
AKT1	CTNNB1	0	0	0	0	0	0	0	0	0	0	0.979
SHISA9	GRIN2B	0	0	0	0	0	0	0	0	0	0	0.779
SHISA9	GRIA3	0	0	0	0	0	0	0	0	0	0	0.824
SHISA9	DLG4	0	0	0	0	0	0	0	0	0	0	0.858
RAD23A	UBE3A	0	0	0	0	0	0	0	0	0	0	0.974
GRIN2B	ADORA2A	0	0	0	0	0	0	0	0	0	0	0.414
GRIN2B	NRXN3	0	0	0	0	0	0	0	0	0	0	0.414
GRIN2B	DLGAP2	0	0	0	0	0	0	0	0	0	0	0.514
GRIN2B	CTNNB1	0	0	0	0	0	0	0	0	0	0	0.757
GRIN2B	SHANK3	0	0	0	0	0	0	0	0	0	0	0.785
GRIN2B	GRIA3	0	0	0	0	0	0	0	0	0	0	0.823
GRIN2B	DLG4	0	0	0	0	0	0	0	0	0	0	0.999
GRIN2B	CAMK2A	0	0	0	0	0	0	0	0	0	0	0.999
GRIA3	CAMK2A	0	0	0	0	0	0	0	0	0	0	0.808
GRIA3	DLG4	0	0	0	0	0	0	0	0	0	0	0.873
SHANK3	CAMK2A	0	0	0	0	0	0	0	0	0	0	0.509
SHANK3	UBE3A	0	0	0	0	0	0	0	0	0	0	0.647
SHANK3	NRXN3	0	0	0	0	0	0	0	0	0	0	0.703
SHANK3	DLGAP2	0	0	0	0	0	0	0	0	0	0	0.988
SHANK3	DLG4	0	0	0	0	0	0	0	0	0	0	0.996
NRXN3	CAMK2A	0	0	0	0	0	0	0	0	0	0	0.404
NRXN3	DLGAP2	0	0	0	0	0	0	0	0	0	0	0.645
NRXN3	DLG4	0	0	0	0	0	0	0	0	0	0	0.858
DLGAP2	CAMK2A	0	0	0	0	0	0	0	0	0	0	0.436
DLGAP2	DLG4	0	0	0	0	0	0	0	0	0	0	0.891
CTNNB1	DLG4	0	0	0	0	0	0	0	0	0	0	0.538
CTNNB1	UBE3A	0	0	0	0	0	0	0	0	0	0	0.974
UBE3A	DLG4	0	0	0	0	0	0	0	0	0	0	0.447
DLG4	CAMK2A	0	0	0	0	0	0	0	0	0	0	0.92
CBLN1	DLG4	0	0	0	0	0	0	0	0	0	0	0.402
CBLN1	NLGN3	0	0	0	0	0	0	0	0	0	0	0.507
CBLN1	NLGN2	0	0	0	0	0	0	0	0	0	0	0.559
CBLN1	NLGN4X	0	0	0	0	0	0	0	0	0	0	0.56
CBLN1	NRXN3	0	0	0	0	0	0	0	0	0	0	0.565
CBLN1	NLGN1	0	0	0	0	0	0	0	0	0	0	0.611
CBLN1	LRRTM2	0	0	0	0	0	0	0	0	0	0	0.717
CBLN1	NRXN2	0	0	0	0	0	0	0	0	0	0	0.989
CBLN1	NRXN1	0	0	0	0	0	0	0	0	0	0	0.994
TSC2	NLGN4X	0	0	0	0	0	0	0	0	0	0	0.459
TSC2	NLGN3	0	0	0	0	0	0	0	0	0	0	0.471
TSC2	PTK2	0	0	0	0	0	0	0	0	0	0	0.476
TSC2	CTNNB1	0	0	0	0	0	0	0	0	0	0	0.517
TSC2	PIK3R1	0	0	0	0	0	0	0	0	0	0	0.524
TSC2	SHANK3	0	0	0	0	0	0	0	0	0	0	0.537
TSC2	PIK3CA	0	0	0	0	0	0	0	0	0	0	0.687
TSC2	TP53	0	0	0	0	0	0	0	0	0	0	0.713
TSC2	PTEN	0	0	0	0	0	0	0	0	0	0	0.889
TSC2	UBE3A	0	0	0	0	0	0	0	0	0	0	0.981
TSC2	AKT1	0	0	0	0	0	0	0	0	0	0	0.99
CACNG1	CAMK2A	0	0	0	0	0	0	0	0	0	0	0.725
CACNG1	CACNB4	0	0	0	0	0	0	0	0	0	0	0.935
CACNG1	CACNG2	0	0	0	0	0	0	0	0	0	0	0.962
CACNG1	CACNG8	0	0	0	0	0	0	0	0	0	0	0.968
GRIN3B	GRM5	0	0	0	0	0	0	0	0	0	0	0.419
GRIN3B	GRM1	0	0	0	0	0	0	0	0	0	0	0.466
GRIN3B	DLG3	0	0	0	0	0	0	0	0	0	0	0.598
GRIN3B	CNIH2	0	0	0	0	0	0	0	0	0	0	0.746
GRIN3B	SHISA9	0	0	0	0	0	0	0	0	0	0	0.748
GRIN3B	CACNG8	0	0	0	0	0	0	0	0	0	0	0.758
GRIN3B	GRIA2	0	0	0	0	0	0	0	0	0	0	0.787
GRIN3B	GRIA3	0	0	0	0	0	0	0	0	0	0	0.791
GRIN3B	GRIA4	0	0	0	0	0	0	0	0	0	0	0.811
GRIN3B	GRIA1	0	0	0	0	0	0	0	0	0	0	0.84
GRIN3B	CACNG2	0	0	0	0	0	0	0	0	0	0	0.845
GRIN3B	DLG4	0	0	0	0	0	0	0	0	0	0	0.942
GRIN3B	GRIN3A	0	0	0	0	0	0	0	0	0	0	0.995
GRIN3B	GRIN2C	0	0	0	0	0	0	0	0	0	0	0.996
GRIN3B	GRIN2B	0	0	0	0	0	0	0	0	0	0	0.996
GRIN3B	GRIN2D	0	0	0	0	0	0	0	0	0	0	0.996
GRIN3B	GRIN2A	0	0	0	0	0	0	0	0	0	0	0.998
GRIN3B	GRIN1	0	0	0	0	0	0	0	0	0	0	0.999
GRIN2D	DLGAP3	0	0	0	0	0	0	0	0	0	0	0.451
GRIN2D	GRM5	0	0	0	0	0	0	0	0	0	0	0.556
GRIN2D	DLG1	0	0	0	0	0	0	0	0	0	0	0.604
GRIN2D	CAMK2A	0	0	0	0	0	0	0	0	0	0	0.607
GRIN2D	DLGAP1	0	0	0	0	0	0	0	0	0	0	0.617
GRIN2D	DLG2	0	0	0	0	0	0	0	0	0	0	0.634
GRIN2D	DLG3	0	0	0	0	0	0	0	0	0	0	0.659
GRIN2D	GRM1	0	0	0	0	0	0	0	0	0	0	0.678
GRIN2D	CALML4	0	0	0	0	0	0	0	0	0	0	0.74
GRIN2D	CALML3	0	0	0	0	0	0	0	0	0	0	0.74
GRIN2D	CALM3	0	0	0	0	0	0	0	0	0	0	0.755
GRIN2D	CNIH2	0	0	0	0	0	0	0	0	0	0	0.761
GRIN2D	SHISA9	0	0	0	0	0	0	0	0	0	0	0.767
GRIN2D	CACNG8	0	0	0	0	0	0	0	0	0	0	0.778
GRIN2D	PRNP	0	0	0	0	0	0	0	0	0	0	0.779
GRIN2D	CACNG2	0	0	0	0	0	0	0	0	0	0	0.795
GRIN2D	GRIA3	0	0	0	0	0	0	0	0	0	0	0.799
GRIN2D	GRIA2	0	0	0	0	0	0	0	0	0	0	0.8
GRIN2D	GRIA1	0	0	0	0	0	0	0	0	0	0	0.816
GRIN2D	GRIA4	0	0	0	0	0	0	0	0	0	0	0.864
GRIN2D	DLG4	0	0	0	0	0	0	0	0	0	0	0.976
GRIN2D	GRIN3A	0	0	0	0	0	0	0	0	0	0	0.998
GRIN2D	GRIN2B	0	0	0	0	0	0	0	0	0	0	0.998
GRIN2D	GRIN2A	0	0	0	0	0	0	0	0	0	0	0.998
GRIN2D	GRIN2C	0	0	0	0	0	0	0	0	0	0	0.998
GRIN2D	GRIN1	0	0	0	0	0	0	0	0	0	0	0.999
PIK3CA	CALML4	0	0	0	0	0	0	0	0	0	0	0.517
PIK3CA	CALML3	0	0	0	0	0	0	0	0	0	0	0.518
PIK3CA	SPOP	0	0	0	0	0	0	0	0	0	0	0.523
PIK3CA	DLG1	0	0	0	0	0	0	0	0	0	0	0.569
PIK3CA	PREX2	0	0	0	0	0	0	0	0	0	0	0.58
PIK3CA	GNAQ	0	0	0	0	0	0	0	0	0	0	0.901
PIK3CA	CTNNB1	0	0	0	0	0	0	0	0	0	0	0.901
PIK3CA	PRKCZ	0	0	0	0	0	0	0	0	0	0	0.925
PIK3CA	TP53	0	0	0	0	0	0	0	0	0	0	0.941
PIK3CA	FYN	0	0	0	0	0	0	0	0	0	0	0.951
PIK3CA	PRKCI	0	0	0	0	0	0	0	0	0	0	0.952
PIK3CA	PTK2	0	0	0	0	0	0	0	0	0	0	0.97
PIK3CA	PTEN	0	0	0	0	0	0	0	0	0	0	0.995
PIK3CA	AKT1	0	0	0	0	0	0	0	0	0	0	0.998
PIK3CA	PIK3R1	0	0	0	0	0	0	0	0	0	0	0.999
NRXN2	CACNG2	0	0	0	0	0	0	0	0	0	0	0.408
NRXN2	GRIN1	0	0	0	0	0	0	0	0	0	0	0.436
NRXN2	GRIN2A	0	0	0	0	0	0	0	0	0	0	0.452
NRXN2	DLG1	0	0	0	0	0	0	0	0	0	0	0.457
NRXN2	CAMK2A	0	0	0	0	0	0	0	0	0	0	0.507
NRXN2	GRIN2B	0	0	0	0	0	0	0	0	0	0	0.516
NRXN2	GRIA1	0	0	0	0	0	0	0	0	0	0	0.538
NRXN2	NRXN3	0	0	0	0	0	0	0	0	0	0	0.585
NRXN2	HOMER2	0	0	0	0	0	0	0	0	0	0	0.592
NRXN2	EPB41L1	0	0	0	0	0	0	0	0	0	0	0.599
NRXN2	GRIA2	0	0	0	0	0	0	0	0	0	0	0.607
NRXN2	MDGA1	0	0	0	0	0	0	0	0	0	0	0.612
NRXN2	HOMER3	0	0	0	0	0	0	0	0	0	0	0.619
NRXN2	GRM1	0	0	0	0	0	0	0	0	0	0	0.676
NRXN2	GRIA4	0	0	0	0	0	0	0	0	0	0	0.684
NRXN2	HOMER1	0	0	0	0	0	0	0	0	0	0	0.687
NRXN2	DLG3	0	0	0	0	0	0	0	0	0	0	0.713
NRXN2	GRM5	0	0	0	0	0	0	0	0	0	0	0.713
NRXN2	DLGAP2	0	0	0	0	0	0	0	0	0	0	0.714
NRXN2	DLGAP3	0	0	0	0	0	0	0	0	0	0	0.719
NRXN2	DLG2	0	0	0	0	0	0	0	0	0	0	0.741
NRXN2	DLGAP1	0	0	0	0	0	0	0	0	0	0	0.743
NRXN2	NXPH1	0	0	0	0	0	0	0	0	0	0	0.827
NRXN2	GPHN	0	0	0	0	0	0	0	0	0	0	0.831
NRXN2	SHANK1	0	0	0	0	0	0	0	0	0	0	0.876
NRXN2	SHANK2	0	0	0	0	0	0	0	0	0	0	0.88
NRXN2	SHANK3	0	0	0	0	0	0	0	0	0	0	0.897
NRXN2	NRXN1	0	0	0	0	0	0	0	0	0	0	0.922
NRXN2	DLG4	0	0	0	0	0	0	0	0	0	0	0.987
NRXN2	LRRTM2	0	0	0	0	0	0	0	0	0	0	0.993
NRXN2	DAG1	0	0	0	0	0	0	0	0	0	0	0.997
NRXN2	NLGN2	0	0	0	0	0	0	0	0	0	0	0.999
NRXN2	NLGN1	0	0	0	0	0	0	0	0	0	0	0.999
NRXN2	NLGN3	0	0	0	0	0	0	0	0	0	0	0.999
NRXN2	NLGN4Y	0	0	0	0	0	0	0	0	0	0	0.999
NRXN2	NLGN4X	0	0	0	0	0	0	0	0	0	0	0.999
TP53	GNAQ	0	0	0	0	0	0	0	0	0	0	0.479
TP53	UBE2L3	0	0	0	0	0	0	0	0	0	0	0.5
TP53	CALM3	0	0	0	0	0	0	0	0	0	0	0.508
TP53	UBE2D2	0	0	0	0	0	0	0	0	0	0	0.531
TP53	DLG1	0	0	0	0	0	0	0	0	0	0	0.533
TP53	SPOP	0	0	0	0	0	0	0	0	0	0	0.571
TP53	UBE2D1	0	0	0	0	0	0	0	0	0	0	0.578
TP53	SCRIB	0	0	0	0	0	0	0	0	0	0	0.587
TP53	CALML4	0	0	0	0	0	0	0	0	0	0	0.657
TP53	RAD23A	0	0	0	0	0	0	0	0	0	0	0.657
TP53	CALML3	0	0	0	0	0	0	0	0	0	0	0.657
TP53	FYN	0	0	0	0	0	0	0	0	0	0	0.657
TP53	PRKCI	0	0	0	0	0	0	0	0	0	0	0.661
TP53	DLG4	0	0	0	0	0	0	0	0	0	0	0.734
TP53	PIK3R1	0	0	0	0	0	0	0	0	0	0	0.853
TP53	PSMD4	0	0	0	0	0	0	0	0	0	0	0.88
TP53	CTNNB1	0	0	0	0	0	0	0	0	0	0	0.927
TP53	PTK2	0	0	0	0	0	0	0	0	0	0	0.928
TP53	PRKCZ	0	0	0	0	0	0	0	0	0	0	0.933
TP53	AKT1	0	0	0	0	0	0	0	0	0	0	0.994
TP53	UBE3A	0	0	0	0	0	0	0	0	0	0	0.999
TP53	PTEN	0	0	0	0	0	0	0	0	0	0	0.999
CACNG8	EPB41L1	0	0	0	0	0	0	0	0	0	0	0.46
CACNG8	NLGN1	0	0	0	0	0	0	0	0	0	0	0.514
CACNG8	DLG1	0	0	0	0	0	0	0	0	0	0	0.584
CACNG8	DLG3	0	0	0	0	0	0	0	0	0	0	0.649
CACNG8	GRIN3A	0	0	0	0	0	0	0	0	0	0	0.743
CACNG8	CACNG2	0	0	0	0	0	0	0	0	0	0	0.748
CACNG8	GRIN2C	0	0	0	0	0	0	0	0	0	0	0.761
CACNG8	CAMK2A	0	0	0	0	0	0	0	0	0	0	0.782
CACNG8	GRIN1	0	0	0	0	0	0	0	0	0	0	0.799
CACNG8	GRIN2A	0	0	0	0	0	0	0	0	0	0	0.812
CACNG8	GRIN2B	0	0	0	0	0	0	0	0	0	0	0.822
CACNG8	DLG4	0	0	0	0	0	0	0	0	0	0	0.901
CACNG8	GRIA3	0	0	0	0	0	0	0	0	0	0	0.936
CACNG8	GRIA4	0	0	0	0	0	0	0	0	0	0	0.936
CACNG8	CACNB4	0	0	0	0	0	0	0	0	0	0	0.94
CACNG8	SHISA9	0	0	0	0	0	0	0	0	0	0	0.948
CACNG8	CNIH2	0	0	0	0	0	0	0	0	0	0	0.99
CACNG8	GRIA2	0	0	0	0	0	0	0	0	0	0	0.994
CACNG8	GRIA1	0	0	0	0	0	0	0	0	0	0	0.996
LRRTM2	MDGA1	0	0	0	0	0	0	0	0	0	0	0.419
LRRTM2	GPHN	0	0	0	0	0	0	0	0	0	0	0.464
LRRTM2	NLGN4Y	0	0	0	0	0	0	0	0	0	0	0.474
LRRTM2	GRIA1	0	0	0	0	0	0	0	0	0	0	0.493
LRRTM2	NLGN2	0	0	0	0	0	0	0	0	0	0	0.65
LRRTM2	GRIA2	0	0	0	0	0	0	0	0	0	0	0.681
LRRTM2	NLGN4X	0	0	0	0	0	0	0	0	0	0	0.724
LRRTM2	NLGN3	0	0	0	0	0	0	0	0	0	0	0.725
LRRTM2	NLGN1	0	0	0	0	0	0	0	0	0	0	0.815
LRRTM2	DLG4	0	0	0	0	0	0	0	0	0	0	0.902
LRRTM2	NRXN3	0	0	0	0	0	0	0	0	0	0	0.92
LRRTM2	NRXN1	0	0	0	0	0	0	0	0	0	0	0.997
GRIA4	HOMER1	0	0	0	0	0	0	0	0	0	0	0.42
GRIA4	NXPH1	0	0	0	0	0	0	0	0	0	0	0.421
GRIA4	DLGAP1	0	0	0	0	0	0	0	0	0	0	0.423
GRIA4	SHANK1	0	0	0	0	0	0	0	0	0	0	0.45
GRIA4	NLGN1	0	0	0	0	0	0	0	0	0	0	0.496
GRIA4	SHANK2	0	0	0	0	0	0	0	0	0	0	0.579
GRIA4	DLG3	0	0	0	0	0	0	0	0	0	0	0.646
GRIA4	GRM1	0	0	0	0	0	0	0	0	0	0	0.653
GRIA4	GRM5	0	0	0	0	0	0	0	0	0	0	0.667
GRIA4	NRXN1	0	0	0	0	0	0	0	0	0	0	0.688
GRIA4	DLG2	0	0	0	0	0	0	0	0	0	0	0.698
GRIA4	EPB41L1	0	0	0	0	0	0	0	0	0	0	0.807
GRIA4	CAMK2A	0	0	0	0	0	0	0	0	0	0	0.814
GRIA4	GRIN2C	0	0	0	0	0	0	0	0	0	0	0.824
GRIA4	DLG1	0	0	0	0	0	0	0	0	0	0	0.828
GRIA4	DLG4	0	0	0	0	0	0	0	0	0	0	0.829
GRIA4	GRIN2B	0	0	0	0	0	0	0	0	0	0	0.853
GRIA4	GRIN3A	0	0	0	0	0	0	0	0	0	0	0.878
GRIA4	GRIN1	0	0	0	0	0	0	0	0	0	0	0.886
GRIA4	GRIN2A	0	0	0	0	0	0	0	0	0	0	0.898
GRIA4	SHISA9	0	0	0	0	0	0	0	0	0	0	0.919
GRIA4	CNIH2	0	0	0	0	0	0	0	0	0	0	0.94
GRIA4	CACNG2	0	0	0	0	0	0	0	0	0	0	0.975
GRIA4	GRIA3	0	0	0	0	0	0	0	0	0	0	0.997
GRIA4	GRIA1	0	0	0	0	0	0	0	0	0	0	0.997
GRIA4	GRIA2	0	0	0	0	0	0	0	0	0	0	0.999
GRM1	AKT1	0	0	0	0	0	0	0	0	0	0	0.421
GRM1	CALML4	0	0	0	0	0	0	0	0	0	0	0.427
GRM1	CALML3	0	0	0	0	0	0	0	0	0	0	0.432
GRM1	CALM3	0	0	0	0	0	0	0	0	0	0	0.445
GRM1	FYN	0	0	0	0	0	0	0	0	0	0	0.45
GRM1	DLG1	0	0	0	0	0	0	0	0	0	0	0.46
GRM1	PIK3R1	0	0	0	0	0	0	0	0	0	0	0.48
GRM1	GRIN3A	0	0	0	0	0	0	0	0	0	0	0.537
GRM1	NLGN4Y	0	0	0	0	0	0	0	0	0	0	0.573
GRM1	DLG3	0	0	0	0	0	0	0	0	0	0	0.598
GRM1	GRIA3	0	0	0	0	0	0	0	0	0	0	0.602
GRM1	NLGN2	0	0	0	0	0	0	0	0	0	0	0.61
GRM1	GRIN2C	0	0	0	0	0	0	0	0	0	0	0.616
GRM1	NLGN4X	0	0	0	0	0	0	0	0	0	0	0.624
GRM1	DLGAP2	0	0	0	0	0	0	0	0	0	0	0.628
GRM1	DLG2	0	0	0	0	0	0	0	0	0	0	0.64
GRM1	NLGN3	0	0	0	0	0	0	0	0	0	0	0.648
GRM1	NLGN1	0	0	0	0	0	0	0	0	0	0	0.652
GRM1	GRIN1	0	0	0	0	0	0	0	0	0	0	0.659
GRM1	NRXN3	0	0	0	0	0	0	0	0	0	0	0.687
GRM1	DLGAP3	0	0	0	0	0	0	0	0	0	0	0.688
GRM1	NRXN1	0	0	0	0	0	0	0	0	0	0	0.705
GRM1	SHANK2	0	0	0	0	0	0	0	0	0	0	0.714
GRM1	GRIN2A	0	0	0	0	0	0	0	0	0	0	0.738
GRM1	GRIN2B	0	0	0	0	0	0	0	0	0	0	0.758
GRM1	SHANK3	0	0	0	0	0	0	0	0	0	0	0.788
GRM1	GRIA2	0	0	0	0	0	0	0	0	0	0	0.809
GRM1	GRIA1	0	0	0	0	0	0	0	0	0	0	0.849
GRM1	DLG4	0	0	0	0	0	0	0	0	0	0	0.862
GRM1	SHANK1	0	0	0	0	0	0	0	0	0	0	0.899
GRM1	DLGAP1	0	0	0	0	0	0	0	0	0	0	0.938
GRM1	CAMK2A	0	0	0	0	0	0	0	0	0	0	0.968
GRM1	GRM5	0	0	0	0	0	0	0	0	0	0	0.977
GRM1	HOMER2	0	0	0	0	0	0	0	0	0	0	0.989
GRM1	HOMER3	0	0	0	0	0	0	0	0	0	0	0.99
GRM1	GNAQ	0	0	0	0	0	0	0	0	0	0	0.998
GRM1	HOMER1	0	0	0	0	0	0	0	0	0	0	0.998
GNAQ	CTNNB1	0	0	0	0	0	0	0	0	0	0	0.56
GNAQ	PTEN	0	0	0	0	0	0	0	0	0	0	0.567
GNAQ	CALML4	0	0	0	0	0	0	0	0	0	0	0.57
GNAQ	CALML3	0	0	0	0	0	0	0	0	0	0	0.581
GNAQ	CALM3	0	0	0	0	0	0	0	0	0	0	0.593
GNAQ	AKT1	0	0	0	0	0	0	0	0	0	0	0.775
GNAQ	PIK3R1	0	0	0	0	0	0	0	0	0	0	0.854
GNAQ	ADORA2A	0	0	0	0	0	0	0	0	0	0	0.959
GNAQ	GRM5	0	0	0	0	0	0	0	0	0	0	0.999
PREX2	AKT1	0	0	0	0	0	0	0	0	0	0	0.444
PREX2	PTEN	0	0	0	0	0	0	0	0	0	0	0.99
CALM3	GRIA2	0	0	0	0	0	0	0	0	0	0	0.434
CALM3	PTEN	0	0	0	0	0	0	0	0	0	0	0.451
CALM3	DLG1	0	0	0	0	0	0	0	0	0	0	0.457
CALM3	CACNB4	0	0	0	0	0	0	0	0	0	0	0.463
CALM3	MAST2	0	0	0	0	0	0	0	0	0	0	0.471
CALM3	PIK3R1	0	0	0	0	0	0	0	0	0	0	0.513
CALM3	GRIN3A	0	0	0	0	0	0	0	0	0	0	0.515
CALM3	ADORA2A	0	0	0	0	0	0	0	0	0	0	0.515
CALM3	HOMER2	0	0	0	0	0	0	0	0	0	0	0.517
CALM3	CTNNB1	0	0	0	0	0	0	0	0	0	0	0.528
CALM3	HOMER3	0	0	0	0	0	0	0	0	0	0	0.533
CALM3	GRIA1	0	0	0	0	0	0	0	0	0	0	0.583
CALM3	HOMER1	0	0	0	0	0	0	0	0	0	0	0.63
CALM3	FYN	0	0	0	0	0	0	0	0	0	0	0.685
CALM3	GRM5	0	0	0	0	0	0	0	0	0	0	0.688
CALM3	GRIN2C	0	0	0	0	0	0	0	0	0	0	0.758
CALM3	AKT1	0	0	0	0	0	0	0	0	0	0	0.802
CALM3	GRIN2A	0	0	0	0	0	0	0	0	0	0	0.901
CALM3	GRIN2B	0	0	0	0	0	0	0	0	0	0	0.91
CALM3	DLG4	0	0	0	0	0	0	0	0	0	0	0.989
CALM3	CALML4	0	0	0	0	0	0	0	0	0	0	0.996
CALM3	GRIN1	0	0	0	0	0	0	0	0	0	0	0.996
CALM3	CALML3	0	0	0	0	0	0	0	0	0	0	0.996
CALM3	CAMK2A	0	0	0	0	0	0	0	0	0	0	0.999
GRIN2C	MAGI2	0	0	0	0	0	0	0	0	0	0	0.409
GRIN2C	SHANK1	0	0	0	0	0	0	0	0	0	0	0.416
GRIN2C	GRM5	0	0	0	0	0	0	0	0	0	0	0.621
GRIN2C	DLG1	0	0	0	0	0	0	0	0	0	0	0.681
GRIN2C	SHISA9	0	0	0	0	0	0	0	0	0	0	0.733
GRIN2C	CAMK2A	0	0	0	0	0	0	0	0	0	0	0.735
GRIN2C	CALML3	0	0	0	0	0	0	0	0	0	0	0.741
GRIN2C	CALML4	0	0	0	0	0	0	0	0	0	0	0.741
GRIN2C	CNIH2	0	0	0	0	0	0	0	0	0	0	0.765
GRIN2C	GRIA3	0	0	0	0	0	0	0	0	0	0	0.809
GRIN2C	CACNG2	0	0	0	0	0	0	0	0	0	0	0.817
GRIN2C	DLG2	0	0	0	0	0	0	0	0	0	0	0.818
GRIN2C	GRIA2	0	0	0	0	0	0	0	0	0	0	0.822
GRIN2C	GRIA1	0	0	0	0	0	0	0	0	0	0	0.829
GRIN2C	DLG3	0	0	0	0	0	0	0	0	0	0	0.872
GRIN2C	DLG4	0	0	0	0	0	0	0	0	0	0	0.99
GRIN2C	GRIN2A	0	0	0	0	0	0	0	0	0	0	0.998
GRIN2C	GRIN2B	0	0	0	0	0	0	0	0	0	0	0.998
GRIN2C	GRIN3A	0	0	0	0	0	0	0	0	0	0	0.998
GRIN2C	GRIN1	0	0	0	0	0	0	0	0	0	0	0.999
SHANK1	GPHN	0	0	0	0	0	0	0	0	0	0	0.416
SHANK1	CACNG2	0	0	0	0	0	0	0	0	0	0	0.418
SHANK1	MAGI2	0	0	0	0	0	0	0	0	0	0	0.418
SHANK1	DLG1	0	0	0	0	0	0	0	0	0	0	0.446
SHANK1	CAMK2A	0	0	0	0	0	0	0	0	0	0	0.533
SHANK1	GRIA2	0	0	0	0	0	0	0	0	0	0	0.563
SHANK1	GRIN1	0	0	0	0	0	0	0	0	0	0	0.596
SHANK1	GRIA1	0	0	0	0	0	0	0	0	0	0	0.619
SHANK1	NRXN3	0	0	0	0	0	0	0	0	0	0	0.696
SHANK1	GRIN2A	0	0	0	0	0	0	0	0	0	0	0.742
SHANK1	GRIN2B	0	0	0	0	0	0	0	0	0	0	0.752
SHANK1	NLGN4Y	0	0	0	0	0	0	0	0	0	0	0.76
SHANK1	DLG3	0	0	0	0	0	0	0	0	0	0	0.778
SHANK1	DLGAP2	0	0	0	0	0	0	0	0	0	0	0.841
SHANK1	NLGN2	0	0	0	0	0	0	0	0	0	0	0.868
SHANK1	DLG2	0	0	0	0	0	0	0	0	0	0	0.878
SHANK1	NRXN1	0	0	0	0	0	0	0	0	0	0	0.887
SHANK1	NLGN4X	0	0	0	0	0	0	0	0	0	0	0.894
SHANK1	NLGN3	0	0	0	0	0	0	0	0	0	0	0.904
SHANK1	DLGAP3	0	0	0	0	0	0	0	0	0	0	0.92
SHANK1	NLGN1	0	0	0	0	0	0	0	0	0	0	0.926
SHANK1	HOMER2	0	0	0	0	0	0	0	0	0	0	0.927
SHANK1	GRM5	0	0	0	0	0	0	0	0	0	0	0.939
SHANK1	HOMER3	0	0	0	0	0	0	0	0	0	0	0.966
SHANK1	SHANK2	0	0	0	0	0	0	0	0	0	0	0.968
SHANK1	SHANK3	0	0	0	0	0	0	0	0	0	0	0.982
SHANK1	HOMER1	0	0	0	0	0	0	0	0	0	0	0.984
SHANK1	DLG4	0	0	0	0	0	0	0	0	0	0	0.992
SHANK1	DLGAP1	0	0	0	0	0	0	0	0	0	0	0.996
PRKCI	PIK3R1	0	0	0	0	0	0	0	0	0	0	0.919
PRKCI	PTEN	0	0	0	0	0	0	0	0	0	0	0.933
PRKCI	PRKCZ	0	0	0	0	0	0	0	0	0	0	0.989
PRKCI	LLGL1	0	0	0	0	0	0	0	0	0	0	0.993
PRKCI	LLGL2	0	0	0	0	0	0	0	0	0	0	0.996
GRIA2	DLGAP3	0	0	0	0	0	0	0	0	0	0	0.401
GRIA2	CALML4	0	0	0	0	0	0	0	0	0	0	0.404
GRIA2	PIK3R1	0	0	0	0	0	0	0	0	0	0	0.415
GRIA2	NRXN3	0	0	0	0	0	0	0	0	0	0	0.416
GRIA2	DLGAP2	0	0	0	0	0	0	0	0	0	0	0.422
GRIA2	NLGN4Y	0	0	0	0	0	0	0	0	0	0	0.426
GRIA2	NLGN4X	0	0	0	0	0	0	0	0	0	0	0.485
GRIA2	EPB41L1	0	0	0	0	0	0	0	0	0	0	0.485
GRIA2	NLGN2	0	0	0	0	0	0	0	0	0	0	0.516
GRIA2	GPHN	0	0	0	0	0	0	0	0	0	0	0.52
GRIA2	NLGN3	0	0	0	0	0	0	0	0	0	0	0.535
GRIA2	SHANK3	0	0	0	0	0	0	0	0	0	0	0.573
GRIA2	HOMER1	0	0	0	0	0	0	0	0	0	0	0.596
GRIA2	CTNNB1	0	0	0	0	0	0	0	0	0	0	0.615
GRIA2	SHANK2	0	0	0	0	0	0	0	0	0	0	0.637
GRIA2	NLGN1	0	0	0	0	0	0	0	0	0	0	0.64
GRIA2	NRXN1	0	0	0	0	0	0	0	0	0	0	0.695
GRIA2	DLGAP1	0	0	0	0	0	0	0	0	0	0	0.722
GRIA2	DLG3	0	0	0	0	0	0	0	0	0	0	0.789
GRIA2	DLG1	0	0	0	0	0	0	0	0	0	0	0.809
GRIA2	DLG2	0	0	0	0	0	0	0	0	0	0	0.815
GRIA2	GRIN3A	0	0	0	0	0	0	0	0	0	0	0.845
GRIA2	GRM5	0	0	0	0	0	0	0	0	0	0	0.852
GRIA2	SHISA9	0	0	0	0	0	0	0	0	0	0	0.855
GRIA2	GRIN2B	0	0	0	0	0	0	0	0	0	0	0.885
GRIA2	GRIN1	0	0	0	0	0	0	0	0	0	0	0.901
GRIA2	GRIN2A	0	0	0	0	0	0	0	0	0	0	0.933
GRIA2	DLG4	0	0	0	0	0	0	0	0	0	0	0.968
GRIA2	CAMK2A	0	0	0	0	0	0	0	0	0	0	0.977
GRIA2	CNIH2	0	0	0	0	0	0	0	0	0	0	0.99
GRIA2	CACNG2	0	0	0	0	0	0	0	0	0	0	0.995
GRIA2	GRIA1	0	0	0	0	0	0	0	0	0	0	0.999
GRIA2	GRIA3	0	0	0	0	0	0	0	0	0	0	0.999
CACNG2	NLGN1	0	0	0	0	0	0	0	0	0	0	0.413
CACNG2	NRXN1	0	0	0	0	0	0	0	0	0	0	0.435
CACNG2	HOMER1	0	0	0	0	0	0	0	0	0	0	0.446
CACNG2	EPB41L1	0	0	0	0	0	0	0	0	0	0	0.67
CACNG2	DLGAP1	0	0	0	0	0	0	0	0	0	0	0.751
CACNG2	DLG2	0	0	0	0	0	0	0	0	0	0	0.783
CACNG2	CAMK2A	0	0	0	0	0	0	0	0	0	0	0.808
CACNG2	GRIN3A	0	0	0	0	0	0	0	0	0	0	0.852
CACNG2	GRIN2A	0	0	0	0	0	0	0	0	0	0	0.88
CACNG2	GRIN2B	0	0	0	0	0	0	0	0	0	0	0.893
CACNG2	GRIN1	0	0	0	0	0	0	0	0	0	0	0.894
CACNG2	DLG3	0	0	0	0	0	0	0	0	0	0	0.9
CACNG2	CNIH2	0	0	0	0	0	0	0	0	0	0	0.906
CACNG2	MAGI2	0	0	0	0	0	0	0	0	0	0	0.915
CACNG2	DLG1	0	0	0	0	0	0	0	0	0	0	0.941
CACNG2	CACNB4	0	0	0	0	0	0	0	0	0	0	0.951
CACNG2	SHISA9	0	0	0	0	0	0	0	0	0	0	0.973
CACNG2	GRIA3	0	0	0	0	0	0	0	0	0	0	0.984
CACNG2	DLG4	0	0	0	0	0	0	0	0	0	0	0.999
CACNG2	GRIA1	0	0	0	0	0	0	0	0	0	0	0.999
NLGN2	CAMK2A	0	0	0	0	0	0	0	0	0	0	0.411
NLGN2	NXPH1	0	0	0	0	0	0	0	0	0	0	0.414
NLGN2	DLG1	0	0	0	0	0	0	0	0	0	0	0.44
NLGN2	PTEN	0	0	0	0	0	0	0	0	0	0	0.455
NLGN2	GRIN1	0	0	0	0	0	0	0	0	0	0	0.469
NLGN2	PRNP	0	0	0	0	0	0	0	0	0	0	0.485
NLGN2	GRIN2B	0	0	0	0	0	0	0	0	0	0	0.496
NLGN2	CTNNB1	0	0	0	0	0	0	0	0	0	0	0.499
NLGN2	GRIN2A	0	0	0	0	0	0	0	0	0	0	0.521
NLGN2	NLGN4Y	0	0	0	0	0	0	0	0	0	0	0.525
NLGN2	GRIA1	0	0	0	0	0	0	0	0	0	0	0.532
NLGN2	DAG1	0	0	0	0	0	0	0	0	0	0	0.59
NLGN2	EPB41L1	0	0	0	0	0	0	0	0	0	0	0.624
NLGN2	HOMER2	0	0	0	0	0	0	0	0	0	0	0.647
NLGN2	GRM5	0	0	0	0	0	0	0	0	0	0	0.668
NLGN2	NLGN3	0	0	0	0	0	0	0	0	0	0	0.683
NLGN2	HOMER3	0	0	0	0	0	0	0	0	0	0	0.697
NLGN2	HOMER1	0	0	0	0	0	0	0	0	0	0	0.699
NLGN2	NLGN4X	0	0	0	0	0	0	0	0	0	0	0.704
NLGN2	NLGN1	0	0	0	0	0	0	0	0	0	0	0.704
NLGN2	DLGAP3	0	0	0	0	0	0	0	0	0	0	0.709
NLGN2	DLGAP2	0	0	0	0	0	0	0	0	0	0	0.715
NLGN2	DLG2	0	0	0	0	0	0	0	0	0	0	0.784
NLGN2	MAGI2	0	0	0	0	0	0	0	0	0	0	0.813
NLGN2	DLGAP1	0	0	0	0	0	0	0	0	0	0	0.844
NLGN2	SHANK2	0	0	0	0	0	0	0	0	0	0	0.868
NLGN2	DLG3	0	0	0	0	0	0	0	0	0	0	0.883
NLGN2	SHANK3	0	0	0	0	0	0	0	0	0	0	0.935
NLGN2	GPHN	0	0	0	0	0	0	0	0	0	0	0.968
NLGN2	NRXN3	0	0	0	0	0	0	0	0	0	0	0.978
NLGN2	MDGA1	0	0	0	0	0	0	0	0	0	0	0.994
NLGN2	DLG4	0	0	0	0	0	0	0	0	0	0	0.998
NLGN2	NRXN1	0	0	0	0	0	0	0	0	0	0	0.999
HOMER2	GRIA1	0	0	0	0	0	0	0	0	0	0	0.4
HOMER2	GRIN1	0	0	0	0	0	0	0	0	0	0	0.42
HOMER2	GRIN2A	0	0	0	0	0	0	0	0	0	0	0.478
HOMER2	GRIN2B	0	0	0	0	0	0	0	0	0	0	0.502
HOMER2	CALML4	0	0	0	0	0	0	0	0	0	0	0.507
HOMER2	CALML3	0	0	0	0	0	0	0	0	0	0	0.518
HOMER2	NLGN4X	0	0	0	0	0	0	0	0	0	0	0.596
HOMER2	NRXN1	0	0	0	0	0	0	0	0	0	0	0.605
HOMER2	NLGN4Y	0	0	0	0	0	0	0	0	0	0	0.607
HOMER2	DLG2	0	0	0	0	0	0	0	0	0	0	0.61
HOMER2	DLG3	0	0	0	0	0	0	0	0	0	0	0.613
HOMER2	NLGN1	0	0	0	0	0	0	0	0	0	0	0.618
HOMER2	DLGAP2	0	0	0	0	0	0	0	0	0	0	0.637
HOMER2	AKT1	0	0	0	0	0	0	0	0	0	0	0.638
HOMER2	NLGN3	0	0	0	0	0	0	0	0	0	0	0.641
HOMER2	DLGAP3	0	0	0	0	0	0	0	0	0	0	0.666
HOMER2	NRXN3	0	0	0	0	0	0	0	0	0	0	0.691
HOMER2	SHANK3	0	0	0	0	0	0	0	0	0	0	0.758
HOMER2	DLG4	0	0	0	0	0	0	0	0	0	0	0.779
HOMER2	SHANK2	0	0	0	0	0	0	0	0	0	0	0.782
HOMER2	DLGAP1	0	0	0	0	0	0	0	0	0	0	0.857
HOMER2	GRM5	0	0	0	0	0	0	0	0	0	0	0.965
HOMER2	HOMER3	0	0	0	0	0	0	0	0	0	0	0.99
HOMER2	HOMER1	0	0	0	0	0	0	0	0	0	0	0.991
GRM5	AKT1	0	0	0	0	0	0	0	0	0	0	0.44
GRM5	FYN	0	0	0	0	0	0	0	0	0	0	0.471
GRM5	CALML4	0	0	0	0	0	0	0	0	0	0	0.49
GRM5	CALML3	0	0	0	0	0	0	0	0	0	0	0.493
GRM5	PRKCZ	0	0	0	0	0	0	0	0	0	0	0.515
GRM5	NXPH1	0	0	0	0	0	0	0	0	0	0	0.54
GRM5	GPHN	0	0	0	0	0	0	0	0	0	0	0.545
GRM5	EPB41L1	0	0	0	0	0	0	0	0	0	0	0.547
GRM5	NLGN4Y	0	0	0	0	0	0	0	0	0	0	0.611
GRM5	DLG3	0	0	0	0	0	0	0	0	0	0	0.642
GRM5	DLGAP2	0	0	0	0	0	0	0	0	0	0	0.686
GRM5	NLGN4X	0	0	0	0	0	0	0	0	0	0	0.696
GRM5	GRIN3A	0	0	0	0	0	0	0	0	0	0	0.699
GRM5	DLG2	0	0	0	0	0	0	0	0	0	0	0.702
GRM5	NLGN1	0	0	0	0	0	0	0	0	0	0	0.716
GRM5	NRXN3	0	0	0	0	0	0	0	0	0	0	0.724
GRM5	NLGN3	0	0	0	0	0	0	0	0	0	0	0.735
GRM5	NRXN1	0	0	0	0	0	0	0	0	0	0	0.766
GRM5	GRIA3	0	0	0	0	0	0	0	0	0	0	0.782
GRM5	DLGAP3	0	0	0	0	0	0	0	0	0	0	0.786
GRM5	GRIN1	0	0	0	0	0	0	0	0	0	0	0.792
GRM5	GRIN2A	0	0	0	0	0	0	0	0	0	0	0.841
GRM5	GRIN2B	0	0	0	0	0	0	0	0	0	0	0.842
GRM5	SHANK2	0	0	0	0	0	0	0	0	0	0	0.869
GRM5	SHANK3	0	0	0	0	0	0	0	0	0	0	0.88
GRM5	DLG4	0	0	0	0	0	0	0	0	0	0	0.902
GRM5	DLGAP1	0	0	0	0	0	0	0	0	0	0	0.915
GRM5	GRIA1	0	0	0	0	0	0	0	0	0	0	0.916
GRM5	HOMER3	0	0	0	0	0	0	0	0	0	0	0.929
GRM5	PRNP	0	0	0	0	0	0	0	0	0	0	0.953
GRM5	CAMK2A	0	0	0	0	0	0	0	0	0	0	0.975
GRM5	ADORA2A	0	0	0	0	0	0	0	0	0	0	0.976
GRM5	HOMER1	0	0	0	0	0	0	0	0	0	0	0.999
CNIH2	DLG3	0	0	0	0	0	0	0	0	0	0	0.552
CNIH2	GRIN3A	0	0	0	0	0	0	0	0	0	0	0.763
CNIH2	GRIN2B	0	0	0	0	0	0	0	0	0	0	0.774
CNIH2	GRIN2A	0	0	0	0	0	0	0	0	0	0	0.784
CNIH2	GRIN1	0	0	0	0	0	0	0	0	0	0	0.796
CNIH2	DLG4	0	0	0	0	0	0	0	0	0	0	0.856
CNIH2	SHISA9	0	0	0	0	0	0	0	0	0	0	0.949
CNIH2	GRIA3	0	0	0	0	0	0	0	0	0	0	0.97
CNIH2	GRIA1	0	0	0	0	0	0	0	0	0	0	0.995
CALML3	PTEN	0	0	0	0	0	0	0	0	0	0	0.437
CALML3	ADORA2A	0	0	0	0	0	0	0	0	0	0	0.455
CALML3	DLG1	0	0	0	0	0	0	0	0	0	0	0.456
CALML3	HOMER3	0	0	0	0	0	0	0	0	0	0	0.532
CALML3	GRIA1	0	0	0	0	0	0	0	0	0	0	0.581
CALML3	HOMER1	0	0	0	0	0	0	0	0	0	0	0.625
CALML3	CTNNB1	0	0	0	0	0	0	0	0	0	0	0.628
CALML3	FYN	0	0	0	0	0	0	0	0	0	0	0.682
CALML3	AKT1	0	0	0	0	0	0	0	0	0	0	0.719
CALML3	DLG4	0	0	0	0	0	0	0	0	0	0	0.891
CALML3	GRIN2A	0	0	0	0	0	0	0	0	0	0	0.895
CALML3	GRIN2B	0	0	0	0	0	0	0	0	0	0	0.927
CALML3	GRIN1	0	0	0	0	0	0	0	0	0	0	0.96
CALML3	CALML4	0	0	0	0	0	0	0	0	0	0	0.963
CALML3	CAMK2A	0	0	0	0	0	0	0	0	0	0	0.999
DLGAP1	GRIN1	0	0	0	0	0	0	0	0	0	0	0.57
DLGAP1	NRXN3	0	0	0	0	0	0	0	0	0	0	0.659
DLGAP1	CAMK2A	0	0	0	0	0	0	0	0	0	0	0.703
DLGAP1	DLGAP2	0	0	0	0	0	0	0	0	0	0	0.704
DLGAP1	DLGAP3	0	0	0	0	0	0	0	0	0	0	0.724
DLGAP1	MAGI2	0	0	0	0	0	0	0	0	0	0	0.732
DLGAP1	NRXN1	0	0	0	0	0	0	0	0	0	0	0.774
DLGAP1	NLGN4Y	0	0	0	0	0	0	0	0	0	0	0.843
DLGAP1	GRIA1	0	0	0	0	0	0	0	0	0	0	0.852
DLGAP1	NLGN3	0	0	0	0	0	0	0	0	0	0	0.855
DLGAP1	NLGN4X	0	0	0	0	0	0	0	0	0	0	0.861
DLGAP1	GRIN2A	0	0	0	0	0	0	0	0	0	0	0.885
DLGAP1	DLG3	0	0	0	0	0	0	0	0	0	0	0.887
DLGAP1	DLG2	0	0	0	0	0	0	0	0	0	0	0.89
DLGAP1	GRIN2B	0	0	0	0	0	0	0	0	0	0	0.9
DLGAP1	NLGN1	0	0	0	0	0	0	0	0	0	0	0.927
DLGAP1	HOMER3	0	0	0	0	0	0	0	0	0	0	0.943
DLGAP1	DLG1	0	0	0	0	0	0	0	0	0	0	0.952
DLGAP1	SHANK2	0	0	0	0	0	0	0	0	0	0	0.981
DLGAP1	HOMER1	0	0	0	0	0	0	0	0	0	0	0.986
DLGAP1	SHANK3	0	0	0	0	0	0	0	0	0	0	0.997
DLGAP1	DLG4	0	0	0	0	0	0	0	0	0	0	0.999
LLGL1	FYN	0	0	0	0	0	0	0	0	0	0	0.406
LLGL1	DLG2	0	0	0	0	0	0	0	0	0	0	0.84
LLGL1	UBE3A	0	0	0	0	0	0	0	0	0	0	0.905
LLGL1	DLG3	0	0	0	0	0	0	0	0	0	0	0.939
LLGL1	SCRIB	0	0	0	0	0	0	0	0	0	0	0.964
LLGL1	DLG1	0	0	0	0	0	0	0	0	0	0	0.975
LLGL1	DLG4	0	0	0	0	0	0	0	0	0	0	0.983
LLGL1	LLGL2	0	0	0	0	0	0	0	0	0	0	0.993
LLGL1	PRKCZ	0	0	0	0	0	0	0	0	0	0	0.995
GRIN2A	NLGN4X	0	0	0	0	0	0	0	0	0	0	0.471
GRIN2A	NLGN3	0	0	0	0	0	0	0	0	0	0	0.472
GRIN2A	GPHN	0	0	0	0	0	0	0	0	0	0	0.482
GRIN2A	CACNB4	0	0	0	0	0	0	0	0	0	0	0.54
GRIN2A	NLGN1	0	0	0	0	0	0	0	0	0	0	0.554
GRIN2A	SHANK2	0	0	0	0	0	0	0	0	0	0	0.555
GRIN2A	DLGAP3	0	0	0	0	0	0	0	0	0	0	0.574
GRIN2A	MAGI2	0	0	0	0	0	0	0	0	0	0	0.575
GRIN2A	DLGAP2	0	0	0	0	0	0	0	0	0	0	0.577
GRIN2A	NRXN1	0	0	0	0	0	0	0	0	0	0	0.617
GRIN2A	SHANK3	0	0	0	0	0	0	0	0	0	0	0.638
GRIN2A	AKT1	0	0	0	0	0	0	0	0	0	0	0.659
GRIN2A	HOMER1	0	0	0	0	0	0	0	0	0	0	0.768
GRIN2A	SHISA9	0	0	0	0	0	0	0	0	0	0	0.786
GRIN2A	GRIA3	0	0	0	0	0	0	0	0	0	0	0.886
GRIN2A	CALML4	0	0	0	0	0	0	0	0	0	0	0.897
GRIN2A	GRIA1	0	0	0	0	0	0	0	0	0	0	0.926
GRIN2A	CAMK2A	0	0	0	0	0	0	0	0	0	0	0.968
GRIN2A	DLG1	0	0	0	0	0	0	0	0	0	0	0.979
GRIN2A	FYN	0	0	0	0	0	0	0	0	0	0	0.981
GRIN2A	DLG2	0	0	0	0	0	0	0	0	0	0	0.997
GRIN2A	DLG3	0	0	0	0	0	0	0	0	0	0	0.998
GRIN2A	GRIN1	0	0	0	0	0	0	0	0	0	0	0.999
GRIN2A	GRIN2B	0	0	0	0	0	0	0	0	0	0	0.999
GRIN2A	GRIN3A	0	0	0	0	0	0	0	0	0	0	0.999
GRIN2A	DLG4	0	0	0	0	0	0	0	0	0	0	0.999
HOMER1	GRIA3	0	0	0	0	0	0	0	0	0	0	0.43
HOMER1	PRNP	0	0	0	0	0	0	0	0	0	0	0.521
HOMER1	DLG1	0	0	0	0	0	0	0	0	0	0	0.553
HOMER1	NRXN3	0	0	0	0	0	0	0	0	0	0	0.608
HOMER1	CALML4	0	0	0	0	0	0	0	0	0	0	0.618
HOMER1	GRIN1	0	0	0	0	0	0	0	0	0	0	0.641
HOMER1	NLGN4Y	0	0	0	0	0	0	0	0	0	0	0.649
HOMER1	GRIN2B	0	0	0	0	0	0	0	0	0	0	0.675
HOMER1	NLGN4X	0	0	0	0	0	0	0	0	0	0	0.69
HOMER1	NRXN1	0	0	0	0	0	0	0	0	0	0	0.706
HOMER1	DLG3	0	0	0	0	0	0	0	0	0	0	0.707
HOMER1	NLGN3	0	0	0	0	0	0	0	0	0	0	0.721
HOMER1	NLGN1	0	0	0	0	0	0	0	0	0	0	0.726
HOMER1	GPHN	0	0	0	0	0	0	0	0	0	0	0.733
HOMER1	DLGAP2	0	0	0	0	0	0	0	0	0	0	0.734
HOMER1	CAMK2A	0	0	0	0	0	0	0	0	0	0	0.735
HOMER1	EPB41L1	0	0	0	0	0	0	0	0	0	0	0.747
HOMER1	DLGAP3	0	0	0	0	0	0	0	0	0	0	0.816
HOMER1	DLG2	0	0	0	0	0	0	0	0	0	0	0.821
HOMER1	GRIA1	0	0	0	0	0	0	0	0	0	0	0.873
HOMER1	SHANK2	0	0	0	0	0	0	0	0	0	0	0.937
HOMER1	SHANK3	0	0	0	0	0	0	0	0	0	0	0.957
HOMER1	DLG4	0	0	0	0	0	0	0	0	0	0	0.988
HOMER1	HOMER3	0	0	0	0	0	0	0	0	0	0	0.993
EPB41L1	DLG3	0	0	0	0	0	0	0	0	0	0	0.471
EPB41L1	NRXN3	0	0	0	0	0	0	0	0	0	0	0.528
EPB41L1	NLGN3	0	0	0	0	0	0	0	0	0	0	0.543
EPB41L1	NLGN4Y	0	0	0	0	0	0	0	0	0	0	0.547
EPB41L1	CAMK2A	0	0	0	0	0	0	0	0	0	0	0.571
EPB41L1	NLGN4X	0	0	0	0	0	0	0	0	0	0	0.578
EPB41L1	NRXN1	0	0	0	0	0	0	0	0	0	0	0.592
EPB41L1	NLGN1	0	0	0	0	0	0	0	0	0	0	0.639
EPB41L1	GRIA3	0	0	0	0	0	0	0	0	0	0	0.66
EPB41L1	DLG4	0	0	0	0	0	0	0	0	0	0	0.793
EPB41L1	DLG1	0	0	0	0	0	0	0	0	0	0	0.815
EPB41L1	GRIA1	0	0	0	0	0	0	0	0	0	0	0.997
PTK2	DAG1	0	0	0	0	0	0	0	0	0	0	0.434
PTK2	CTNNB1	0	0	0	0	0	0	0	0	0	0	0.802
PTK2	AKT1	0	0	0	0	0	0	0	0	0	0	0.879
PTK2	PIK3R1	0	0	0	0	0	0	0	0	0	0	0.988
PTK2	PTEN	0	0	0	0	0	0	0	0	0	0	0.995
PTK2	FYN	0	0	0	0	0	0	0	0	0	0	0.998
SHANK2	MAGI2	0	0	0	0	0	0	0	0	0	0	0.413
SHANK2	DLG1	0	0	0	0	0	0	0	0	0	0	0.416
SHANK2	CAMK2A	0	0	0	0	0	0	0	0	0	0	0.442
SHANK2	GRIN1	0	0	0	0	0	0	0	0	0	0	0.475
SHANK2	UBE3A	0	0	0	0	0	0	0	0	0	0	0.486
SHANK2	GPHN	0	0	0	0	0	0	0	0	0	0	0.486
SHANK2	AKT1	0	0	0	0	0	0	0	0	0	0	0.539
SHANK2	GRIN3A	0	0	0	0	0	0	0	0	0	0	0.575
SHANK2	GRIN2B	0	0	0	0	0	0	0	0	0	0	0.628
SHANK2	NRXN3	0	0	0	0	0	0	0	0	0	0	0.725
SHANK2	DLG3	0	0	0	0	0	0	0	0	0	0	0.744
SHANK2	GRIA1	0	0	0	0	0	0	0	0	0	0	0.75
SHANK2	HOMER3	0	0	0	0	0	0	0	0	0	0	0.799
SHANK2	DLG2	0	0	0	0	0	0	0	0	0	0	0.811
SHANK2	NLGN4Y	0	0	0	0	0	0	0	0	0	0	0.85
SHANK2	NRXN1	0	0	0	0	0	0	0	0	0	0	0.914
SHANK2	NLGN1	0	0	0	0	0	0	0	0	0	0	0.914
SHANK2	DLGAP3	0	0	0	0	0	0	0	0	0	0	0.917
SHANK2	NLGN3	0	0	0	0	0	0	0	0	0	0	0.958
SHANK2	NLGN4X	0	0	0	0	0	0	0	0	0	0	0.964
SHANK2	DLGAP2	0	0	0	0	0	0	0	0	0	0	0.969
SHANK2	SHANK3	0	0	0	0	0	0	0	0	0	0	0.98
SHANK2	DLG4	0	0	0	0	0	0	0	0	0	0	0.993
DLG1	NLGN4Y	0	0	0	0	0	0	0	0	0	0	0.402
DLG1	NLGN4X	0	0	0	0	0	0	0	0	0	0	0.414
DLG1	NLGN3	0	0	0	0	0	0	0	0	0	0	0.436
DLG1	CALML4	0	0	0	0	0	0	0	0	0	0	0.457
DLG1	NRXN1	0	0	0	0	0	0	0	0	0	0	0.472
DLG1	NLGN1	0	0	0	0	0	0	0	0	0	0	0.483
DLG1	MAST2	0	0	0	0	0	0	0	0	0	0	0.531
DLG1	MAGI2	0	0	0	0	0	0	0	0	0	0	0.579
DLG1	SHANK3	0	0	0	0	0	0	0	0	0	0	0.587
DLG1	GRIA3	0	0	0	0	0	0	0	0	0	0	0.697
DLG1	DLGAP2	0	0	0	0	0	0	0	0	0	0	0.714
DLG1	CAMK2A	0	0	0	0	0	0	0	0	0	0	0.721
DLG1	CTNNB1	0	0	0	0	0	0	0	0	0	0	0.786
DLG1	GRIN1	0	0	0	0	0	0	0	0	0	0	0.878
DLG1	LLGL2	0	0	0	0	0	0	0	0	0	0	0.916
DLG1	SCRIB	0	0	0	0	0	0	0	0	0	0	0.917
DLG1	DLG4	0	0	0	0	0	0	0	0	0	0	0.956
DLG1	DLG2	0	0	0	0	0	0	0	0	0	0	0.962
DLG1	UBE3A	0	0	0	0	0	0	0	0	0	0	0.974
DLG1	DLG3	0	0	0	0	0	0	0	0	0	0	0.974
DLG1	GRIN2B	0	0	0	0	0	0	0	0	0	0	0.992
DLG1	PTEN	0	0	0	0	0	0	0	0	0	0	0.996
DLG1	GRIA1	0	0	0	0	0	0	0	0	0	0	0.999
MAGI2	GRIA1	0	0	0	0	0	0	0	0	0	0	0.408
MAGI2	DLGAP2	0	0	0	0	0	0	0	0	0	0	0.42
MAGI2	NRXN1	0	0	0	0	0	0	0	0	0	0	0.461
MAGI2	GRIN2B	0	0	0	0	0	0	0	0	0	0	0.595
MAGI2	DLG4	0	0	0	0	0	0	0	0	0	0	0.616
MAGI2	DLGAP3	0	0	0	0	0	0	0	0	0	0	0.633
MAGI2	DAG1	0	0	0	0	0	0	0	0	0	0	0.669
MAGI2	NLGN4Y	0	0	0	0	0	0	0	0	0	0	0.743
MAGI2	NLGN4X	0	0	0	0	0	0	0	0	0	0	0.763
MAGI2	NLGN3	0	0	0	0	0	0	0	0	0	0	0.779
MAGI2	MAST2	0	0	0	0	0	0	0	0	0	0	0.84
MAGI2	NLGN1	0	0	0	0	0	0	0	0	0	0	0.893
MAGI2	CTNNB1	0	0	0	0	0	0	0	0	0	0	0.986
MAGI2	PTEN	0	0	0	0	0	0	0	0	0	0	0.998
FYN	GRIA1	0	0	0	0	0	0	0	0	0	0	0.451
FYN	DAG1	0	0	0	0	0	0	0	0	0	0	0.484
FYN	PTEN	0	0	0	0	0	0	0	0	0	0	0.657
FYN	CALML4	0	0	0	0	0	0	0	0	0	0	0.679
FYN	DLG3	0	0	0	0	0	0	0	0	0	0	0.705
FYN	GRIN1	0	0	0	0	0	0	0	0	0	0	0.743
FYN	DLG2	0	0	0	0	0	0	0	0	0	0	0.766
FYN	AKT1	0	0	0	0	0	0	0	0	0	0	0.834
FYN	CTNNB1	0	0	0	0	0	0	0	0	0	0	0.986
FYN	PIK3R1	0	0	0	0	0	0	0	0	0	0	0.988
FYN	PRNP	0	0	0	0	0	0	0	0	0	0	0.99
FYN	GRIN2B	0	0	0	0	0	0	0	0	0	0	0.993
FYN	DLG4	0	0	0	0	0	0	0	0	0	0	0.996
NLGN4Y	GRIA1	0	0	0	0	0	0	0	0	0	0	0.412
NLGN4Y	GRIN2B	0	0	0	0	0	0	0	0	0	0	0.448
NLGN4Y	PTEN	0	0	0	0	0	0	0	0	0	0	0.464
NLGN4Y	GPHN	0	0	0	0	0	0	0	0	0	0	0.478
NLGN4Y	PRNP	0	0	0	0	0	0	0	0	0	0	0.487
NLGN4Y	CTNNB1	0	0	0	0	0	0	0	0	0	0	0.498
NLGN4Y	MDGA1	0	0	0	0	0	0	0	0	0	0	0.505
NLGN4Y	NLGN4X	0	0	0	0	0	0	0	0	0	0	0.519
NLGN4Y	NLGN1	0	0	0	0	0	0	0	0	0	0	0.523
NLGN4Y	HOMER3	0	0	0	0	0	0	0	0	0	0	0.608
NLGN4Y	DLGAP3	0	0	0	0	0	0	0	0	0	0	0.66
NLGN4Y	DLGAP2	0	0	0	0	0	0	0	0	0	0	0.669
NLGN4Y	DLG2	0	0	0	0	0	0	0	0	0	0	0.696
NLGN4Y	NLGN3	0	0	0	0	0	0	0	0	0	0	0.697
NLGN4Y	NRXN3	0	0	0	0	0	0	0	0	0	0	0.827
NLGN4Y	DLG3	0	0	0	0	0	0	0	0	0	0	0.848
NLGN4Y	SHANK3	0	0	0	0	0	0	0	0	0	0	0.899
NLGN4Y	DLG4	0	0	0	0	0	0	0	0	0	0	0.986
NLGN4Y	NRXN1	0	0	0	0	0	0	0	0	0	0	0.999
SCRIB	GRIN2B	0	0	0	0	0	0	0	0	0	0	0.494
SCRIB	PRKCZ	0	0	0	0	0	0	0	0	0	0	0.657
SCRIB	AKT1	0	0	0	0	0	0	0	0	0	0	0.712
SCRIB	PTEN	0	0	0	0	0	0	0	0	0	0	0.834
SCRIB	DLG2	0	0	0	0	0	0	0	0	0	0	0.856
SCRIB	CTNNB1	0	0	0	0	0	0	0	0	0	0	0.88
SCRIB	DLG3	0	0	0	0	0	0	0	0	0	0	0.908
SCRIB	DLG4	0	0	0	0	0	0	0	0	0	0	0.921
SCRIB	LLGL2	0	0	0	0	0	0	0	0	0	0	0.959
SCRIB	UBE3A	0	0	0	0	0	0	0	0	0	0	0.98
NLGN3	NXPH1	0	0	0	0	0	0	0	0	0	0	0.418
NLGN3	GRIN1	0	0	0	0	0	0	0	0	0	0	0.446
NLGN3	PRNP	0	0	0	0	0	0	0	0	0	0	0.48
NLGN3	CTNNB1	0	0	0	0	0	0	0	0	0	0	0.513
NLGN3	GRIA1	0	0	0	0	0	0	0	0	0	0	0.536
NLGN3	GRIN2B	0	0	0	0	0	0	0	0	0	0	0.573
NLGN3	PTEN	0	0	0	0	0	0	0	0	0	0	0.591
NLGN3	GPHN	0	0	0	0	0	0	0	0	0	0	0.648
NLGN3	HOMER3	0	0	0	0	0	0	0	0	0	0	0.65
NLGN3	UBE3A	0	0	0	0	0	0	0	0	0	0	0.667
NLGN3	MDGA1	0	0	0	0	0	0	0	0	0	0	0.686
NLGN3	DLGAP3	0	0	0	0	0	0	0	0	0	0	0.763
NLGN3	DLG2	0	0	0	0	0	0	0	0	0	0	0.776
NLGN3	NLGN4X	0	0	0	0	0	0	0	0	0	0	0.796
NLGN3	NLGN1	0	0	0	0	0	0	0	0	0	0	0.799
NLGN3	DLGAP2	0	0	0	0	0	0	0	0	0	0	0.839
NLGN3	DLG3	0	0	0	0	0	0	0	0	0	0	0.885
NLGN3	NRXN3	0	0	0	0	0	0	0	0	0	0	0.94
NLGN3	SHANK3	0	0	0	0	0	0	0	0	0	0	0.993
NLGN3	DLG4	0	0	0	0	0	0	0	0	0	0	0.995
NLGN3	NRXN1	0	0	0	0	0	0	0	0	0	0	0.999
MAST2	PTEN	0	0	0	0	0	0	0	0	0	0	0.993
GRIN3A	DLG3	0	0	0	0	0	0	0	0	0	0	0.68
GRIN3A	SHISA9	0	0	0	0	0	0	0	0	0	0	0.784
GRIN3A	GRIA3	0	0	0	0	0	0	0	0	0	0	0.802
GRIN3A	GRIA1	0	0	0	0	0	0	0	0	0	0	0.815
GRIN3A	DLG4	0	0	0	0	0	0	0	0	0	0	0.966
GRIN3A	GRIN1	0	0	0	0	0	0	0	0	0	0	0.999
GRIN3A	GRIN2B	0	0	0	0	0	0	0	0	0	0	0.999
PSMD4	SPOP	0	0	0	0	0	0	0	0	0	0	0.425
PSMD4	UBE2L3	0	0	0	0	0	0	0	0	0	0	0.434
PSMD4	UBE2D2	0	0	0	0	0	0	0	0	0	0	0.501
PSMD4	PTEN	0	0	0	0	0	0	0	0	0	0	0.606
PSMD4	UBE2D1	0	0	0	0	0	0	0	0	0	0	0.668
PSMD4	PRNP	0	0	0	0	0	0	0	0	0	0	0.68
PSMD4	UBE3A	0	0	0	0	0	0	0	0	0	0	0.994
PSMD4	RAD23A	0	0	0	0	0	0	0	0	0	0	0.999
GRIN1	NLGN4X	0	0	0	0	0	0	0	0	0	0	0.422
GRIN1	DLGAP2	0	0	0	0	0	0	0	0	0	0	0.442
GRIN1	GPHN	0	0	0	0	0	0	0	0	0	0	0.446
GRIN1	NRXN1	0	0	0	0	0	0	0	0	0	0	0.449
GRIN1	DLGAP3	0	0	0	0	0	0	0	0	0	0	0.507
GRIN1	SHANK3	0	0	0	0	0	0	0	0	0	0	0.568
GRIN1	NLGN1	0	0	0	0	0	0	0	0	0	0	0.611
GRIN1	SHISA9	0	0	0	0	0	0	0	0	0	0	0.75
GRIN1	DLG2	0	0	0	0	0	0	0	0	0	0	0.761
GRIN1	GRIA3	0	0	0	0	0	0	0	0	0	0	0.877
GRIN1	DLG3	0	0	0	0	0	0	0	0	0	0	0.879
GRIN1	GRIA1	0	0	0	0	0	0	0	0	0	0	0.907
GRIN1	CAMK2A	0	0	0	0	0	0	0	0	0	0	0.911
GRIN1	CALML4	0	0	0	0	0	0	0	0	0	0	0.964
GRIN1	DLG4	0	0	0	0	0	0	0	0	0	0	0.998
GRIN1	GRIN2B	0	0	0	0	0	0	0	0	0	0	0.999
PTEN	UBE2D2	0	0	0	0	0	0	0	0	0	0	0.407
PTEN	CALML4	0	0	0	0	0	0	0	0	0	0	0.413
PTEN	SHANK3	0	0	0	0	0	0	0	0	0	0	0.483
PTEN	NLGN1	0	0	0	0	0	0	0	0	0	0	0.496
PTEN	GRIN2B	0	0	0	0	0	0	0	0	0	0	0.547
PTEN	NLGN4X	0	0	0	0	0	0	0	0	0	0	0.556
PTEN	UBE2L3	0	0	0	0	0	0	0	0	0	0	0.571
PTEN	DLG4	0	0	0	0	0	0	0	0	0	0	0.745
PTEN	CTNNB1	0	0	0	0	0	0	0	0	0	0	0.943
PTEN	PRKCZ	0	0	0	0	0	0	0	0	0	0	0.958
PTEN	UBE3A	0	0	0	0	0	0	0	0	0	0	0.96
PTEN	AKT1	0	0	0	0	0	0	0	0	0	0	0.988
PTEN	SPOP	0	0	0	0	0	0	0	0	0	0	0.99
PTEN	PIK3R1	0	0	0	0	0	0	0	0	0	0	0.997
DLGAP3	CAMK2A	0	0	0	0	0	0	0	0	0	0	0.451
DLGAP3	GRIA1	0	0	0	0	0	0	0	0	0	0	0.507
DLGAP3	NRXN3	0	0	0	0	0	0	0	0	0	0	0.634
DLGAP3	HOMER3	0	0	0	0	0	0	0	0	0	0	0.72
DLGAP3	NRXN1	0	0	0	0	0	0	0	0	0	0	0.733
DLGAP3	NLGN4X	0	0	0	0	0	0	0	0	0	0	0.737
DLGAP3	NLGN1	0	0	0	0	0	0	0	0	0	0	0.737
DLGAP3	GRIN2B	0	0	0	0	0	0	0	0	0	0	0.753
DLGAP3	DLG3	0	0	0	0	0	0	0	0	0	0	0.835
DLGAP3	DLG2	0	0	0	0	0	0	0	0	0	0	0.847
DLGAP3	DLGAP2	0	0	0	0	0	0	0	0	0	0	0.868
DLGAP3	SHANK3	0	0	0	0	0	0	0	0	0	0	0.992
DLGAP3	DLG4	0	0	0	0	0	0	0	0	0	0	0.993
UBE2D1	CTNNB1	0	0	0	0	0	0	0	0	0	0	0.456
UBE2D1	SPOP	0	0	0	0	0	0	0	0	0	0	0.505
UBE2D1	UBE2L3	0	0	0	0	0	0	0	0	0	0	0.654
UBE2D1	UBE2D2	0	0	0	0	0	0	0	0	0	0	0.943
UBE2D1	UBE3A	0	0	0	0	0	0	0	0	0	0	0.984
DLG3	GPHN	0	0	0	0	0	0	0	0	0	0	0.472
DLG3	SHISA9	0	0	0	0	0	0	0	0	0	0	0.513
DLG3	NRXN3	0	0	0	0	0	0	0	0	0	0	0.593
DLG3	HOMER3	0	0	0	0	0	0	0	0	0	0	0.633
DLG3	GRIA3	0	0	0	0	0	0	0	0	0	0	0.644
DLG3	CAMK2A	0	0	0	0	0	0	0	0	0	0	0.688
DLG3	NRXN1	0	0	0	0	0	0	0	0	0	0	0.717
DLG3	SHANK3	0	0	0	0	0	0	0	0	0	0	0.759
DLG3	GRIA1	0	0	0	0	0	0	0	0	0	0	0.815
DLG3	NLGN4X	0	0	0	0	0	0	0	0	0	0	0.863
DLG3	DLGAP2	0	0	0	0	0	0	0	0	0	0	0.872
DLG3	LLGL2	0	0	0	0	0	0	0	0	0	0	0.887
DLG3	NLGN1	0	0	0	0	0	0	0	0	0	0	0.892
DLG3	UBE3A	0	0	0	0	0	0	0	0	0	0	0.913
DLG3	DLG2	0	0	0	0	0	0	0	0	0	0	0.984
DLG3	DLG4	0	0	0	0	0	0	0	0	0	0	0.997
DLG3	GRIN2B	0	0	0	0	0	0	0	0	0	0	0.998
DLG2	CACNB4	0	0	0	0	0	0	0	0	0	0	0.455
DLG2	GPHN	0	0	0	0	0	0	0	0	0	0	0.607
DLG2	HOMER3	0	0	0	0	0	0	0	0	0	0	0.645
DLG2	GRIA3	0	0	0	0	0	0	0	0	0	0	0.655
DLG2	NRXN3	0	0	0	0	0	0	0	0	0	0	0.682
DLG2	CAMK2A	0	0	0	0	0	0	0	0	0	0	0.688
DLG2	NLGN4X	0	0	0	0	0	0	0	0	0	0	0.713
DLG2	NRXN1	0	0	0	0	0	0	0	0	0	0	0.778
DLG2	DLGAP2	0	0	0	0	0	0	0	0	0	0	0.811
DLG2	LLGL2	0	0	0	0	0	0	0	0	0	0	0.844
DLG2	NLGN1	0	0	0	0	0	0	0	0	0	0	0.868
DLG2	GRIA1	0	0	0	0	0	0	0	0	0	0	0.908
DLG2	UBE3A	0	0	0	0	0	0	0	0	0	0	0.913
DLG2	SHANK3	0	0	0	0	0	0	0	0	0	0	0.919
DLG2	DLG4	0	0	0	0	0	0	0	0	0	0	0.969
DLG2	GRIN2B	0	0	0	0	0	0	0	0	0	0	0.996
PRKCZ	CTNNB1	0	0	0	0	0	0	0	0	0	0	0.653
PRKCZ	PIK3R1	0	0	0	0	0	0	0	0	0	0	0.933
PRKCZ	AKT1	0	0	0	0	0	0	0	0	0	0	0.974
PRKCZ	LLGL2	0	0	0	0	0	0	0	0	0	0	0.994
NLGN4X	NXPH1	0	0	0	0	0	0	0	0	0	0	0.407
NLGN4X	PRNP	0	0	0	0	0	0	0	0	0	0	0.475
NLGN4X	CTNNB1	0	0	0	0	0	0	0	0	0	0	0.508
NLGN4X	GRIA1	0	0	0	0	0	0	0	0	0	0	0.514
NLGN4X	GRIN2B	0	0	0	0	0	0	0	0	0	0	0.546
NLGN4X	NLGN1	0	0	0	0	0	0	0	0	0	0	0.548
NLGN4X	MDGA1	0	0	0	0	0	0	0	0	0	0	0.613
NLGN4X	HOMER3	0	0	0	0	0	0	0	0	0	0	0.619
NLGN4X	UBE3A	0	0	0	0	0	0	0	0	0	0	0.633
NLGN4X	GPHN	0	0	0	0	0	0	0	0	0	0	0.767
NLGN4X	DLGAP2	0	0	0	0	0	0	0	0	0	0	0.841
NLGN4X	NRXN3	0	0	0	0	0	0	0	0	0	0	0.859
NLGN4X	SHANK3	0	0	0	0	0	0	0	0	0	0	0.995
NLGN4X	DLG4	0	0	0	0	0	0	0	0	0	0	0.995
NLGN4X	NRXN1	0	0	0	0	0	0	0	0	0	0	0.999
LLGL2	UBE3A	0	0	0	0	0	0	0	0	0	0	0.901
LLGL2	DLG4	0	0	0	0	0	0	0	0	0	0	0.982
SPOP	CTNNB1	0	0	0	0	0	0	0	0	0	0	0.407
SPOP	PIK3R1	0	0	0	0	0	0	0	0	0	0	0.421
SPOP	UBE2D2	0	0	0	0	0	0	0	0	0	0	0.662
UBE2D2	RAD23A	0	0	0	0	0	0	0	0	0	0	0.404
UBE2D2	CTNNB1	0	0	0	0	0	0	0	0	0	0	0.429
UBE2D2	UBE2L3	0	0	0	0	0	0	0	0	0	0	0.683
UBE2D2	UBE3A	0	0	0	0	0	0	0	0	0	0	0.984
NXPH1	NLGN1	0	0	0	0	0	0	0	0	0	0	0.525
NXPH1	NRXN3	0	0	0	0	0	0	0	0	0	0	0.671
NXPH1	NRXN1	0	0	0	0	0	0	0	0	0	0	0.973
NRXN1	GRIA3	0	0	0	0	0	0	0	0	0	0	0.509
NRXN1	UBE3A	0	0	0	0	0	0	0	0	0	0	0.532
NRXN1	CAMK2A	0	0	0	0	0	0	0	0	0	0	0.542
NRXN1	MDGA1	0	0	0	0	0	0	0	0	0	0	0.592
NRXN1	GRIA1	0	0	0	0	0	0	0	0	0	0	0.6
NRXN1	HOMER3	0	0	0	0	0	0	0	0	0	0	0.619
NRXN1	NRXN3	0	0	0	0	0	0	0	0	0	0	0.752
NRXN1	DLGAP2	0	0	0	0	0	0	0	0	0	0	0.803
NRXN1	GPHN	0	0	0	0	0	0	0	0	0	0	0.831
NRXN1	GRIN2B	0	0	0	0	0	0	0	0	0	0	0.832
NRXN1	SHANK3	0	0	0	0	0	0	0	0	0	0	0.961
NRXN1	DLG4	0	0	0	0	0	0	0	0	0	0	0.991
NRXN1	DAG1	0	0	0	0	0	0	0	0	0	0	0.998
NRXN1	NLGN1	0	0	0	0	0	0	0	0	0	0	0.999
NLGN1	CAMK2A	0	0	0	0	0	0	0	0	0	0	0.414
NLGN1	PRNP	0	0	0	0	0	0	0	0	0	0	0.538
NLGN1	UBE3A	0	0	0	0	0	0	0	0	0	0	0.548
NLGN1	CTNNB1	0	0	0	0	0	0	0	0	0	0	0.553
NLGN1	GRIA1	0	0	0	0	0	0	0	0	0	0	0.633
NLGN1	HOMER3	0	0	0	0	0	0	0	0	0	0	0.643
NLGN1	MDGA1	0	0	0	0	0	0	0	0	0	0	0.676
NLGN1	GPHN	0	0	0	0	0	0	0	0	0	0	0.722
NLGN1	GRIN2B	0	0	0	0	0	0	0	0	0	0	0.755
NLGN1	DLGAP2	0	0	0	0	0	0	0	0	0	0	0.811
NLGN1	NRXN3	0	0	0	0	0	0	0	0	0	0	0.964
NLGN1	SHANK3	0	0	0	0	0	0	0	0	0	0	0.978
NLGN1	DLG4	0	0	0	0	0	0	0	0	0	0	0.999
PRNP	AKT1	0	0	0	0	0	0	0	0	0	0	0.424
PRNP	GRIN2B	0	0	0	0	0	0	0	0	0	0	0.452
PRNP	DLG4	0	0	0	0	0	0	0	0	0	0	0.507
UBE2L3	RAD23A	0	0	0	0	0	0	0	0	0	0	0.437
UBE2L3	UBE3A	0	0	0	0	0	0	0	0	0	0	0.999
GPHN	NRXN3	0	0	0	0	0	0	0	0	0	0	0.404
GPHN	CAMK2A	0	0	0	0	0	0	0	0	0	0	0.418
GPHN	AKT1	0	0	0	0	0	0	0	0	0	0	0.472
GPHN	GRIN2B	0	0	0	0	0	0	0	0	0	0	0.526
GPHN	SHANK3	0	0	0	0	0	0	0	0	0	0	0.541
GPHN	GRIA1	0	0	0	0	0	0	0	0	0	0	0.621
GPHN	DLG4	0	0	0	0	0	0	0	0	0	0	0.884
CALML4	ADORA2A	0	0	0	0	0	0	0	0	0	0	0.446
CALML4	HOMER3	0	0	0	0	0	0	0	0	0	0	0.527
CALML4	GRIA1	0	0	0	0	0	0	0	0	0	0	0.586
CALML4	CTNNB1	0	0	0	0	0	0	0	0	0	0	0.631
CALML4	AKT1	0	0	0	0	0	0	0	0	0	0	0.713
CALML4	DLG4	0	0	0	0	0	0	0	0	0	0	0.892
CALML4	GRIN2B	0	0	0	0	0	0	0	0	0	0	0.926
CALML4	CAMK2A	0	0	0	0	0	0	0	0	0	0	0.999
PIK3R1	CTNNB1	0	0	0	0	0	0	0	0	0	0	0.858
PIK3R1	AKT1	0	0	0	0	0	0	0	0	0	0	0.995
GRIA1	NRXN3	0	0	0	0	0	0	0	0	0	0	0.404
GRIA1	DLGAP2	0	0	0	0	0	0	0	0	0	0	0.427
GRIA1	CACNB4	0	0	0	0	0	0	0	0	0	0	0.45
GRIA1	AKT1	0	0	0	0	0	0	0	0	0	0	0.48
GRIA1	UBE3A	0	0	0	0	0	0	0	0	0	0	0.592
GRIA1	SHANK3	0	0	0	0	0	0	0	0	0	0	0.623
GRIA1	GRIN2B	0	0	0	0	0	0	0	0	0	0	0.934
GRIA1	SHISA9	0	0	0	0	0	0	0	0	0	0	0.984
GRIA1	DLG4	0	0	0	0	0	0	0	0	0	0	0.994
GRIA1	GRIA3	0	0	0	0	0	0	0	0	0	0	0.999
GRIA1	CAMK2A	0	0	0	0	0	0	0	0	0	0	0.999
CACNB4	CAMK2A	0	0	0	0	0	0	0	0	0	0	0.717
HOMER3	AKT1	0	0	0	0	0	0	0	0	0	0	0.421
HOMER3	GRIN2B	0	0	0	0	0	0	0	0	0	0	0.466
HOMER3	NRXN3	0	0	0	0	0	0	0	0	0	0	0.516
HOMER3	DLGAP2	0	0	0	0	0	0	0	0	0	0	0.698
HOMER3	DLG4	0	0	0	0	0	0	0	0	0	0	0.868
HOMER3	SHANK3	0	0	0	0	0	0	0	0	0	0	0.884
DAG1	NRXN3	0	0	0	0	0	0	0	0	0	0	0.47
AKT1	ADORA2A	0	0	0	0	0	0	0	0	0	0	0.428
AKT1	GRIN2B	0	0	0	0	0	0	0	0	0	0	0.51
AKT1	SHANK3	0	0	0	0	0	0	0	0	0	0	0.548
AKT1	DLG4	0	0	0	0	0	0	0	0	0	0	0.747
AKT1	CTNNB1	0	0	0	0	0	0	0	0	0	0	0.979
SHISA9	GRIN2B	0	0	0	0	0	0	0	0	0	0	0.779
SHISA9	GRIA3	0	0	0	0	0	0	0	0	0	0	0.824
SHISA9	DLG4	0	0	0	0	0	0	0	0	0	0	0.858
RAD23A	UBE3A	0	0	0	0	0	0	0	0	0	0	0.974
GRIN2B	ADORA2A	0	0	0	0	0	0	0	0	0	0	0.414
GRIN2B	NRXN3	0	0	0	0	0	0	0	0	0	0	0.414
GRIN2B	DLGAP2	0	0	0	0	0	0	0	0	0	0	0.514
GRIN2B	CTNNB1	0	0	0	0	0	0	0	0	0	0	0.757
GRIN2B	SHANK3	0	0	0	0	0	0	0	0	0	0	0.785
GRIN2B	GRIA3	0	0	0	0	0	0	0	0	0	0	0.823
GRIN2B	DLG4	0	0	0	0	0	0	0	0	0	0	0.999
GRIN2B	CAMK2A	0	0	0	0	0	0	0	0	0	0	0.999
GRIA3	CAMK2A	0	0	0	0	0	0	0	0	0	0	0.808
GRIA3	DLG4	0	0	0	0	0	0	0	0	0	0	0.873
SHANK3	CAMK2A	0	0	0	0	0	0	0	0	0	0	0.509
SHANK3	UBE3A	0	0	0	0	0	0	0	0	0	0	0.647
SHANK3	NRXN3	0	0	0	0	0	0	0	0	0	0	0.703
SHANK3	DLGAP2	0	0	0	0	0	0	0	0	0	0	0.988
SHANK3	DLG4	0	0	0	0	0	0	0	0	0	0	0.996
NRXN3	CAMK2A	0	0	0	0	0	0	0	0	0	0	0.404
NRXN3	DLGAP2	0	0	0	0	0	0	0	0	0	0	0.645
NRXN3	DLG4	0	0	0	0	0	0	0	0	0	0	0.858
DLGAP2	CAMK2A	0	0	0	0	0	0	0	0	0	0	0.436
DLGAP2	DLG4	0	0	0	0	0	0	0	0	0	0	0.891
CTNNB1	DLG4	0	0	0	0	0	0	0	0	0	0	0.538
CTNNB1	UBE3A	0	0	0	0	0	0	0	0	0	0	0.974
UBE3A	DLG4	0	0	0	0	0	0	0	0	0	0	0.447
DLG4	CAMK2A	0	0	0	0	0	0	0	0	0	0	0.92
CBLN1	DLG4	0	0	0	0	0	0	0	0	0	0	0.402
CBLN1	NLGN3	0	0	0	0	0	0	0	0	0	0	0.507
CBLN1	NLGN2	0	0	0	0	0	0	0	0	0	0	0.559
CBLN1	NLGN4X	0	0	0	0	0	0	0	0	0	0	0.56
CBLN1	NRXN3	0	0	0	0	0	0	0	0	0	0	0.565
CBLN1	NLGN1	0	0	0	0	0	0	0	0	0	0	0.611
CBLN1	LRRTM2	0	0	0	0	0	0	0	0	0	0	0.717
CBLN1	NRXN2	0	0	0	0	0	0	0	0	0	0	0.989
CBLN1	NRXN1	0	0	0	0	0	0	0	0	0	0	0.994
TSC2	NLGN4X	0	0	0	0	0	0	0	0	0	0	0.459
TSC2	NLGN3	0	0	0	0	0	0	0	0	0	0	0.471
TSC2	PTK2	0	0	0	0	0	0	0	0	0	0	0.476
TSC2	CTNNB1	0	0	0	0	0	0	0	0	0	0	0.517
TSC2	PIK3R1	0	0	0	0	0	0	0	0	0	0	0.524
TSC2	SHANK3	0	0	0	0	0	0	0	0	0	0	0.537
TSC2	PIK3CA	0	0	0	0	0	0	0	0	0	0	0.687
TSC2	TP53	0	0	0	0	0	0	0	0	0	0	0.713
TSC2	PTEN	0	0	0	0	0	0	0	0	0	0	0.889
TSC2	UBE3A	0	0	0	0	0	0	0	0	0	0	0.981
TSC2	AKT1	0	0	0	0	0	0	0	0	0	0	0.99
CACNG1	CAMK2A	0	0	0	0	0	0	0	0	0	0	0.725
CACNG1	CACNB4	0	0	0	0	0	0	0	0	0	0	0.935
CACNG1	CACNG2	0	0	0	0	0	0	0	0	0	0	0.962
CACNG1	CACNG8	0	0	0	0	0	0	0	0	0	0	0.968
GRIN3B	GRM5	0	0	0	0	0	0	0	0	0	0	0.419
GRIN3B	GRM1	0	0	0	0	0	0	0	0	0	0	0.466
GRIN3B	DLG3	0	0	0	0	0	0	0	0	0	0	0.598
GRIN3B	CNIH2	0	0	0	0	0	0	0	0	0	0	0.746
GRIN3B	SHISA9	0	0	0	0	0	0	0	0	0	0	0.748
GRIN3B	CACNG8	0	0	0	0	0	0	0	0	0	0	0.758
GRIN3B	GRIA2	0	0	0	0	0	0	0	0	0	0	0.787
GRIN3B	GRIA3	0	0	0	0	0	0	0	0	0	0	0.791
GRIN3B	GRIA4	0	0	0	0	0	0	0	0	0	0	0.811
GRIN3B	GRIA1	0	0	0	0	0	0	0	0	0	0	0.84
GRIN3B	CACNG2	0	0	0	0	0	0	0	0	0	0	0.845
GRIN3B	DLG4	0	0	0	0	0	0	0	0	0	0	0.942
GRIN3B	GRIN3A	0	0	0	0	0	0	0	0	0	0	0.995
GRIN3B	GRIN2C	0	0	0	0	0	0	0	0	0	0	0.996
GRIN3B	GRIN2B	0	0	0	0	0	0	0	0	0	0	0.996
GRIN3B	GRIN2D	0	0	0	0	0	0	0	0	0	0	0.996
GRIN3B	GRIN2A	0	0	0	0	0	0	0	0	0	0	0.998
GRIN3B	GRIN1	0	0	0	0	0	0	0	0	0	0	0.999
GRIN2D	DLGAP3	0	0	0	0	0	0	0	0	0	0	0.451
GRIN2D	GRM5	0	0	0	0	0	0	0	0	0	0	0.556
GRIN2D	DLG1	0	0	0	0	0	0	0	0	0	0	0.604
GRIN2D	CAMK2A	0	0	0	0	0	0	0	0	0	0	0.607
GRIN2D	DLGAP1	0	0	0	0	0	0	0	0	0	0	0.617
GRIN2D	DLG2	0	0	0	0	0	0	0	0	0	0	0.634
GRIN2D	DLG3	0	0	0	0	0	0	0	0	0	0	0.659
GRIN2D	GRM1	0	0	0	0	0	0	0	0	0	0	0.678
GRIN2D	CALML4	0	0	0	0	0	0	0	0	0	0	0.74
GRIN2D	CALML3	0	0	0	0	0	0	0	0	0	0	0.74
GRIN2D	CALM3	0	0	0	0	0	0	0	0	0	0	0.755
GRIN2D	CNIH2	0	0	0	0	0	0	0	0	0	0	0.761
GRIN2D	SHISA9	0	0	0	0	0	0	0	0	0	0	0.767
GRIN2D	CACNG8	0	0	0	0	0	0	0	0	0	0	0.778
GRIN2D	PRNP	0	0	0	0	0	0	0	0	0	0	0.779
GRIN2D	CACNG2	0	0	0	0	0	0	0	0	0	0	0.795
GRIN2D	GRIA3	0	0	0	0	0	0	0	0	0	0	0.799
GRIN2D	GRIA2	0	0	0	0	0	0	0	0	0	0	0.8
GRIN2D	GRIA1	0	0	0	0	0	0	0	0	0	0	0.816
GRIN2D	GRIA4	0	0	0	0	0	0	0	0	0	0	0.864
GRIN2D	DLG4	0	0	0	0	0	0	0	0	0	0	0.976
GRIN2D	GRIN3A	0	0	0	0	0	0	0	0	0	0	0.998
GRIN2D	GRIN2B	0	0	0	0	0	0	0	0	0	0	0.998
GRIN2D	GRIN2A	0	0	0	0	0	0	0	0	0	0	0.998
GRIN2D	GRIN2C	0	0	0	0	0	0	0	0	0	0	0.998
GRIN2D	GRIN1	0	0	0	0	0	0	0	0	0	0	0.999
PIK3CA	CALML4	0	0	0	0	0	0	0	0	0	0	0.517
PIK3CA	CALML3	0	0	0	0	0	0	0	0	0	0	0.518
PIK3CA	SPOP	0	0	0	0	0	0	0	0	0	0	0.523
PIK3CA	DLG1	0	0	0	0	0	0	0	0	0	0	0.569
PIK3CA	PREX2	0	0	0	0	0	0	0	0	0	0	0.58
PIK3CA	GNAQ	0	0	0	0	0	0	0	0	0	0	0.901
PIK3CA	CTNNB1	0	0	0	0	0	0	0	0	0	0	0.901
PIK3CA	PRKCZ	0	0	0	0	0	0	0	0	0	0	0.925
PIK3CA	TP53	0	0	0	0	0	0	0	0	0	0	0.941
PIK3CA	FYN	0	0	0	0	0	0	0	0	0	0	0.951
PIK3CA	PRKCI	0	0	0	0	0	0	0	0	0	0	0.952
PIK3CA	PTK2	0	0	0	0	0	0	0	0	0	0	0.97
PIK3CA	PTEN	0	0	0	0	0	0	0	0	0	0	0.995
PIK3CA	AKT1	0	0	0	0	0	0	0	0	0	0	0.998
PIK3CA	PIK3R1	0	0	0	0	0	0	0	0	0	0	0.999
NRXN2	CACNG2	0	0	0	0	0	0	0	0	0	0	0.408
NRXN2	GRIN1	0	0	0	0	0	0	0	0	0	0	0.436
NRXN2	GRIN2A	0	0	0	0	0	0	0	0	0	0	0.452
NRXN2	DLG1	0	0	0	0	0	0	0	0	0	0	0.457
NRXN2	CAMK2A	0	0	0	0	0	0	0	0	0	0	0.507
NRXN2	GRIN2B	0	0	0	0	0	0	0	0	0	0	0.516
NRXN2	GRIA1	0	0	0	0	0	0	0	0	0	0	0.538
NRXN2	NRXN3	0	0	0	0	0	0	0	0	0	0	0.585
NRXN2	HOMER2	0	0	0	0	0	0	0	0	0	0	0.592
NRXN2	EPB41L1	0	0	0	0	0	0	0	0	0	0	0.599
NRXN2	GRIA2	0	0	0	0	0	0	0	0	0	0	0.607
NRXN2	MDGA1	0	0	0	0	0	0	0	0	0	0	0.612
NRXN2	HOMER3	0	0	0	0	0	0	0	0	0	0	0.619
NRXN2	GRM1	0	0	0	0	0	0	0	0	0	0	0.676
NRXN2	GRIA4	0	0	0	0	0	0	0	0	0	0	0.684
NRXN2	HOMER1	0	0	0	0	0	0	0	0	0	0	0.687
NRXN2	DLG3	0	0	0	0	0	0	0	0	0	0	0.713
NRXN2	GRM5	0	0	0	0	0	0	0	0	0	0	0.713
NRXN2	DLGAP2	0	0	0	0	0	0	0	0	0	0	0.714
NRXN2	DLGAP3	0	0	0	0	0	0	0	0	0	0	0.719
NRXN2	DLG2	0	0	0	0	0	0	0	0	0	0	0.741
NRXN2	DLGAP1	0	0	0	0	0	0	0	0	0	0	0.743
NRXN2	NXPH1	0	0	0	0	0	0	0	0	0	0	0.827
NRXN2	GPHN	0	0	0	0	0	0	0	0	0	0	0.831
NRXN2	SHANK1	0	0	0	0	0	0	0	0	0	0	0.876
NRXN2	SHANK2	0	0	0	0	0	0	0	0	0	0	0.88
NRXN2	SHANK3	0	0	0	0	0	0	0	0	0	0	0.897
NRXN2	NRXN1	0	0	0	0	0	0	0	0	0	0	0.922
NRXN2	DLG4	0	0	0	0	0	0	0	0	0	0	0.987
NRXN2	LRRTM2	0	0	0	0	0	0	0	0	0	0	0.993
NRXN2	DAG1	0	0	0	0	0	0	0	0	0	0	0.997
NRXN2	NLGN2	0	0	0	0	0	0	0	0	0	0	0.999
NRXN2	NLGN1	0	0	0	0	0	0	0	0	0	0	0.999
NRXN2	NLGN3	0	0	0	0	0	0	0	0	0	0	0.999
NRXN2	NLGN4Y	0	0	0	0	0	0	0	0	0	0	0.999
NRXN2	NLGN4X	0	0	0	0	0	0	0	0	0	0	0.999
TP53	GNAQ	0	0	0	0	0	0	0	0	0	0	0.479
TP53	UBE2L3	0	0	0	0	0	0	0	0	0	0	0.5
TP53	CALM3	0	0	0	0	0	0	0	0	0	0	0.508
TP53	UBE2D2	0	0	0	0	0	0	0	0	0	0	0.531
TP53	DLG1	0	0	0	0	0	0	0	0	0	0	0.533
TP53	SPOP	0	0	0	0	0	0	0	0	0	0	0.571
TP53	UBE2D1	0	0	0	0	0	0	0	0	0	0	0.578
TP53	SCRIB	0	0	0	0	0	0	0	0	0	0	0.587
TP53	CALML4	0	0	0	0	0	0	0	0	0	0	0.657
TP53	RAD23A	0	0	0	0	0	0	0	0	0	0	0.657
TP53	CALML3	0	0	0	0	0	0	0	0	0	0	0.657
TP53	FYN	0	0	0	0	0	0	0	0	0	0	0.657
TP53	PRKCI	0	0	0	0	0	0	0	0	0	0	0.661
TP53	DLG4	0	0	0	0	0	0	0	0	0	0	0.734
TP53	PIK3R1	0	0	0	0	0	0	0	0	0	0	0.853
TP53	PSMD4	0	0	0	0	0	0	0	0	0	0	0.88
TP53	CTNNB1	0	0	0	0	0	0	0	0	0	0	0.927
TP53	PTK2	0	0	0	0	0	0	0	0	0	0	0.928
TP53	PRKCZ	0	0	0	0	0	0	0	0	0	0	0.933
TP53	AKT1	0	0	0	0	0	0	0	0	0	0	0.994
TP53	UBE3A	0	0	0	0	0	0	0	0	0	0	0.999
TP53	PTEN	0	0	0	0	0	0	0	0	0	0	0.999
CACNG8	EPB41L1	0	0	0	0	0	0	0	0	0	0	0.46
CACNG8	NLGN1	0	0	0	0	0	0	0	0	0	0	0.514
CACNG8	DLG1	0	0	0	0	0	0	0	0	0	0	0.584
CACNG8	DLG3	0	0	0	0	0	0	0	0	0	0	0.649
CACNG8	GRIN3A	0	0	0	0	0	0	0	0	0	0	0.743
CACNG8	CACNG2	0	0	0	0	0	0	0	0	0	0	0.748
CACNG8	GRIN2C	0	0	0	0	0	0	0	0	0	0	0.761
CACNG8	CAMK2A	0	0	0	0	0	0	0	0	0	0	0.782
CACNG8	GRIN1	0	0	0	0	0	0	0	0	0	0	0.799
CACNG8	GRIN2A	0	0	0	0	0	0	0	0	0	0	0.812
CACNG8	GRIN2B	0	0	0	0	0	0	0	0	0	0	0.822
CACNG8	DLG4	0	0	0	0	0	0	0	0	0	0	0.901
CACNG8	GRIA3	0	0	0	0	0	0	0	0	0	0	0.936
CACNG8	GRIA4	0	0	0	0	0	0	0	0	0	0	0.936
CACNG8	CACNB4	0	0	0	0	0	0	0	0	0	0	0.94
CACNG8	SHISA9	0	0	0	0	0	0	0	0	0	0	0.948
CACNG8	CNIH2	0	0	0	0	0	0	0	0	0	0	0.99
CACNG8	GRIA2	0	0	0	0	0	0	0	0	0	0	0.994
CACNG8	GRIA1	0	0	0	0	0	0	0	0	0	0	0.996
LRRTM2	MDGA1	0	0	0	0	0	0	0	0	0	0	0.419
LRRTM2	GPHN	0	0	0	0	0	0	0	0	0	0	0.464
LRRTM2	NLGN4Y	0	0	0	0	0	0	0	0	0	0	0.474
LRRTM2	GRIA1	0	0	0	0	0	0	0	0	0	0	0.493
LRRTM2	NLGN2	0	0	0	0	0	0	0	0	0	0	0.65
LRRTM2	GRIA2	0	0	0	0	0	0	0	0	0	0	0.681
LRRTM2	NLGN4X	0	0	0	0	0	0	0	0	0	0	0.724
LRRTM2	NLGN3	0	0	0	0	0	0	0	0	0	0	0.725
LRRTM2	NLGN1	0	0	0	0	0	0	0	0	0	0	0.815
LRRTM2	DLG4	0	0	0	0	0	0	0	0	0	0	0.902
LRRTM2	NRXN3	0	0	0	0	0	0	0	0	0	0	0.92
LRRTM2	NRXN1	0	0	0	0	0	0	0	0	0	0	0.997
GRIA4	HOMER1	0	0	0	0	0	0	0	0	0	0	0.42
GRIA4	NXPH1	0	0	0	0	0	0	0	0	0	0	0.421
GRIA4	DLGAP1	0	0	0	0	0	0	0	0	0	0	0.423
GRIA4	SHANK1	0	0	0	0	0	0	0	0	0	0	0.45
GRIA4	NLGN1	0	0	0	0	0	0	0	0	0	0	0.496
GRIA4	SHANK2	0	0	0	0	0	0	0	0	0	0	0.579
GRIA4	DLG3	0	0	0	0	0	0	0	0	0	0	0.646
GRIA4	GRM1	0	0	0	0	0	0	0	0	0	0	0.653
GRIA4	GRM5	0	0	0	0	0	0	0	0	0	0	0.667
GRIA4	NRXN1	0	0	0	0	0	0	0	0	0	0	0.688
GRIA4	DLG2	0	0	0	0	0	0	0	0	0	0	0.698
GRIA4	EPB41L1	0	0	0	0	0	0	0	0	0	0	0.807
GRIA4	CAMK2A	0	0	0	0	0	0	0	0	0	0	0.814
GRIA4	GRIN2C	0	0	0	0	0	0	0	0	0	0	0.824
GRIA4	DLG1	0	0	0	0	0	0	0	0	0	0	0.828
GRIA4	DLG4	0	0	0	0	0	0	0	0	0	0	0.829
GRIA4	GRIN2B	0	0	0	0	0	0	0	0	0	0	0.853
GRIA4	GRIN3A	0	0	0	0	0	0	0	0	0	0	0.878
GRIA4	GRIN1	0	0	0	0	0	0	0	0	0	0	0.886
GRIA4	GRIN2A	0	0	0	0	0	0	0	0	0	0	0.898
GRIA4	SHISA9	0	0	0	0	0	0	0	0	0	0	0.919
GRIA4	CNIH2	0	0	0	0	0	0	0	0	0	0	0.94
GRIA4	CACNG2	0	0	0	0	0	0	0	0	0	0	0.975
GRIA4	GRIA3	0	0	0	0	0	0	0	0	0	0	0.997
GRIA4	GRIA1	0	0	0	0	0	0	0	0	0	0	0.997
GRIA4	GRIA2	0	0	0	0	0	0	0	0	0	0	0.999
GRM1	AKT1	0	0	0	0	0	0	0	0	0	0	0.421
GRM1	CALML4	0	0	0	0	0	0	0	0	0	0	0.427
GRM1	CALML3	0	0	0	0	0	0	0	0	0	0	0.432
GRM1	CALM3	0	0	0	0	0	0	0	0	0	0	0.445
GRM1	FYN	0	0	0	0	0	0	0	0	0	0	0.45
GRM1	DLG1	0	0	0	0	0	0	0	0	0	0	0.46
GRM1	PIK3R1	0	0	0	0	0	0	0	0	0	0	0.48
GRM1	GRIN3A	0	0	0	0	0	0	0	0	0	0	0.537
GRM1	NLGN4Y	0	0	0	0	0	0	0	0	0	0	0.573
GRM1	DLG3	0	0	0	0	0	0	0	0	0	0	0.598
GRM1	GRIA3	0	0	0	0	0	0	0	0	0	0	0.602
GRM1	NLGN2	0	0	0	0	0	0	0	0	0	0	0.61
GRM1	GRIN2C	0	0	0	0	0	0	0	0	0	0	0.616
GRM1	NLGN4X	0	0	0	0	0	0	0	0	0	0	0.624
GRM1	DLGAP2	0	0	0	0	0	0	0	0	0	0	0.628
GRM1	DLG2	0	0	0	0	0	0	0	0	0	0	0.64
GRM1	NLGN3	0	0	0	0	0	0	0	0	0	0	0.648
GRM1	NLGN1	0	0	0	0	0	0	0	0	0	0	0.652
GRM1	GRIN1	0	0	0	0	0	0	0	0	0	0	0.659
GRM1	NRXN3	0	0	0	0	0	0	0	0	0	0	0.687
GRM1	DLGAP3	0	0	0	0	0	0	0	0	0	0	0.688
GRM1	NRXN1	0	0	0	0	0	0	0	0	0	0	0.705
GRM1	SHANK2	0	0	0	0	0	0	0	0	0	0	0.714
GRM1	GRIN2A	0	0	0	0	0	0	0	0	0	0	0.738
GRM1	GRIN2B	0	0	0	0	0	0	0	0	0	0	0.758
GRM1	SHANK3	0	0	0	0	0	0	0	0	0	0	0.788
GRM1	GRIA2	0	0	0	0	0	0	0	0	0	0	0.809
GRM1	GRIA1	0	0	0	0	0	0	0	0	0	0	0.849
GRM1	DLG4	0	0	0	0	0	0	0	0	0	0	0.862
GRM1	SHANK1	0	0	0	0	0	0	0	0	0	0	0.899
GRM1	DLGAP1	0	0	0	0	0	0	0	0	0	0	0.938
GRM1	CAMK2A	0	0	0	0	0	0	0	0	0	0	0.968
GRM1	GRM5	0	0	0	0	0	0	0	0	0	0	0.977
GRM1	HOMER2	0	0	0	0	0	0	0	0	0	0	0.989
GRM1	HOMER3	0	0	0	0	0	0	0	0	0	0	0.99
GRM1	GNAQ	0	0	0	0	0	0	0	0	0	0	0.998
GRM1	HOMER1	0	0	0	0	0	0	0	0	0	0	0.998
GNAQ	CTNNB1	0	0	0	0	0	0	0	0	0	0	0.56
GNAQ	PTEN	0	0	0	0	0	0	0	0	0	0	0.567
GNAQ	CALML4	0	0	0	0	0	0	0	0	0	0	0.57
GNAQ	CALML3	0	0	0	0	0	0	0	0	0	0	0.581
GNAQ	CALM3	0	0	0	0	0	0	0	0	0	0	0.593
GNAQ	AKT1	0	0	0	0	0	0	0	0	0	0	0.775
GNAQ	PIK3R1	0	0	0	0	0	0	0	0	0	0	0.854
GNAQ	ADORA2A	0	0	0	0	0	0	0	0	0	0	0.959
GNAQ	GRM5	0	0	0	0	0	0	0	0	0	0	0.999
PREX2	AKT1	0	0	0	0	0	0	0	0	0	0	0.444
PREX2	PTEN	0	0	0	0	0	0	0	0	0	0	0.99
CALM3	GRIA2	0	0	0	0	0	0	0	0	0	0	0.434
CALM3	PTEN	0	0	0	0	0	0	0	0	0	0	0.451
CALM3	DLG1	0	0	0	0	0	0	0	0	0	0	0.457
CALM3	CACNB4	0	0	0	0	0	0	0	0	0	0	0.463
CALM3	MAST2	0	0	0	0	0	0	0	0	0	0	0.471
CALM3	PIK3R1	0	0	0	0	0	0	0	0	0	0	0.513
CALM3	GRIN3A	0	0	0	0	0	0	0	0	0	0	0.515
CALM3	ADORA2A	0	0	0	0	0	0	0	0	0	0	0.515
CALM3	HOMER2	0	0	0	0	0	0	0	0	0	0	0.517
CALM3	CTNNB1	0	0	0	0	0	0	0	0	0	0	0.528
CALM3	HOMER3	0	0	0	0	0	0	0	0	0	0	0.533
CALM3	GRIA1	0	0	0	0	0	0	0	0	0	0	0.583
CALM3	HOMER1	0	0	0	0	0	0	0	0	0	0	0.63
CALM3	FYN	0	0	0	0	0	0	0	0	0	0	0.685
CALM3	GRM5	0	0	0	0	0	0	0	0	0	0	0.688
CALM3	GRIN2C	0	0	0	0	0	0	0	0	0	0	0.758
CALM3	AKT1	0	0	0	0	0	0	0	0	0	0	0.802
CALM3	GRIN2A	0	0	0	0	0	0	0	0	0	0	0.901
CALM3	GRIN2B	0	0	0	0	0	0	0	0	0	0	0.91
CALM3	DLG4	0	0	0	0	0	0	0	0	0	0	0.989
CALM3	CALML4	0	0	0	0	0	0	0	0	0	0	0.996
CALM3	GRIN1	0	0	0	0	0	0	0	0	0	0	0.996
CALM3	CALML3	0	0	0	0	0	0	0	0	0	0	0.996
CALM3	CAMK2A	0	0	0	0	0	0	0	0	0	0	0.999
GRIN2C	MAGI2	0	0	0	0	0	0	0	0	0	0	0.409
GRIN2C	SHANK1	0	0	0	0	0	0	0	0	0	0	0.416
GRIN2C	GRM5	0	0	0	0	0	0	0	0	0	0	0.621
GRIN2C	DLG1	0	0	0	0	0	0	0	0	0	0	0.681
GRIN2C	SHISA9	0	0	0	0	0	0	0	0	0	0	0.733
GRIN2C	CAMK2A	0	0	0	0	0	0	0	0	0	0	0.735
GRIN2C	CALML3	0	0	0	0	0	0	0	0	0	0	0.741
GRIN2C	CALML4	0	0	0	0	0	0	0	0	0	0	0.741
GRIN2C	CNIH2	0	0	0	0	0	0	0	0	0	0	0.765
GRIN2C	GRIA3	0	0	0	0	0	0	0	0	0	0	0.809
GRIN2C	CACNG2	0	0	0	0	0	0	0	0	0	0	0.817
GRIN2C	DLG2	0	0	0	0	0	0	0	0	0	0	0.818
GRIN2C	GRIA2	0	0	0	0	0	0	0	0	0	0	0.822
GRIN2C	GRIA1	0	0	0	0	0	0	0	0	0	0	0.829
GRIN2C	DLG3	0	0	0	0	0	0	0	0	0	0	0.872
GRIN2C	DLG4	0	0	0	0	0	0	0	0	0	0	0.99
GRIN2C	GRIN2A	0	0	0	0	0	0	0	0	0	0	0.998
GRIN2C	GRIN2B	0	0	0	0	0	0	0	0	0	0	0.998
GRIN2C	GRIN3A	0	0	0	0	0	0	0	0	0	0	0.998
GRIN2C	GRIN1	0	0	0	0	0	0	0	0	0	0	0.999
SHANK1	GPHN	0	0	0	0	0	0	0	0	0	0	0.416
SHANK1	CACNG2	0	0	0	0	0	0	0	0	0	0	0.418
SHANK1	MAGI2	0	0	0	0	0	0	0	0	0	0	0.418
SHANK1	DLG1	0	0	0	0	0	0	0	0	0	0	0.446
SHANK1	CAMK2A	0	0	0	0	0	0	0	0	0	0	0.533
SHANK1	GRIA2	0	0	0	0	0	0	0	0	0	0	0.563
SHANK1	GRIN1	0	0	0	0	0	0	0	0	0	0	0.596
SHANK1	GRIA1	0	0	0	0	0	0	0	0	0	0	0.619
SHANK1	NRXN3	0	0	0	0	0	0	0	0	0	0	0.696
SHANK1	GRIN2A	0	0	0	0	0	0	0	0	0	0	0.742
SHANK1	GRIN2B	0	0	0	0	0	0	0	0	0	0	0.752
SHANK1	NLGN4Y	0	0	0	0	0	0	0	0	0	0	0.76
SHANK1	DLG3	0	0	0	0	0	0	0	0	0	0	0.778
SHANK1	DLGAP2	0	0	0	0	0	0	0	0	0	0	0.841
SHANK1	NLGN2	0	0	0	0	0	0	0	0	0	0	0.868
SHANK1	DLG2	0	0	0	0	0	0	0	0	0	0	0.878
SHANK1	NRXN1	0	0	0	0	0	0	0	0	0	0	0.887
SHANK1	NLGN4X	0	0	0	0	0	0	0	0	0	0	0.894
SHANK1	NLGN3	0	0	0	0	0	0	0	0	0	0	0.904
SHANK1	DLGAP3	0	0	0	0	0	0	0	0	0	0	0.92
SHANK1	NLGN1	0	0	0	0	0	0	0	0	0	0	0.926
SHANK1	HOMER2	0	0	0	0	0	0	0	0	0	0	0.927
SHANK1	GRM5	0	0	0	0	0	0	0	0	0	0	0.939
SHANK1	HOMER3	0	0	0	0	0	0	0	0	0	0	0.966
SHANK1	SHANK2	0	0	0	0	0	0	0	0	0	0	0.968
SHANK1	SHANK3	0	0	0	0	0	0	0	0	0	0	0.982
SHANK1	HOMER1	0	0	0	0	0	0	0	0	0	0	0.984
SHANK1	DLG4	0	0	0	0	0	0	0	0	0	0	0.992
SHANK1	DLGAP1	0	0	0	0	0	0	0	0	0	0	0.996
PRKCI	PIK3R1	0	0	0	0	0	0	0	0	0	0	0.919
PRKCI	PTEN	0	0	0	0	0	0	0	0	0	0	0.933
PRKCI	PRKCZ	0	0	0	0	0	0	0	0	0	0	0.989
PRKCI	LLGL1	0	0	0	0	0	0	0	0	0	0	0.993
PRKCI	LLGL2	0	0	0	0	0	0	0	0	0	0	0.996
GRIA2	DLGAP3	0	0	0	0	0	0	0	0	0	0	0.401
GRIA2	CALML4	0	0	0	0	0	0	0	0	0	0	0.404
GRIA2	PIK3R1	0	0	0	0	0	0	0	0	0	0	0.415
GRIA2	NRXN3	0	0	0	0	0	0	0	0	0	0	0.416
GRIA2	DLGAP2	0	0	0	0	0	0	0	0	0	0	0.422
GRIA2	NLGN4Y	0	0	0	0	0	0	0	0	0	0	0.426
GRIA2	NLGN4X	0	0	0	0	0	0	0	0	0	0	0.485
GRIA2	EPB41L1	0	0	0	0	0	0	0	0	0	0	0.485
GRIA2	NLGN2	0	0	0	0	0	0	0	0	0	0	0.516
GRIA2	GPHN	0	0	0	0	0	0	0	0	0	0	0.52
GRIA2	NLGN3	0	0	0	0	0	0	0	0	0	0	0.535
GRIA2	SHANK3	0	0	0	0	0	0	0	0	0	0	0.573
GRIA2	HOMER1	0	0	0	0	0	0	0	0	0	0	0.596
GRIA2	CTNNB1	0	0	0	0	0	0	0	0	0	0	0.615
GRIA2	SHANK2	0	0	0	0	0	0	0	0	0	0	0.637
GRIA2	NLGN1	0	0	0	0	0	0	0	0	0	0	0.64
GRIA2	NRXN1	0	0	0	0	0	0	0	0	0	0	0.695
GRIA2	DLGAP1	0	0	0	0	0	0	0	0	0	0	0.722
GRIA2	DLG3	0	0	0	0	0	0	0	0	0	0	0.789
GRIA2	DLG1	0	0	0	0	0	0	0	0	0	0	0.809
GRIA2	DLG2	0	0	0	0	0	0	0	0	0	0	0.815
GRIA2	GRIN3A	0	0	0	0	0	0	0	0	0	0	0.845
GRIA2	GRM5	0	0	0	0	0	0	0	0	0	0	0.852
GRIA2	SHISA9	0	0	0	0	0	0	0	0	0	0	0.855
GRIA2	GRIN2B	0	0	0	0	0	0	0	0	0	0	0.885
GRIA2	GRIN1	0	0	0	0	0	0	0	0	0	0	0.901
GRIA2	GRIN2A	0	0	0	0	0	0	0	0	0	0	0.933
GRIA2	DLG4	0	0	0	0	0	0	0	0	0	0	0.968
GRIA2	CAMK2A	0	0	0	0	0	0	0	0	0	0	0.977
GRIA2	CNIH2	0	0	0	0	0	0	0	0	0	0	0.99
GRIA2	CACNG2	0	0	0	0	0	0	0	0	0	0	0.995
GRIA2	GRIA1	0	0	0	0	0	0	0	0	0	0	0.999
GRIA2	GRIA3	0	0	0	0	0	0	0	0	0	0	0.999
CACNG2	NLGN1	0	0	0	0	0	0	0	0	0	0	0.413
CACNG2	NRXN1	0	0	0	0	0	0	0	0	0	0	0.435
CACNG2	HOMER1	0	0	0	0	0	0	0	0	0	0	0.446
CACNG2	EPB41L1	0	0	0	0	0	0	0	0	0	0	0.67
CACNG2	DLGAP1	0	0	0	0	0	0	0	0	0	0	0.751
CACNG2	DLG2	0	0	0	0	0	0	0	0	0	0	0.783
CACNG2	CAMK2A	0	0	0	0	0	0	0	0	0	0	0.808
CACNG2	GRIN3A	0	0	0	0	0	0	0	0	0	0	0.852
CACNG2	GRIN2A	0	0	0	0	0	0	0	0	0	0	0.88
CACNG2	GRIN2B	0	0	0	0	0	0	0	0	0	0	0.893
CACNG2	GRIN1	0	0	0	0	0	0	0	0	0	0	0.894
CACNG2	DLG3	0	0	0	0	0	0	0	0	0	0	0.9
CACNG2	CNIH2	0	0	0	0	0	0	0	0	0	0	0.906
CACNG2	MAGI2	0	0	0	0	0	0	0	0	0	0	0.915
CACNG2	DLG1	0	0	0	0	0	0	0	0	0	0	0.941
CACNG2	CACNB4	0	0	0	0	0	0	0	0	0	0	0.951
CACNG2	SHISA9	0	0	0	0	0	0	0	0	0	0	0.973
CACNG2	GRIA3	0	0	0	0	0	0	0	0	0	0	0.984
CACNG2	DLG4	0	0	0	0	0	0	0	0	0	0	0.999
CACNG2	GRIA1	0	0	0	0	0	0	0	0	0	0	0.999
NLGN2	CAMK2A	0	0	0	0	0	0	0	0	0	0	0.411
NLGN2	NXPH1	0	0	0	0	0	0	0	0	0	0	0.414
NLGN2	DLG1	0	0	0	0	0	0	0	0	0	0	0.44
NLGN2	PTEN	0	0	0	0	0	0	0	0	0	0	0.455
NLGN2	GRIN1	0	0	0	0	0	0	0	0	0	0	0.469
NLGN2	PRNP	0	0	0	0	0	0	0	0	0	0	0.485
NLGN2	GRIN2B	0	0	0	0	0	0	0	0	0	0	0.496
NLGN2	CTNNB1	0	0	0	0	0	0	0	0	0	0	0.499
NLGN2	GRIN2A	0	0	0	0	0	0	0	0	0	0	0.521
NLGN2	NLGN4Y	0	0	0	0	0	0	0	0	0	0	0.525
NLGN2	GRIA1	0	0	0	0	0	0	0	0	0	0	0.532
NLGN2	DAG1	0	0	0	0	0	0	0	0	0	0	0.59
NLGN2	EPB41L1	0	0	0	0	0	0	0	0	0	0	0.624
NLGN2	HOMER2	0	0	0	0	0	0	0	0	0	0	0.647
NLGN2	GRM5	0	0	0	0	0	0	0	0	0	0	0.668
NLGN2	NLGN3	0	0	0	0	0	0	0	0	0	0	0.683
NLGN2	HOMER3	0	0	0	0	0	0	0	0	0	0	0.697
NLGN2	HOMER1	0	0	0	0	0	0	0	0	0	0	0.699
NLGN2	NLGN4X	0	0	0	0	0	0	0	0	0	0	0.704
NLGN2	NLGN1	0	0	0	0	0	0	0	0	0	0	0.704
NLGN2	DLGAP3	0	0	0	0	0	0	0	0	0	0	0.709
NLGN2	DLGAP2	0	0	0	0	0	0	0	0	0	0	0.715
NLGN2	DLG2	0	0	0	0	0	0	0	0	0	0	0.784
NLGN2	MAGI2	0	0	0	0	0	0	0	0	0	0	0.813
NLGN2	DLGAP1	0	0	0	0	0	0	0	0	0	0	0.844
NLGN2	SHANK2	0	0	0	0	0	0	0	0	0	0	0.868
NLGN2	DLG3	0	0	0	0	0	0	0	0	0	0	0.883
NLGN2	SHANK3	0	0	0	0	0	0	0	0	0	0	0.935
NLGN2	GPHN	0	0	0	0	0	0	0	0	0	0	0.968
NLGN2	NRXN3	0	0	0	0	0	0	0	0	0	0	0.978
NLGN2	MDGA1	0	0	0	0	0	0	0	0	0	0	0.994
NLGN2	DLG4	0	0	0	0	0	0	0	0	0	0	0.998
NLGN2	NRXN1	0	0	0	0	0	0	0	0	0	0	0.999
HOMER2	GRIA1	0	0	0	0	0	0	0	0	0	0	0.4
HOMER2	GRIN1	0	0	0	0	0	0	0	0	0	0	0.42
HOMER2	GRIN2A	0	0	0	0	0	0	0	0	0	0	0.478
HOMER2	GRIN2B	0	0	0	0	0	0	0	0	0	0	0.502
HOMER2	CALML4	0	0	0	0	0	0	0	0	0	0	0.507
HOMER2	CALML3	0	0	0	0	0	0	0	0	0	0	0.518
HOMER2	NLGN4X	0	0	0	0	0	0	0	0	0	0	0.596
HOMER2	NRXN1	0	0	0	0	0	0	0	0	0	0	0.605
HOMER2	NLGN4Y	0	0	0	0	0	0	0	0	0	0	0.607
HOMER2	DLG2	0	0	0	0	0	0	0	0	0	0	0.61
HOMER2	DLG3	0	0	0	0	0	0	0	0	0	0	0.613
HOMER2	NLGN1	0	0	0	0	0	0	0	0	0	0	0.618
HOMER2	DLGAP2	0	0	0	0	0	0	0	0	0	0	0.637
HOMER2	AKT1	0	0	0	0	0	0	0	0	0	0	0.638
HOMER2	NLGN3	0	0	0	0	0	0	0	0	0	0	0.641
HOMER2	DLGAP3	0	0	0	0	0	0	0	0	0	0	0.666
HOMER2	NRXN3	0	0	0	0	0	0	0	0	0	0	0.691
HOMER2	SHANK3	0	0	0	0	0	0	0	0	0	0	0.758
HOMER2	DLG4	0	0	0	0	0	0	0	0	0	0	0.779
HOMER2	SHANK2	0	0	0	0	0	0	0	0	0	0	0.782
HOMER2	DLGAP1	0	0	0	0	0	0	0	0	0	0	0.857
HOMER2	GRM5	0	0	0	0	0	0	0	0	0	0	0.965
HOMER2	HOMER3	0	0	0	0	0	0	0	0	0	0	0.99
HOMER2	HOMER1	0	0	0	0	0	0	0	0	0	0	0.991
GRM5	AKT1	0	0	0	0	0	0	0	0	0	0	0.44
GRM5	FYN	0	0	0	0	0	0	0	0	0	0	0.471
GRM5	CALML4	0	0	0	0	0	0	0	0	0	0	0.49
GRM5	CALML3	0	0	0	0	0	0	0	0	0	0	0.493
GRM5	PRKCZ	0	0	0	0	0	0	0	0	0	0	0.515
GRM5	NXPH1	0	0	0	0	0	0	0	0	0	0	0.54
GRM5	GPHN	0	0	0	0	0	0	0	0	0	0	0.545
GRM5	EPB41L1	0	0	0	0	0	0	0	0	0	0	0.547
GRM5	NLGN4Y	0	0	0	0	0	0	0	0	0	0	0.611
GRM5	DLG3	0	0	0	0	0	0	0	0	0	0	0.642
GRM5	DLGAP2	0	0	0	0	0	0	0	0	0	0	0.686
GRM5	NLGN4X	0	0	0	0	0	0	0	0	0	0	0.696
GRM5	GRIN3A	0	0	0	0	0	0	0	0	0	0	0.699
GRM5	DLG2	0	0	0	0	0	0	0	0	0	0	0.702
GRM5	NLGN1	0	0	0	0	0	0	0	0	0	0	0.716
GRM5	NRXN3	0	0	0	0	0	0	0	0	0	0	0.724
GRM5	NLGN3	0	0	0	0	0	0	0	0	0	0	0.735
GRM5	NRXN1	0	0	0	0	0	0	0	0	0	0	0.766
GRM5	GRIA3	0	0	0	0	0	0	0	0	0	0	0.782
GRM5	DLGAP3	0	0	0	0	0	0	0	0	0	0	0.786
GRM5	GRIN1	0	0	0	0	0	0	0	0	0	0	0.792
GRM5	GRIN2A	0	0	0	0	0	0	0	0	0	0	0.841
GRM5	GRIN2B	0	0	0	0	0	0	0	0	0	0	0.842
GRM5	SHANK2	0	0	0	0	0	0	0	0	0	0	0.869
GRM5	SHANK3	0	0	0	0	0	0	0	0	0	0	0.88
GRM5	DLG4	0	0	0	0	0	0	0	0	0	0	0.902
GRM5	DLGAP1	0	0	0	0	0	0	0	0	0	0	0.915
GRM5	GRIA1	0	0	0	0	0	0	0	0	0	0	0.916
GRM5	HOMER3	0	0	0	0	0	0	0	0	0	0	0.929
GRM5	PRNP	0	0	0	0	0	0	0	0	0	0	0.953
GRM5	CAMK2A	0	0	0	0	0	0	0	0	0	0	0.975
GRM5	ADORA2A	0	0	0	0	0	0	0	0	0	0	0.976
GRM5	HOMER1	0	0	0	0	0	0	0	0	0	0	0.999
CNIH2	DLG3	0	0	0	0	0	0	0	0	0	0	0.552
CNIH2	GRIN3A	0	0	0	0	0	0	0	0	0	0	0.763
CNIH2	GRIN2B	0	0	0	0	0	0	0	0	0	0	0.774
CNIH2	GRIN2A	0	0	0	0	0	0	0	0	0	0	0.784
CNIH2	GRIN1	0	0	0	0	0	0	0	0	0	0	0.796
CNIH2	DLG4	0	0	0	0	0	0	0	0	0	0	0.856
CNIH2	SHISA9	0	0	0	0	0	0	0	0	0	0	0.949
CNIH2	GRIA3	0	0	0	0	0	0	0	0	0	0	0.97
CNIH2	GRIA1	0	0	0	0	0	0	0	0	0	0	0.995
CALML3	PTEN	0	0	0	0	0	0	0	0	0	0	0.437
CALML3	ADORA2A	0	0	0	0	0	0	0	0	0	0	0.455
CALML3	DLG1	0	0	0	0	0	0	0	0	0	0	0.456
CALML3	HOMER3	0	0	0	0	0	0	0	0	0	0	0.532
CALML3	GRIA1	0	0	0	0	0	0	0	0	0	0	0.581
CALML3	HOMER1	0	0	0	0	0	0	0	0	0	0	0.625
CALML3	CTNNB1	0	0	0	0	0	0	0	0	0	0	0.628
CALML3	FYN	0	0	0	0	0	0	0	0	0	0	0.682
CALML3	AKT1	0	0	0	0	0	0	0	0	0	0	0.719
CALML3	DLG4	0	0	0	0	0	0	0	0	0	0	0.891
CALML3	GRIN2A	0	0	0	0	0	0	0	0	0	0	0.895
CALML3	GRIN2B	0	0	0	0	0	0	0	0	0	0	0.927
CALML3	GRIN1	0	0	0	0	0	0	0	0	0	0	0.96
CALML3	CALML4	0	0	0	0	0	0	0	0	0	0	0.963
CALML3	CAMK2A	0	0	0	0	0	0	0	0	0	0	0.999
DLGAP1	GRIN1	0	0	0	0	0	0	0	0	0	0	0.57
DLGAP1	NRXN3	0	0	0	0	0	0	0	0	0	0	0.659
DLGAP1	CAMK2A	0	0	0	0	0	0	0	0	0	0	0.703
DLGAP1	DLGAP2	0	0	0	0	0	0	0	0	0	0	0.704
DLGAP1	DLGAP3	0	0	0	0	0	0	0	0	0	0	0.724
DLGAP1	MAGI2	0	0	0	0	0	0	0	0	0	0	0.732
DLGAP1	NRXN1	0	0	0	0	0	0	0	0	0	0	0.774
DLGAP1	NLGN4Y	0	0	0	0	0	0	0	0	0	0	0.843
DLGAP1	GRIA1	0	0	0	0	0	0	0	0	0	0	0.852
DLGAP1	NLGN3	0	0	0	0	0	0	0	0	0	0	0.855
DLGAP1	NLGN4X	0	0	0	0	0	0	0	0	0	0	0.861
DLGAP1	GRIN2A	0	0	0	0	0	0	0	0	0	0	0.885
DLGAP1	DLG3	0	0	0	0	0	0	0	0	0	0	0.887
DLGAP1	DLG2	0	0	0	0	0	0	0	0	0	0	0.89
DLGAP1	GRIN2B	0	0	0	0	0	0	0	0	0	0	0.9
DLGAP1	NLGN1	0	0	0	0	0	0	0	0	0	0	0.927
DLGAP1	HOMER3	0	0	0	0	0	0	0	0	0	0	0.943
DLGAP1	DLG1	0	0	0	0	0	0	0	0	0	0	0.952
DLGAP1	SHANK2	0	0	0	0	0	0	0	0	0	0	0.981
DLGAP1	HOMER1	0	0	0	0	0	0	0	0	0	0	0.986
DLGAP1	SHANK3	0	0	0	0	0	0	0	0	0	0	0.997
DLGAP1	DLG4	0	0	0	0	0	0	0	0	0	0	0.999
LLGL1	FYN	0	0	0	0	0	0	0	0	0	0	0.406
LLGL1	DLG2	0	0	0	0	0	0	0	0	0	0	0.84
LLGL1	UBE3A	0	0	0	0	0	0	0	0	0	0	0.905
LLGL1	DLG3	0	0	0	0	0	0	0	0	0	0	0.939
LLGL1	SCRIB	0	0	0	0	0	0	0	0	0	0	0.964
LLGL1	DLG1	0	0	0	0	0	0	0	0	0	0	0.975
LLGL1	DLG4	0	0	0	0	0	0	0	0	0	0	0.983
LLGL1	LLGL2	0	0	0	0	0	0	0	0	0	0	0.993
LLGL1	PRKCZ	0	0	0	0	0	0	0	0	0	0	0.995
GRIN2A	NLGN4X	0	0	0	0	0	0	0	0	0	0	0.471
GRIN2A	NLGN3	0	0	0	0	0	0	0	0	0	0	0.472
GRIN2A	GPHN	0	0	0	0	0	0	0	0	0	0	0.482
GRIN2A	CACNB4	0	0	0	0	0	0	0	0	0	0	0.54
GRIN2A	NLGN1	0	0	0	0	0	0	0	0	0	0	0.554
GRIN2A	SHANK2	0	0	0	0	0	0	0	0	0	0	0.555
GRIN2A	DLGAP3	0	0	0	0	0	0	0	0	0	0	0.574
GRIN2A	MAGI2	0	0	0	0	0	0	0	0	0	0	0.575
GRIN2A	DLGAP2	0	0	0	0	0	0	0	0	0	0	0.577
GRIN2A	NRXN1	0	0	0	0	0	0	0	0	0	0	0.617
GRIN2A	SHANK3	0	0	0	0	0	0	0	0	0	0	0.638
GRIN2A	AKT1	0	0	0	0	0	0	0	0	0	0	0.659
GRIN2A	HOMER1	0	0	0	0	0	0	0	0	0	0	0.768
GRIN2A	SHISA9	0	0	0	0	0	0	0	0	0	0	0.786
GRIN2A	GRIA3	0	0	0	0	0	0	0	0	0	0	0.886
GRIN2A	CALML4	0	0	0	0	0	0	0	0	0	0	0.897
GRIN2A	GRIA1	0	0	0	0	0	0	0	0	0	0	0.926
GRIN2A	CAMK2A	0	0	0	0	0	0	0	0	0	0	0.968
GRIN2A	DLG1	0	0	0	0	0	0	0	0	0	0	0.979
GRIN2A	FYN	0	0	0	0	0	0	0	0	0	0	0.981
GRIN2A	DLG2	0	0	0	0	0	0	0	0	0	0	0.997
GRIN2A	DLG3	0	0	0	0	0	0	0	0	0	0	0.998
GRIN2A	GRIN1	0	0	0	0	0	0	0	0	0	0	0.999
GRIN2A	GRIN2B	0	0	0	0	0	0	0	0	0	0	0.999
GRIN2A	GRIN3A	0	0	0	0	0	0	0	0	0	0	0.999
GRIN2A	DLG4	0	0	0	0	0	0	0	0	0	0	0.999
HOMER1	GRIA3	0	0	0	0	0	0	0	0	0	0	0.43
HOMER1	PRNP	0	0	0	0	0	0	0	0	0	0	0.521
HOMER1	DLG1	0	0	0	0	0	0	0	0	0	0	0.553
HOMER1	NRXN3	0	0	0	0	0	0	0	0	0	0	0.608
HOMER1	CALML4	0	0	0	0	0	0	0	0	0	0	0.618
HOMER1	GRIN1	0	0	0	0	0	0	0	0	0	0	0.641
HOMER1	NLGN4Y	0	0	0	0	0	0	0	0	0	0	0.649
HOMER1	GRIN2B	0	0	0	0	0	0	0	0	0	0	0.675
HOMER1	NLGN4X	0	0	0	0	0	0	0	0	0	0	0.69
HOMER1	NRXN1	0	0	0	0	0	0	0	0	0	0	0.706
HOMER1	DLG3	0	0	0	0	0	0	0	0	0	0	0.707
HOMER1	NLGN3	0	0	0	0	0	0	0	0	0	0	0.721
HOMER1	NLGN1	0	0	0	0	0	0	0	0	0	0	0.726
HOMER1	GPHN	0	0	0	0	0	0	0	0	0	0	0.733
HOMER1	DLGAP2	0	0	0	0	0	0	0	0	0	0	0.734
HOMER1	CAMK2A	0	0	0	0	0	0	0	0	0	0	0.735
HOMER1	EPB41L1	0	0	0	0	0	0	0	0	0	0	0.747
HOMER1	DLGAP3	0	0	0	0	0	0	0	0	0	0	0.816
HOMER1	DLG2	0	0	0	0	0	0	0	0	0	0	0.821
HOMER1	GRIA1	0	0	0	0	0	0	0	0	0	0	0.873
HOMER1	SHANK2	0	0	0	0	0	0	0	0	0	0	0.937
HOMER1	SHANK3	0	0	0	0	0	0	0	0	0	0	0.957
HOMER1	DLG4	0	0	0	0	0	0	0	0	0	0	0.988
HOMER1	HOMER3	0	0	0	0	0	0	0	0	0	0	0.993
EPB41L1	DLG3	0	0	0	0	0	0	0	0	0	0	0.471
EPB41L1	NRXN3	0	0	0	0	0	0	0	0	0	0	0.528
EPB41L1	NLGN3	0	0	0	0	0	0	0	0	0	0	0.543
EPB41L1	NLGN4Y	0	0	0	0	0	0	0	0	0	0	0.547
EPB41L1	CAMK2A	0	0	0	0	0	0	0	0	0	0	0.571
EPB41L1	NLGN4X	0	0	0	0	0	0	0	0	0	0	0.578
EPB41L1	NRXN1	0	0	0	0	0	0	0	0	0	0	0.592
EPB41L1	NLGN1	0	0	0	0	0	0	0	0	0	0	0.639
EPB41L1	GRIA3	0	0	0	0	0	0	0	0	0	0	0.66
EPB41L1	DLG4	0	0	0	0	0	0	0	0	0	0	0.793
EPB41L1	DLG1	0	0	0	0	0	0	0	0	0	0	0.815
EPB41L1	GRIA1	0	0	0	0	0	0	0	0	0	0	0.997
PTK2	DAG1	0	0	0	0	0	0	0	0	0	0	0.434
PTK2	CTNNB1	0	0	0	0	0	0	0	0	0	0	0.802
PTK2	AKT1	0	0	0	0	0	0	0	0	0	0	0.879
PTK2	PIK3R1	0	0	0	0	0	0	0	0	0	0	0.988
PTK2	PTEN	0	0	0	0	0	0	0	0	0	0	0.995
PTK2	FYN	0	0	0	0	0	0	0	0	0	0	0.998
SHANK2	MAGI2	0	0	0	0	0	0	0	0	0	0	0.413
SHANK2	DLG1	0	0	0	0	0	0	0	0	0	0	0.416
SHANK2	CAMK2A	0	0	0	0	0	0	0	0	0	0	0.442
SHANK2	GRIN1	0	0	0	0	0	0	0	0	0	0	0.475
SHANK2	UBE3A	0	0	0	0	0	0	0	0	0	0	0.486
SHANK2	GPHN	0	0	0	0	0	0	0	0	0	0	0.486
SHANK2	AKT1	0	0	0	0	0	0	0	0	0	0	0.539
SHANK2	GRIN3A	0	0	0	0	0	0	0	0	0	0	0.575
SHANK2	GRIN2B	0	0	0	0	0	0	0	0	0	0	0.628
SHANK2	NRXN3	0	0	0	0	0	0	0	0	0	0	0.725
SHANK2	DLG3	0	0	0	0	0	0	0	0	0	0	0.744
SHANK2	GRIA1	0	0	0	0	0	0	0	0	0	0	0.75
SHANK2	HOMER3	0	0	0	0	0	0	0	0	0	0	0.799
SHANK2	DLG2	0	0	0	0	0	0	0	0	0	0	0.811
SHANK2	NLGN4Y	0	0	0	0	0	0	0	0	0	0	0.85
SHANK2	NRXN1	0	0	0	0	0	0	0	0	0	0	0.914
SHANK2	NLGN1	0	0	0	0	0	0	0	0	0	0	0.914
SHANK2	DLGAP3	0	0	0	0	0	0	0	0	0	0	0.917
SHANK2	NLGN3	0	0	0	0	0	0	0	0	0	0	0.958
SHANK2	NLGN4X	0	0	0	0	0	0	0	0	0	0	0.964
SHANK2	DLGAP2	0	0	0	0	0	0	0	0	0	0	0.969
SHANK2	SHANK3	0	0	0	0	0	0	0	0	0	0	0.98
SHANK2	DLG4	0	0	0	0	0	0	0	0	0	0	0.993
DLG1	NLGN4Y	0	0	0	0	0	0	0	0	0	0	0.402
DLG1	NLGN4X	0	0	0	0	0	0	0	0	0	0	0.414
DLG1	NLGN3	0	0	0	0	0	0	0	0	0	0	0.436
DLG1	CALML4	0	0	0	0	0	0	0	0	0	0	0.457
DLG1	NRXN1	0	0	0	0	0	0	0	0	0	0	0.472
DLG1	NLGN1	0	0	0	0	0	0	0	0	0	0	0.483
DLG1	MAST2	0	0	0	0	0	0	0	0	0	0	0.531
DLG1	MAGI2	0	0	0	0	0	0	0	0	0	0	0.579
DLG1	SHANK3	0	0	0	0	0	0	0	0	0	0	0.587
DLG1	GRIA3	0	0	0	0	0	0	0	0	0	0	0.697
DLG1	DLGAP2	0	0	0	0	0	0	0	0	0	0	0.714
DLG1	CAMK2A	0	0	0	0	0	0	0	0	0	0	0.721
DLG1	CTNNB1	0	0	0	0	0	0	0	0	0	0	0.786
DLG1	GRIN1	0	0	0	0	0	0	0	0	0	0	0.878
DLG1	LLGL2	0	0	0	0	0	0	0	0	0	0	0.916
DLG1	SCRIB	0	0	0	0	0	0	0	0	0	0	0.917
DLG1	DLG4	0	0	0	0	0	0	0	0	0	0	0.956
DLG1	DLG2	0	0	0	0	0	0	0	0	0	0	0.962
DLG1	UBE3A	0	0	0	0	0	0	0	0	0	0	0.974
DLG1	DLG3	0	0	0	0	0	0	0	0	0	0	0.974
DLG1	GRIN2B	0	0	0	0	0	0	0	0	0	0	0.992
DLG1	PTEN	0	0	0	0	0	0	0	0	0	0	0.996
DLG1	GRIA1	0	0	0	0	0	0	0	0	0	0	0.999
MAGI2	GRIA1	0	0	0	0	0	0	0	0	0	0	0.408
MAGI2	DLGAP2	0	0	0	0	0	0	0	0	0	0	0.42
MAGI2	NRXN1	0	0	0	0	0	0	0	0	0	0	0.461
MAGI2	GRIN2B	0	0	0	0	0	0	0	0	0	0	0.595
MAGI2	DLG4	0	0	0	0	0	0	0	0	0	0	0.616
MAGI2	DLGAP3	0	0	0	0	0	0	0	0	0	0	0.633
MAGI2	DAG1	0	0	0	0	0	0	0	0	0	0	0.669
MAGI2	NLGN4Y	0	0	0	0	0	0	0	0	0	0	0.743
MAGI2	NLGN4X	0	0	0	0	0	0	0	0	0	0	0.763
MAGI2	NLGN3	0	0	0	0	0	0	0	0	0	0	0.779
MAGI2	MAST2	0	0	0	0	0	0	0	0	0	0	0.84
MAGI2	NLGN1	0	0	0	0	0	0	0	0	0	0	0.893
MAGI2	CTNNB1	0	0	0	0	0	0	0	0	0	0	0.986
MAGI2	PTEN	0	0	0	0	0	0	0	0	0	0	0.998
FYN	GRIA1	0	0	0	0	0	0	0	0	0	0	0.451
FYN	DAG1	0	0	0	0	0	0	0	0	0	0	0.484
FYN	PTEN	0	0	0	0	0	0	0	0	0	0	0.657
FYN	CALML4	0	0	0	0	0	0	0	0	0	0	0.679
FYN	DLG3	0	0	0	0	0	0	0	0	0	0	0.705
FYN	GRIN1	0	0	0	0	0	0	0	0	0	0	0.743
FYN	DLG2	0	0	0	0	0	0	0	0	0	0	0.766
FYN	AKT1	0	0	0	0	0	0	0	0	0	0	0.834
FYN	CTNNB1	0	0	0	0	0	0	0	0	0	0	0.986
FYN	PIK3R1	0	0	0	0	0	0	0	0	0	0	0.988
FYN	PRNP	0	0	0	0	0	0	0	0	0	0	0.99
FYN	GRIN2B	0	0	0	0	0	0	0	0	0	0	0.993
FYN	DLG4	0	0	0	0	0	0	0	0	0	0	0.996
NLGN4Y	GRIA1	0	0	0	0	0	0	0	0	0	0	0.412
NLGN4Y	GRIN2B	0	0	0	0	0	0	0	0	0	0	0.448
NLGN4Y	PTEN	0	0	0	0	0	0	0	0	0	0	0.464
NLGN4Y	GPHN	0	0	0	0	0	0	0	0	0	0	0.478
NLGN4Y	PRNP	0	0	0	0	0	0	0	0	0	0	0.487
NLGN4Y	CTNNB1	0	0	0	0	0	0	0	0	0	0	0.498
NLGN4Y	MDGA1	0	0	0	0	0	0	0	0	0	0	0.505
NLGN4Y	NLGN4X	0	0	0	0	0	0	0	0	0	0	0.519
NLGN4Y	NLGN1	0	0	0	0	0	0	0	0	0	0	0.523
NLGN4Y	HOMER3	0	0	0	0	0	0	0	0	0	0	0.608
NLGN4Y	DLGAP3	0	0	0	0	0	0	0	0	0	0	0.66
NLGN4Y	DLGAP2	0	0	0	0	0	0	0	0	0	0	0.669
NLGN4Y	DLG2	0	0	0	0	0	0	0	0	0	0	0.696
NLGN4Y	NLGN3	0	0	0	0	0	0	0	0	0	0	0.697
NLGN4Y	NRXN3	0	0	0	0	0	0	0	0	0	0	0.827
NLGN4Y	DLG3	0	0	0	0	0	0	0	0	0	0	0.848
NLGN4Y	SHANK3	0	0	0	0	0	0	0	0	0	0	0.899
NLGN4Y	DLG4	0	0	0	0	0	0	0	0	0	0	0.986
NLGN4Y	NRXN1	0	0	0	0	0	0	0	0	0	0	0.999
SCRIB	GRIN2B	0	0	0	0	0	0	0	0	0	0	0.494
SCRIB	PRKCZ	0	0	0	0	0	0	0	0	0	0	0.657
SCRIB	AKT1	0	0	0	0	0	0	0	0	0	0	0.712
SCRIB	PTEN	0	0	0	0	0	0	0	0	0	0	0.834
SCRIB	DLG2	0	0	0	0	0	0	0	0	0	0	0.856
SCRIB	CTNNB1	0	0	0	0	0	0	0	0	0	0	0.88
SCRIB	DLG3	0	0	0	0	0	0	0	0	0	0	0.908
SCRIB	DLG4	0	0	0	0	0	0	0	0	0	0	0.921
SCRIB	LLGL2	0	0	0	0	0	0	0	0	0	0	0.959
SCRIB	UBE3A	0	0	0	0	0	0	0	0	0	0	0.98
NLGN3	NXPH1	0	0	0	0	0	0	0	0	0	0	0.418
NLGN3	GRIN1	0	0	0	0	0	0	0	0	0	0	0.446
NLGN3	PRNP	0	0	0	0	0	0	0	0	0	0	0.48
NLGN3	CTNNB1	0	0	0	0	0	0	0	0	0	0	0.513
NLGN3	GRIA1	0	0	0	0	0	0	0	0	0	0	0.536
NLGN3	GRIN2B	0	0	0	0	0	0	0	0	0	0	0.573
NLGN3	PTEN	0	0	0	0	0	0	0	0	0	0	0.591
NLGN3	GPHN	0	0	0	0	0	0	0	0	0	0	0.648
NLGN3	HOMER3	0	0	0	0	0	0	0	0	0	0	0.65
NLGN3	UBE3A	0	0	0	0	0	0	0	0	0	0	0.667
NLGN3	MDGA1	0	0	0	0	0	0	0	0	0	0	0.686
NLGN3	DLGAP3	0	0	0	0	0	0	0	0	0	0	0.763
NLGN3	DLG2	0	0	0	0	0	0	0	0	0	0	0.776
NLGN3	NLGN4X	0	0	0	0	0	0	0	0	0	0	0.796
NLGN3	NLGN1	0	0	0	0	0	0	0	0	0	0	0.799
NLGN3	DLGAP2	0	0	0	0	0	0	0	0	0	0	0.839
NLGN3	DLG3	0	0	0	0	0	0	0	0	0	0	0.885
NLGN3	NRXN3	0	0	0	0	0	0	0	0	0	0	0.94
NLGN3	SHANK3	0	0	0	0	0	0	0	0	0	0	0.993
NLGN3	DLG4	0	0	0	0	0	0	0	0	0	0	0.995
NLGN3	NRXN1	0	0	0	0	0	0	0	0	0	0	0.999
MAST2	PTEN	0	0	0	0	0	0	0	0	0	0	0.993
GRIN3A	DLG3	0	0	0	0	0	0	0	0	0	0	0.68
GRIN3A	SHISA9	0	0	0	0	0	0	0	0	0	0	0.784
GRIN3A	GRIA3	0	0	0	0	0	0	0	0	0	0	0.802
GRIN3A	GRIA1	0	0	0	0	0	0	0	0	0	0	0.815
GRIN3A	DLG4	0	0	0	0	0	0	0	0	0	0	0.966
GRIN3A	GRIN1	0	0	0	0	0	0	0	0	0	0	0.999
GRIN3A	GRIN2B	0	0	0	0	0	0	0	0	0	0	0.999
PSMD4	SPOP	0	0	0	0	0	0	0	0	0	0	0.425
PSMD4	UBE2L3	0	0	0	0	0	0	0	0	0	0	0.434
PSMD4	UBE2D2	0	0	0	0	0	0	0	0	0	0	0.501
PSMD4	PTEN	0	0	0	0	0	0	0	0	0	0	0.606
PSMD4	UBE2D1	0	0	0	0	0	0	0	0	0	0	0.668
PSMD4	PRNP	0	0	0	0	0	0	0	0	0	0	0.68
PSMD4	UBE3A	0	0	0	0	0	0	0	0	0	0	0.994
PSMD4	RAD23A	0	0	0	0	0	0	0	0	0	0	0.999
GRIN1	NLGN4X	0	0	0	0	0	0	0	0	0	0	0.422
GRIN1	DLGAP2	0	0	0	0	0	0	0	0	0	0	0.442
GRIN1	GPHN	0	0	0	0	0	0	0	0	0	0	0.446
GRIN1	NRXN1	0	0	0	0	0	0	0	0	0	0	0.449
GRIN1	DLGAP3	0	0	0	0	0	0	0	0	0	0	0.507
GRIN1	SHANK3	0	0	0	0	0	0	0	0	0	0	0.568
GRIN1	NLGN1	0	0	0	0	0	0	0	0	0	0	0.611
GRIN1	SHISA9	0	0	0	0	0	0	0	0	0	0	0.75
GRIN1	DLG2	0	0	0	0	0	0	0	0	0	0	0.761
GRIN1	GRIA3	0	0	0	0	0	0	0	0	0	0	0.877
GRIN1	DLG3	0	0	0	0	0	0	0	0	0	0	0.879
GRIN1	GRIA1	0	0	0	0	0	0	0	0	0	0	0.907
GRIN1	CAMK2A	0	0	0	0	0	0	0	0	0	0	0.911
GRIN1	CALML4	0	0	0	0	0	0	0	0	0	0	0.964
GRIN1	DLG4	0	0	0	0	0	0	0	0	0	0	0.998
GRIN1	GRIN2B	0	0	0	0	0	0	0	0	0	0	0.999
PTEN	UBE2D2	0	0	0	0	0	0	0	0	0	0	0.407
PTEN	CALML4	0	0	0	0	0	0	0	0	0	0	0.413
PTEN	SHANK3	0	0	0	0	0	0	0	0	0	0	0.483
PTEN	NLGN1	0	0	0	0	0	0	0	0	0	0	0.496
PTEN	GRIN2B	0	0	0	0	0	0	0	0	0	0	0.547
PTEN	NLGN4X	0	0	0	0	0	0	0	0	0	0	0.556
PTEN	UBE2L3	0	0	0	0	0	0	0	0	0	0	0.571
PTEN	DLG4	0	0	0	0	0	0	0	0	0	0	0.745
PTEN	CTNNB1	0	0	0	0	0	0	0	0	0	0	0.943
PTEN	PRKCZ	0	0	0	0	0	0	0	0	0	0	0.958
PTEN	UBE3A	0	0	0	0	0	0	0	0	0	0	0.96
PTEN	AKT1	0	0	0	0	0	0	0	0	0	0	0.988
PTEN	SPOP	0	0	0	0	0	0	0	0	0	0	0.99
PTEN	PIK3R1	0	0	0	0	0	0	0	0	0	0	0.997
DLGAP3	CAMK2A	0	0	0	0	0	0	0	0	0	0	0.451
DLGAP3	GRIA1	0	0	0	0	0	0	0	0	0	0	0.507
DLGAP3	NRXN3	0	0	0	0	0	0	0	0	0	0	0.634
DLGAP3	HOMER3	0	0	0	0	0	0	0	0	0	0	0.72
DLGAP3	NRXN1	0	0	0	0	0	0	0	0	0	0	0.733
DLGAP3	NLGN4X	0	0	0	0	0	0	0	0	0	0	0.737
DLGAP3	NLGN1	0	0	0	0	0	0	0	0	0	0	0.737
DLGAP3	GRIN2B	0	0	0	0	0	0	0	0	0	0	0.753
DLGAP3	DLG3	0	0	0	0	0	0	0	0	0	0	0.835
DLGAP3	DLG2	0	0	0	0	0	0	0	0	0	0	0.847
DLGAP3	DLGAP2	0	0	0	0	0	0	0	0	0	0	0.868
DLGAP3	SHANK3	0	0	0	0	0	0	0	0	0	0	0.992
DLGAP3	DLG4	0	0	0	0	0	0	0	0	0	0	0.993
UBE2D1	CTNNB1	0	0	0	0	0	0	0	0	0	0	0.456
UBE2D1	SPOP	0	0	0	0	0	0	0	0	0	0	0.505
UBE2D1	UBE2L3	0	0	0	0	0	0	0	0	0	0	0.654
UBE2D1	UBE2D2	0	0	0	0	0	0	0	0	0	0	0.943
UBE2D1	UBE3A	0	0	0	0	0	0	0	0	0	0	0.984
DLG3	GPHN	0	0	0	0	0	0	0	0	0	0	0.472
DLG3	SHISA9	0	0	0	0	0	0	0	0	0	0	0.513
DLG3	NRXN3	0	0	0	0	0	0	0	0	0	0	0.593
DLG3	HOMER3	0	0	0	0	0	0	0	0	0	0	0.633
DLG3	GRIA3	0	0	0	0	0	0	0	0	0	0	0.644
DLG3	CAMK2A	0	0	0	0	0	0	0	0	0	0	0.688
DLG3	NRXN1	0	0	0	0	0	0	0	0	0	0	0.717
DLG3	SHANK3	0	0	0	0	0	0	0	0	0	0	0.759
DLG3	GRIA1	0	0	0	0	0	0	0	0	0	0	0.815
DLG3	NLGN4X	0	0	0	0	0	0	0	0	0	0	0.863
DLG3	DLGAP2	0	0	0	0	0	0	0	0	0	0	0.872
DLG3	LLGL2	0	0	0	0	0	0	0	0	0	0	0.887
DLG3	NLGN1	0	0	0	0	0	0	0	0	0	0	0.892
DLG3	UBE3A	0	0	0	0	0	0	0	0	0	0	0.913
DLG3	DLG2	0	0	0	0	0	0	0	0	0	0	0.984
DLG3	DLG4	0	0	0	0	0	0	0	0	0	0	0.997
DLG3	GRIN2B	0	0	0	0	0	0	0	0	0	0	0.998
DLG2	CACNB4	0	0	0	0	0	0	0	0	0	0	0.455
DLG2	GPHN	0	0	0	0	0	0	0	0	0	0	0.607
DLG2	HOMER3	0	0	0	0	0	0	0	0	0	0	0.645
DLG2	GRIA3	0	0	0	0	0	0	0	0	0	0	0.655
DLG2	NRXN3	0	0	0	0	0	0	0	0	0	0	0.682
DLG2	CAMK2A	0	0	0	0	0	0	0	0	0	0	0.688
DLG2	NLGN4X	0	0	0	0	0	0	0	0	0	0	0.713
DLG2	NRXN1	0	0	0	0	0	0	0	0	0	0	0.778
DLG2	DLGAP2	0	0	0	0	0	0	0	0	0	0	0.811
DLG2	LLGL2	0	0	0	0	0	0	0	0	0	0	0.844
DLG2	NLGN1	0	0	0	0	0	0	0	0	0	0	0.868
DLG2	GRIA1	0	0	0	0	0	0	0	0	0	0	0.908
DLG2	UBE3A	0	0	0	0	0	0	0	0	0	0	0.913
DLG2	SHANK3	0	0	0	0	0	0	0	0	0	0	0.919
DLG2	DLG4	0	0	0	0	0	0	0	0	0	0	0.969
DLG2	GRIN2B	0	0	0	0	0	0	0	0	0	0	0.996
PRKCZ	CTNNB1	0	0	0	0	0	0	0	0	0	0	0.653
PRKCZ	PIK3R1	0	0	0	0	0	0	0	0	0	0	0.933
PRKCZ	AKT1	0	0	0	0	0	0	0	0	0	0	0.974
PRKCZ	LLGL2	0	0	0	0	0	0	0	0	0	0	0.994
NLGN4X	NXPH1	0	0	0	0	0	0	0	0	0	0	0.407
NLGN4X	PRNP	0	0	0	0	0	0	0	0	0	0	0.475
NLGN4X	CTNNB1	0	0	0	0	0	0	0	0	0	0	0.508
NLGN4X	GRIA1	0	0	0	0	0	0	0	0	0	0	0.514
NLGN4X	GRIN2B	0	0	0	0	0	0	0	0	0	0	0.546
NLGN4X	NLGN1	0	0	0	0	0	0	0	0	0	0	0.548
NLGN4X	MDGA1	0	0	0	0	0	0	0	0	0	0	0.613
NLGN4X	HOMER3	0	0	0	0	0	0	0	0	0	0	0.619
NLGN4X	UBE3A	0	0	0	0	0	0	0	0	0	0	0.633
NLGN4X	GPHN	0	0	0	0	0	0	0	0	0	0	0.767
NLGN4X	DLGAP2	0	0	0	0	0	0	0	0	0	0	0.841
NLGN4X	NRXN3	0	0	0	0	0	0	0	0	0	0	0.859
NLGN4X	SHANK3	0	0	0	0	0	0	0	0	0	0	0.995
NLGN4X	DLG4	0	0	0	0	0	0	0	0	0	0	0.995
NLGN4X	NRXN1	0	0	0	0	0	0	0	0	0	0	0.999
LLGL2	UBE3A	0	0	0	0	0	0	0	0	0	0	0.901
LLGL2	DLG4	0	0	0	0	0	0	0	0	0	0	0.982
SPOP	CTNNB1	0	0	0	0	0	0	0	0	0	0	0.407
SPOP	PIK3R1	0	0	0	0	0	0	0	0	0	0	0.421
SPOP	UBE2D2	0	0	0	0	0	0	0	0	0	0	0.662
UBE2D2	RAD23A	0	0	0	0	0	0	0	0	0	0	0.404
UBE2D2	CTNNB1	0	0	0	0	0	0	0	0	0	0	0.429
UBE2D2	UBE2L3	0	0	0	0	0	0	0	0	0	0	0.683
UBE2D2	UBE3A	0	0	0	0	0	0	0	0	0	0	0.984
NXPH1	NLGN1	0	0	0	0	0	0	0	0	0	0	0.525
NXPH1	NRXN3	0	0	0	0	0	0	0	0	0	0	0.671
NXPH1	NRXN1	0	0	0	0	0	0	0	0	0	0	0.973
NRXN1	GRIA3	0	0	0	0	0	0	0	0	0	0	0.509
NRXN1	UBE3A	0	0	0	0	0	0	0	0	0	0	0.532
NRXN1	CAMK2A	0	0	0	0	0	0	0	0	0	0	0.542
NRXN1	MDGA1	0	0	0	0	0	0	0	0	0	0	0.592
NRXN1	GRIA1	0	0	0	0	0	0	0	0	0	0	0.6
NRXN1	HOMER3	0	0	0	0	0	0	0	0	0	0	0.619
NRXN1	NRXN3	0	0	0	0	0	0	0	0	0	0	0.752
NRXN1	DLGAP2	0	0	0	0	0	0	0	0	0	0	0.803
NRXN1	GPHN	0	0	0	0	0	0	0	0	0	0	0.831
NRXN1	GRIN2B	0	0	0	0	0	0	0	0	0	0	0.832
NRXN1	SHANK3	0	0	0	0	0	0	0	0	0	0	0.961
NRXN1	DLG4	0	0	0	0	0	0	0	0	0	0	0.991
NRXN1	DAG1	0	0	0	0	0	0	0	0	0	0	0.998
NRXN1	NLGN1	0	0	0	0	0	0	0	0	0	0	0.999
NLGN1	CAMK2A	0	0	0	0	0	0	0	0	0	0	0.414
NLGN1	PRNP	0	0	0	0	0	0	0	0	0	0	0.538
NLGN1	UBE3A	0	0	0	0	0	0	0	0	0	0	0.548
NLGN1	CTNNB1	0	0	0	0	0	0	0	0	0	0	0.553
NLGN1	GRIA1	0	0	0	0	0	0	0	0	0	0	0.633
NLGN1	HOMER3	0	0	0	0	0	0	0	0	0	0	0.643
NLGN1	MDGA1	0	0	0	0	0	0	0	0	0	0	0.676
NLGN1	GPHN	0	0	0	0	0	0	0	0	0	0	0.722
NLGN1	GRIN2B	0	0	0	0	0	0	0	0	0	0	0.755
NLGN1	DLGAP2	0	0	0	0	0	0	0	0	0	0	0.811
NLGN1	NRXN3	0	0	0	0	0	0	0	0	0	0	0.964
NLGN1	SHANK3	0	0	0	0	0	0	0	0	0	0	0.978
NLGN1	DLG4	0	0	0	0	0	0	0	0	0	0	0.999
PRNP	AKT1	0	0	0	0	0	0	0	0	0	0	0.424
PRNP	GRIN2B	0	0	0	0	0	0	0	0	0	0	0.452
PRNP	DLG4	0	0	0	0	0	0	0	0	0	0	0.507
UBE2L3	RAD23A	0	0	0	0	0	0	0	0	0	0	0.437
UBE2L3	UBE3A	0	0	0	0	0	0	0	0	0	0	0.999
GPHN	NRXN3	0	0	0	0	0	0	0	0	0	0	0.404
GPHN	CAMK2A	0	0	0	0	0	0	0	0	0	0	0.418
GPHN	AKT1	0	0	0	0	0	0	0	0	0	0	0.472
GPHN	GRIN2B	0	0	0	0	0	0	0	0	0	0	0.526
GPHN	SHANK3	0	0	0	0	0	0	0	0	0	0	0.541
GPHN	GRIA1	0	0	0	0	0	0	0	0	0	0	0.621
GPHN	DLG4	0	0	0	0	0	0	0	0	0	0	0.884
CALML4	ADORA2A	0	0	0	0	0	0	0	0	0	0	0.446
CALML4	HOMER3	0	0	0	0	0	0	0	0	0	0	0.527
CALML4	GRIA1	0	0	0	0	0	0	0	0	0	0	0.586
CALML4	CTNNB1	0	0	0	0	0	0	0	0	0	0	0.631
CALML4	AKT1	0	0	0	0	0	0	0	0	0	0	0.713
CALML4	DLG4	0	0	0	0	0	0	0	0	0	0	0.892
CALML4	GRIN2B	0	0	0	0	0	0	0	0	0	0	0.926
CALML4	CAMK2A	0	0	0	0	0	0	0	0	0	0	0.999
PIK3R1	CTNNB1	0	0	0	0	0	0	0	0	0	0	0.858
PIK3R1	AKT1	0	0	0	0	0	0	0	0	0	0	0.995
GRIA1	NRXN3	0	0	0	0	0	0	0	0	0	0	0.404
GRIA1	DLGAP2	0	0	0	0	0	0	0	0	0	0	0.427
GRIA1	CACNB4	0	0	0	0	0	0	0	0	0	0	0.45
GRIA1	AKT1	0	0	0	0	0	0	0	0	0	0	0.48
GRIA1	UBE3A	0	0	0	0	0	0	0	0	0	0	0.592
GRIA1	SHANK3	0	0	0	0	0	0	0	0	0	0	0.623
GRIA1	GRIN2B	0	0	0	0	0	0	0	0	0	0	0.934
GRIA1	SHISA9	0	0	0	0	0	0	0	0	0	0	0.984
GRIA1	DLG4	0	0	0	0	0	0	0	0	0	0	0.994
GRIA1	GRIA3	0	0	0	0	0	0	0	0	0	0	0.999
GRIA1	CAMK2A	0	0	0	0	0	0	0	0	0	0	0.999
CACNB4	CAMK2A	0	0	0	0	0	0	0	0	0	0	0.717
HOMER3	AKT1	0	0	0	0	0	0	0	0	0	0	0.421
HOMER3	GRIN2B	0	0	0	0	0	0	0	0	0	0	0.466
HOMER3	NRXN3	0	0	0	0	0	0	0	0	0	0	0.516
HOMER3	DLGAP2	0	0	0	0	0	0	0	0	0	0	0.698
HOMER3	DLG4	0	0	0	0	0	0	0	0	0	0	0.868
HOMER3	SHANK3	0	0	0	0	0	0	0	0	0	0	0.884
DAG1	NRXN3	0	0	0	0	0	0	0	0	0	0	0.47
AKT1	ADORA2A	0	0	0	0	0	0	0	0	0	0	0.428
AKT1	GRIN2B	0	0	0	0	0	0	0	0	0	0	0.51
AKT1	SHANK3	0	0	0	0	0	0	0	0	0	0	0.548
AKT1	DLG4	0	0	0	0	0	0	0	0	0	0	0.747
AKT1	CTNNB1	0	0	0	0	0	0	0	0	0	0	0.979
SHISA9	GRIN2B	0	0	0	0	0	0	0	0	0	0	0.779
SHISA9	GRIA3	0	0	0	0	0	0	0	0	0	0	0.824
SHISA9	DLG4	0	0	0	0	0	0	0	0	0	0	0.858
RAD23A	UBE3A	0	0	0	0	0	0	0	0	0	0	0.974
GRIN2B	ADORA2A	0	0	0	0	0	0	0	0	0	0	0.414
GRIN2B	NRXN3	0	0	0	0	0	0	0	0	0	0	0.414
GRIN2B	DLGAP2	0	0	0	0	0	0	0	0	0	0	0.514
GRIN2B	CTNNB1	0	0	0	0	0	0	0	0	0	0	0.757
GRIN2B	SHANK3	0	0	0	0	0	0	0	0	0	0	0.785
GRIN2B	GRIA3	0	0	0	0	0	0	0	0	0	0	0.823
GRIN2B	DLG4	0	0	0	0	0	0	0	0	0	0	0.999
GRIN2B	CAMK2A	0	0	0	0	0	0	0	0	0	0	0.999
GRIA3	CAMK2A	0	0	0	0	0	0	0	0	0	0	0.808
GRIA3	DLG4	0	0	0	0	0	0	0	0	0	0	0.873
SHANK3	CAMK2A	0	0	0	0	0	0	0	0	0	0	0.509
SHANK3	UBE3A	0	0	0	0	0	0	0	0	0	0	0.647
SHANK3	NRXN3	0	0	0	0	0	0	0	0	0	0	0.703
SHANK3	DLGAP2	0	0	0	0	0	0	0	0	0	0	0.988
SHANK3	DLG4	0	0	0	0	0	0	0	0	0	0	0.996
NRXN3	CAMK2A	0	0	0	0	0	0	0	0	0	0	0.404
NRXN3	DLGAP2	0	0	0	0	0	0	0	0	0	0	0.645
NRXN3	DLG4	0	0	0	0	0	0	0	0	0	0	0.858
DLGAP2	CAMK2A	0	0	0	0	0	0	0	0	0	0	0.436
DLGAP2	DLG4	0	0	0	0	0	0	0	0	0	0	0.891
CTNNB1	DLG4	0	0	0	0	0	0	0	0	0	0	0.538
CTNNB1	UBE3A	0	0	0	0	0	0	0	0	0	0	0.974
UBE3A	DLG4	0	0	0	0	0	0	0	0	0	0	0.447
DLG4	CAMK2A	0	0	0	0	0	0	0	0	0	0	0.92
CBLN1	DLG4	0	0	0	0	0	0	0	0	0	0	0.402
CBLN1	NLGN3	0	0	0	0	0	0	0	0	0	0	0.507
CBLN1	NLGN2	0	0	0	0	0	0	0	0	0	0	0.559
CBLN1	NLGN4X	0	0	0	0	0	0	0	0	0	0	0.56
CBLN1	NRXN3	0	0	0	0	0	0	0	0	0	0	0.565
CBLN1	NLGN1	0	0	0	0	0	0	0	0	0	0	0.611
CBLN1	LRRTM2	0	0	0	0	0	0	0	0	0	0	0.717
CBLN1	NRXN2	0	0	0	0	0	0	0	0	0	0	0.989
CBLN1	NRXN1	0	0	0	0	0	0	0	0	0	0	0.994
TSC2	NLGN4X	0	0	0	0	0	0	0	0	0	0	0.459
TSC2	NLGN3	0	0	0	0	0	0	0	0	0	0	0.471
TSC2	PTK2	0	0	0	0	0	0	0	0	0	0	0.476
TSC2	CTNNB1	0	0	0	0	0	0	0	0	0	0	0.517
TSC2	PIK3R1	0	0	0	0	0	0	0	0	0	0	0.524
TSC2	SHANK3	0	0	0	0	0	0	0	0	0	0	0.537
TSC2	PIK3CA	0	0	0	0	0	0	0	0	0	0	0.687
TSC2	TP53	0	0	0	0	0	0	0	0	0	0	0.713
TSC2	PTEN	0	0	0	0	0	0	0	0	0	0	0.889
TSC2	UBE3A	0	0	0	0	0	0	0	0	0	0	0.981
TSC2	AKT1	0	0	0	0	0	0	0	0	0	0	0.99
CACNG1	CAMK2A	0	0	0	0	0	0	0	0	0	0	0.725
CACNG1	CACNB4	0	0	0	0	0	0	0	0	0	0	0.935
CACNG1	CACNG2	0	0	0	0	0	0	0	0	0	0	0.962
CACNG1	CACNG8	0	0	0	0	0	0	0	0	0	0	0.968
GRIN3B	GRM5	0	0	0	0	0	0	0	0	0	0	0.419
GRIN3B	GRM1	0	0	0	0	0	0	0	0	0	0	0.466
GRIN3B	DLG3	0	0	0	0	0	0	0	0	0	0	0.598
GRIN3B	CNIH2	0	0	0	0	0	0	0	0	0	0	0.746
GRIN3B	SHISA9	0	0	0	0	0	0	0	0	0	0	0.748
GRIN3B	CACNG8	0	0	0	0	0	0	0	0	0	0	0.758
GRIN3B	GRIA2	0	0	0	0	0	0	0	0	0	0	0.787
GRIN3B	GRIA3	0	0	0	0	0	0	0	0	0	0	0.791
GRIN3B	GRIA4	0	0	0	0	0	0	0	0	0	0	0.811
GRIN3B	GRIA1	0	0	0	0	0	0	0	0	0	0	0.84
GRIN3B	CACNG2	0	0	0	0	0	0	0	0	0	0	0.845
GRIN3B	DLG4	0	0	0	0	0	0	0	0	0	0	0.942
GRIN3B	GRIN3A	0	0	0	0	0	0	0	0	0	0	0.995
GRIN3B	GRIN2C	0	0	0	0	0	0	0	0	0	0	0.996
GRIN3B	GRIN2B	0	0	0	0	0	0	0	0	0	0	0.996
GRIN3B	GRIN2D	0	0	0	0	0	0	0	0	0	0	0.996
GRIN3B	GRIN2A	0	0	0	0	0	0	0	0	0	0	0.998
GRIN3B	GRIN1	0	0	0	0	0	0	0	0	0	0	0.999
GRIN2D	DLGAP3	0	0	0	0	0	0	0	0	0	0	0.451
GRIN2D	GRM5	0	0	0	0	0	0	0	0	0	0	0.556
GRIN2D	DLG1	0	0	0	0	0	0	0	0	0	0	0.604
GRIN2D	CAMK2A	0	0	0	0	0	0	0	0	0	0	0.607
GRIN2D	DLGAP1	0	0	0	0	0	0	0	0	0	0	0.617
GRIN2D	DLG2	0	0	0	0	0	0	0	0	0	0	0.634
GRIN2D	DLG3	0	0	0	0	0	0	0	0	0	0	0.659
GRIN2D	GRM1	0	0	0	0	0	0	0	0	0	0	0.678
GRIN2D	CALML4	0	0	0	0	0	0	0	0	0	0	0.74
GRIN2D	CALML3	0	0	0	0	0	0	0	0	0	0	0.74
GRIN2D	CALM3	0	0	0	0	0	0	0	0	0	0	0.755
GRIN2D	CNIH2	0	0	0	0	0	0	0	0	0	0	0.761
GRIN2D	SHISA9	0	0	0	0	0	0	0	0	0	0	0.767
GRIN2D	CACNG8	0	0	0	0	0	0	0	0	0	0	0.778
GRIN2D	PRNP	0	0	0	0	0	0	0	0	0	0	0.779
GRIN2D	CACNG2	0	0	0	0	0	0	0	0	0	0	0.795
GRIN2D	GRIA3	0	0	0	0	0	0	0	0	0	0	0.799
GRIN2D	GRIA2	0	0	0	0	0	0	0	0	0	0	0.8
GRIN2D	GRIA1	0	0	0	0	0	0	0	0	0	0	0.816
GRIN2D	GRIA4	0	0	0	0	0	0	0	0	0	0	0.864
GRIN2D	DLG4	0	0	0	0	0	0	0	0	0	0	0.976
GRIN2D	GRIN3A	0	0	0	0	0	0	0	0	0	0	0.998
GRIN2D	GRIN2B	0	0	0	0	0	0	0	0	0	0	0.998
GRIN2D	GRIN2A	0	0	0	0	0	0	0	0	0	0	0.998
GRIN2D	GRIN2C	0	0	0	0	0	0	0	0	0	0	0.998
GRIN2D	GRIN1	0	0	0	0	0	0	0	0	0	0	0.999
PIK3CA	CALML4	0	0	0	0	0	0	0	0	0	0	0.517
PIK3CA	CALML3	0	0	0	0	0	0	0	0	0	0	0.518
PIK3CA	SPOP	0	0	0	0	0	0	0	0	0	0	0.523
PIK3CA	DLG1	0	0	0	0	0	0	0	0	0	0	0.569
PIK3CA	PREX2	0	0	0	0	0	0	0	0	0	0	0.58
PIK3CA	GNAQ	0	0	0	0	0	0	0	0	0	0	0.901
PIK3CA	CTNNB1	0	0	0	0	0	0	0	0	0	0	0.901
PIK3CA	PRKCZ	0	0	0	0	0	0	0	0	0	0	0.925
PIK3CA	TP53	0	0	0	0	0	0	0	0	0	0	0.941
PIK3CA	FYN	0	0	0	0	0	0	0	0	0	0	0.951
PIK3CA	PRKCI	0	0	0	0	0	0	0	0	0	0	0.952
PIK3CA	PTK2	0	0	0	0	0	0	0	0	0	0	0.97
PIK3CA	PTEN	0	0	0	0	0	0	0	0	0	0	0.995
PIK3CA	AKT1	0	0	0	0	0	0	0	0	0	0	0.998
PIK3CA	PIK3R1	0	0	0	0	0	0	0	0	0	0	0.999
NRXN2	CACNG2	0	0	0	0	0	0	0	0	0	0	0.408
NRXN2	GRIN1	0	0	0	0	0	0	0	0	0	0	0.436
NRXN2	GRIN2A	0	0	0	0	0	0	0	0	0	0	0.452
NRXN2	DLG1	0	0	0	0	0	0	0	0	0	0	0.457
NRXN2	CAMK2A	0	0	0	0	0	0	0	0	0	0	0.507
NRXN2	GRIN2B	0	0	0	0	0	0	0	0	0	0	0.516
NRXN2	GRIA1	0	0	0	0	0	0	0	0	0	0	0.538
NRXN2	NRXN3	0	0	0	0	0	0	0	0	0	0	0.585
NRXN2	HOMER2	0	0	0	0	0	0	0	0	0	0	0.592
NRXN2	EPB41L1	0	0	0	0	0	0	0	0	0	0	0.599
NRXN2	GRIA2	0	0	0	0	0	0	0	0	0	0	0.607
NRXN2	MDGA1	0	0	0	0	0	0	0	0	0	0	0.612
NRXN2	HOMER3	0	0	0	0	0	0	0	0	0	0	0.619
NRXN2	GRM1	0	0	0	0	0	0	0	0	0	0	0.676
NRXN2	GRIA4	0	0	0	0	0	0	0	0	0	0	0.684
NRXN2	HOMER1	0	0	0	0	0	0	0	0	0	0	0.687
NRXN2	DLG3	0	0	0	0	0	0	0	0	0	0	0.713
NRXN2	GRM5	0	0	0	0	0	0	0	0	0	0	0.713
NRXN2	DLGAP2	0	0	0	0	0	0	0	0	0	0	0.714
NRXN2	DLGAP3	0	0	0	0	0	0	0	0	0	0	0.719
NRXN2	DLG2	0	0	0	0	0	0	0	0	0	0	0.741
NRXN2	DLGAP1	0	0	0	0	0	0	0	0	0	0	0.743
NRXN2	NXPH1	0	0	0	0	0	0	0	0	0	0	0.827
NRXN2	GPHN	0	0	0	0	0	0	0	0	0	0	0.831
NRXN2	SHANK1	0	0	0	0	0	0	0	0	0	0	0.876
NRXN2	SHANK2	0	0	0	0	0	0	0	0	0	0	0.88
NRXN2	SHANK3	0	0	0	0	0	0	0	0	0	0	0.897
NRXN2	NRXN1	0	0	0	0	0	0	0	0	0	0	0.922
NRXN2	DLG4	0	0	0	0	0	0	0	0	0	0	0.987
NRXN2	LRRTM2	0	0	0	0	0	0	0	0	0	0	0.993
NRXN2	DAG1	0	0	0	0	0	0	0	0	0	0	0.997
NRXN2	NLGN2	0	0	0	0	0	0	0	0	0	0	0.999
NRXN2	NLGN1	0	0	0	0	0	0	0	0	0	0	0.999
NRXN2	NLGN3	0	0	0	0	0	0	0	0	0	0	0.999
NRXN2	NLGN4Y	0	0	0	0	0	0	0	0	0	0	0.999
NRXN2	NLGN4X	0	0	0	0	0	0	0	0	0	0	0.999
TP53	GNAQ	0	0	0	0	0	0	0	0	0	0	0.479
TP53	UBE2L3	0	0	0	0	0	0	0	0	0	0	0.5
TP53	CALM3	0	0	0	0	0	0	0	0	0	0	0.508
TP53	UBE2D2	0	0	0	0	0	0	0	0	0	0	0.531
TP53	DLG1	0	0	0	0	0	0	0	0	0	0	0.533
TP53	SPOP	0	0	0	0	0	0	0	0	0	0	0.571
TP53	UBE2D1	0	0	0	0	0	0	0	0	0	0	0.578
TP53	SCRIB	0	0	0	0	0	0	0	0	0	0	0.587
TP53	CALML4	0	0	0	0	0	0	0	0	0	0	0.657
TP53	RAD23A	0	0	0	0	0	0	0	0	0	0	0.657
TP53	CALML3	0	0	0	0	0	0	0	0	0	0	0.657
TP53	FYN	0	0	0	0	0	0	0	0	0	0	0.657
TP53	PRKCI	0	0	0	0	0	0	0	0	0	0	0.661
TP53	DLG4	0	0	0	0	0	0	0	0	0	0	0.734
TP53	PIK3R1	0	0	0	0	0	0	0	0	0	0	0.853
TP53	PSMD4	0	0	0	0	0	0	0	0	0	0	0.88
TP53	CTNNB1	0	0	0	0	0	0	0	0	0	0	0.927
TP53	PTK2	0	0	0	0	0	0	0	0	0	0	0.928
TP53	PRKCZ	0	0	0	0	0	0	0	0	0	0	0.933
TP53	AKT1	0	0	0	0	0	0	0	0	0	0	0.994
TP53	UBE3A	0	0	0	0	0	0	0	0	0	0	0.999
TP53	PTEN	0	0	0	0	0	0	0	0	0	0	0.999
CACNG8	EPB41L1	0	0	0	0	0	0	0	0	0	0	0.46
CACNG8	NLGN1	0	0	0	0	0	0	0	0	0	0	0.514
CACNG8	DLG1	0	0	0	0	0	0	0	0	0	0	0.584
CACNG8	DLG3	0	0	0	0	0	0	0	0	0	0	0.649
CACNG8	GRIN3A	0	0	0	0	0	0	0	0	0	0	0.743
CACNG8	CACNG2	0	0	0	0	0	0	0	0	0	0	0.748
CACNG8	GRIN2C	0	0	0	0	0	0	0	0	0	0	0.761
CACNG8	CAMK2A	0	0	0	0	0	0	0	0	0	0	0.782
CACNG8	GRIN1	0	0	0	0	0	0	0	0	0	0	0.799
CACNG8	GRIN2A	0	0	0	0	0	0	0	0	0	0	0.812
CACNG8	GRIN2B	0	0	0	0	0	0	0	0	0	0	0.822
CACNG8	DLG4	0	0	0	0	0	0	0	0	0	0	0.901
CACNG8	GRIA3	0	0	0	0	0	0	0	0	0	0	0.936
CACNG8	GRIA4	0	0	0	0	0	0	0	0	0	0	0.936
CACNG8	CACNB4	0	0	0	0	0	0	0	0	0	0	0.94
CACNG8	SHISA9	0	0	0	0	0	0	0	0	0	0	0.948
CACNG8	CNIH2	0	0	0	0	0	0	0	0	0	0	0.99
CACNG8	GRIA2	0	0	0	0	0	0	0	0	0	0	0.994
CACNG8	GRIA1	0	0	0	0	0	0	0	0	0	0	0.996
LRRTM2	MDGA1	0	0	0	0	0	0	0	0	0	0	0.419
LRRTM2	GPHN	0	0	0	0	0	0	0	0	0	0	0.464
LRRTM2	NLGN4Y	0	0	0	0	0	0	0	0	0	0	0.474
LRRTM2	GRIA1	0	0	0	0	0	0	0	0	0	0	0.493
LRRTM2	NLGN2	0	0	0	0	0	0	0	0	0	0	0.65
LRRTM2	GRIA2	0	0	0	0	0	0	0	0	0	0	0.681
LRRTM2	NLGN4X	0	0	0	0	0	0	0	0	0	0	0.724
LRRTM2	NLGN3	0	0	0	0	0	0	0	0	0	0	0.725
LRRTM2	NLGN1	0	0	0	0	0	0	0	0	0	0	0.815
LRRTM2	DLG4	0	0	0	0	0	0	0	0	0	0	0.902
LRRTM2	NRXN3	0	0	0	0	0	0	0	0	0	0	0.92
LRRTM2	NRXN1	0	0	0	0	0	0	0	0	0	0	0.997
GRIA4	HOMER1	0	0	0	0	0	0	0	0	0	0	0.42
GRIA4	NXPH1	0	0	0	0	0	0	0	0	0	0	0.421
GRIA4	DLGAP1	0	0	0	0	0	0	0	0	0	0	0.423
GRIA4	SHANK1	0	0	0	0	0	0	0	0	0	0	0.45
GRIA4	NLGN1	0	0	0	0	0	0	0	0	0	0	0.496
GRIA4	SHANK2	0	0	0	0	0	0	0	0	0	0	0.579
GRIA4	DLG3	0	0	0	0	0	0	0	0	0	0	0.646
GRIA4	GRM1	0	0	0	0	0	0	0	0	0	0	0.653
GRIA4	GRM5	0	0	0	0	0	0	0	0	0	0	0.667
GRIA4	NRXN1	0	0	0	0	0	0	0	0	0	0	0.688
GRIA4	DLG2	0	0	0	0	0	0	0	0	0	0	0.698
GRIA4	EPB41L1	0	0	0	0	0	0	0	0	0	0	0.807
GRIA4	CAMK2A	0	0	0	0	0	0	0	0	0	0	0.814
GRIA4	GRIN2C	0	0	0	0	0	0	0	0	0	0	0.824
GRIA4	DLG1	0	0	0	0	0	0	0	0	0	0	0.828
GRIA4	DLG4	0	0	0	0	0	0	0	0	0	0	0.829
GRIA4	GRIN2B	0	0	0	0	0	0	0	0	0	0	0.853
GRIA4	GRIN3A	0	0	0	0	0	0	0	0	0	0	0.878
GRIA4	GRIN1	0	0	0	0	0	0	0	0	0	0	0.886
GRIA4	GRIN2A	0	0	0	0	0	0	0	0	0	0	0.898
GRIA4	SHISA9	0	0	0	0	0	0	0	0	0	0	0.919
GRIA4	CNIH2	0	0	0	0	0	0	0	0	0	0	0.94
GRIA4	CACNG2	0	0	0	0	0	0	0	0	0	0	0.975
GRIA4	GRIA3	0	0	0	0	0	0	0	0	0	0	0.997
GRIA4	GRIA1	0	0	0	0	0	0	0	0	0	0	0.997
GRIA4	GRIA2	0	0	0	0	0	0	0	0	0	0	0.999
GRM1	AKT1	0	0	0	0	0	0	0	0	0	0	0.421
GRM1	CALML4	0	0	0	0	0	0	0	0	0	0	0.427
GRM1	CALML3	0	0	0	0	0	0	0	0	0	0	0.432
GRM1	CALM3	0	0	0	0	0	0	0	0	0	0	0.445
GRM1	FYN	0	0	0	0	0	0	0	0	0	0	0.45
GRM1	DLG1	0	0	0	0	0	0	0	0	0	0	0.46
GRM1	PIK3R1	0	0	0	0	0	0	0	0	0	0	0.48
GRM1	GRIN3A	0	0	0	0	0	0	0	0	0	0	0.537
GRM1	NLGN4Y	0	0	0	0	0	0	0	0	0	0	0.573
GRM1	DLG3	0	0	0	0	0	0	0	0	0	0	0.598
GRM1	GRIA3	0	0	0	0	0	0	0	0	0	0	0.602
GRM1	NLGN2	0	0	0	0	0	0	0	0	0	0	0.61
GRM1	GRIN2C	0	0	0	0	0	0	0	0	0	0	0.616
GRM1	NLGN4X	0	0	0	0	0	0	0	0	0	0	0.624
GRM1	DLGAP2	0	0	0	0	0	0	0	0	0	0	0.628
GRM1	DLG2	0	0	0	0	0	0	0	0	0	0	0.64
GRM1	NLGN3	0	0	0	0	0	0	0	0	0	0	0.648
GRM1	NLGN1	0	0	0	0	0	0	0	0	0	0	0.652
GRM1	GRIN1	0	0	0	0	0	0	0	0	0	0	0.659
GRM1	NRXN3	0	0	0	0	0	0	0	0	0	0	0.687
GRM1	DLGAP3	0	0	0	0	0	0	0	0	0	0	0.688
GRM1	NRXN1	0	0	0	0	0	0	0	0	0	0	0.705
GRM1	SHANK2	0	0	0	0	0	0	0	0	0	0	0.714
GRM1	GRIN2A	0	0	0	0	0	0	0	0	0	0	0.738
GRM1	GRIN2B	0	0	0	0	0	0	0	0	0	0	0.758
GRM1	SHANK3	0	0	0	0	0	0	0	0	0	0	0.788
GRM1	GRIA2	0	0	0	0	0	0	0	0	0	0	0.809
GRM1	GRIA1	0	0	0	0	0	0	0	0	0	0	0.849
GRM1	DLG4	0	0	0	0	0	0	0	0	0	0	0.862
GRM1	SHANK1	0	0	0	0	0	0	0	0	0	0	0.899
GRM1	DLGAP1	0	0	0	0	0	0	0	0	0	0	0.938
GRM1	CAMK2A	0	0	0	0	0	0	0	0	0	0	0.968
GRM1	GRM5	0	0	0	0	0	0	0	0	0	0	0.977
GRM1	HOMER2	0	0	0	0	0	0	0	0	0	0	0.989
GRM1	HOMER3	0	0	0	0	0	0	0	0	0	0	0.99
GRM1	GNAQ	0	0	0	0	0	0	0	0	0	0	0.998
GRM1	HOMER1	0	0	0	0	0	0	0	0	0	0	0.998
GNAQ	CTNNB1	0	0	0	0	0	0	0	0	0	0	0.56
GNAQ	PTEN	0	0	0	0	0	0	0	0	0	0	0.567
GNAQ	CALML4	0	0	0	0	0	0	0	0	0	0	0.57
GNAQ	CALML3	0	0	0	0	0	0	0	0	0	0	0.581
GNAQ	CALM3	0	0	0	0	0	0	0	0	0	0	0.593
GNAQ	AKT1	0	0	0	0	0	0	0	0	0	0	0.775
GNAQ	PIK3R1	0	0	0	0	0	0	0	0	0	0	0.854
GNAQ	ADORA2A	0	0	0	0	0	0	0	0	0	0	0.959
GNAQ	GRM5	0	0	0	0	0	0	0	0	0	0	0.999
PREX2	AKT1	0	0	0	0	0	0	0	0	0	0	0.444
PREX2	PTEN	0	0	0	0	0	0	0	0	0	0	0.99
CALM3	GRIA2	0	0	0	0	0	0	0	0	0	0	0.434
CALM3	PTEN	0	0	0	0	0	0	0	0	0	0	0.451
CALM3	DLG1	0	0	0	0	0	0	0	0	0	0	0.457
CALM3	CACNB4	0	0	0	0	0	0	0	0	0	0	0.463
CALM3	MAST2	0	0	0	0	0	0	0	0	0	0	0.471
CALM3	PIK3R1	0	0	0	0	0	0	0	0	0	0	0.513
CALM3	GRIN3A	0	0	0	0	0	0	0	0	0	0	0.515
CALM3	ADORA2A	0	0	0	0	0	0	0	0	0	0	0.515
CALM3	HOMER2	0	0	0	0	0	0	0	0	0	0	0.517
CALM3	CTNNB1	0	0	0	0	0	0	0	0	0	0	0.528
CALM3	HOMER3	0	0	0	0	0	0	0	0	0	0	0.533
CALM3	GRIA1	0	0	0	0	0	0	0	0	0	0	0.583
CALM3	HOMER1	0	0	0	0	0	0	0	0	0	0	0.63
CALM3	FYN	0	0	0	0	0	0	0	0	0	0	0.685
CALM3	GRM5	0	0	0	0	0	0	0	0	0	0	0.688
CALM3	GRIN2C	0	0	0	0	0	0	0	0	0	0	0.758
CALM3	AKT1	0	0	0	0	0	0	0	0	0	0	0.802
CALM3	GRIN2A	0	0	0	0	0	0	0	0	0	0	0.901
CALM3	GRIN2B	0	0	0	0	0	0	0	0	0	0	0.91
CALM3	DLG4	0	0	0	0	0	0	0	0	0	0	0.989
CALM3	CALML4	0	0	0	0	0	0	0	0	0	0	0.996
CALM3	GRIN1	0	0	0	0	0	0	0	0	0	0	0.996
CALM3	CALML3	0	0	0	0	0	0	0	0	0	0	0.996
CALM3	CAMK2A	0	0	0	0	0	0	0	0	0	0	0.999
GRIN2C	MAGI2	0	0	0	0	0	0	0	0	0	0	0.409
GRIN2C	SHANK1	0	0	0	0	0	0	0	0	0	0	0.416
GRIN2C	GRM5	0	0	0	0	0	0	0	0	0	0	0.621
GRIN2C	DLG1	0	0	0	0	0	0	0	0	0	0	0.681
GRIN2C	SHISA9	0	0	0	0	0	0	0	0	0	0	0.733
GRIN2C	CAMK2A	0	0	0	0	0	0	0	0	0	0	0.735
GRIN2C	CALML3	0	0	0	0	0	0	0	0	0	0	0.741
GRIN2C	CALML4	0	0	0	0	0	0	0	0	0	0	0.741
GRIN2C	CNIH2	0	0	0	0	0	0	0	0	0	0	0.765
GRIN2C	GRIA3	0	0	0	0	0	0	0	0	0	0	0.809
GRIN2C	CACNG2	0	0	0	0	0	0	0	0	0	0	0.817
GRIN2C	DLG2	0	0	0	0	0	0	0	0	0	0	0.818
GRIN2C	GRIA2	0	0	0	0	0	0	0	0	0	0	0.822
GRIN2C	GRIA1	0	0	0	0	0	0	0	0	0	0	0.829
GRIN2C	DLG3	0	0	0	0	0	0	0	0	0	0	0.872
GRIN2C	DLG4	0	0	0	0	0	0	0	0	0	0	0.99
GRIN2C	GRIN2A	0	0	0	0	0	0	0	0	0	0	0.998
GRIN2C	GRIN2B	0	0	0	0	0	0	0	0	0	0	0.998
GRIN2C	GRIN3A	0	0	0	0	0	0	0	0	0	0	0.998
GRIN2C	GRIN1	0	0	0	0	0	0	0	0	0	0	0.999
SHANK1	GPHN	0	0	0	0	0	0	0	0	0	0	0.416
SHANK1	CACNG2	0	0	0	0	0	0	0	0	0	0	0.418
SHANK1	MAGI2	0	0	0	0	0	0	0	0	0	0	0.418
SHANK1	DLG1	0	0	0	0	0	0	0	0	0	0	0.446
SHANK1	CAMK2A	0	0	0	0	0	0	0	0	0	0	0.533
SHANK1	GRIA2	0	0	0	0	0	0	0	0	0	0	0.563
SHANK1	GRIN1	0	0	0	0	0	0	0	0	0	0	0.596
SHANK1	GRIA1	0	0	0	0	0	0	0	0	0	0	0.619
SHANK1	NRXN3	0	0	0	0	0	0	0	0	0	0	0.696
SHANK1	GRIN2A	0	0	0	0	0	0	0	0	0	0	0.742
SHANK1	GRIN2B	0	0	0	0	0	0	0	0	0	0	0.752
SHANK1	NLGN4Y	0	0	0	0	0	0	0	0	0	0	0.76
SHANK1	DLG3	0	0	0	0	0	0	0	0	0	0	0.778
SHANK1	DLGAP2	0	0	0	0	0	0	0	0	0	0	0.841
SHANK1	NLGN2	0	0	0	0	0	0	0	0	0	0	0.868
SHANK1	DLG2	0	0	0	0	0	0	0	0	0	0	0.878
SHANK1	NRXN1	0	0	0	0	0	0	0	0	0	0	0.887
SHANK1	NLGN4X	0	0	0	0	0	0	0	0	0	0	0.894
SHANK1	NLGN3	0	0	0	0	0	0	0	0	0	0	0.904
SHANK1	DLGAP3	0	0	0	0	0	0	0	0	0	0	0.92
SHANK1	NLGN1	0	0	0	0	0	0	0	0	0	0	0.926
SHANK1	HOMER2	0	0	0	0	0	0	0	0	0	0	0.927
SHANK1	GRM5	0	0	0	0	0	0	0	0	0	0	0.939
SHANK1	HOMER3	0	0	0	0	0	0	0	0	0	0	0.966
SHANK1	SHANK2	0	0	0	0	0	0	0	0	0	0	0.968
SHANK1	SHANK3	0	0	0	0	0	0	0	0	0	0	0.982
SHANK1	HOMER1	0	0	0	0	0	0	0	0	0	0	0.984
SHANK1	DLG4	0	0	0	0	0	0	0	0	0	0	0.992
SHANK1	DLGAP1	0	0	0	0	0	0	0	0	0	0	0.996
PRKCI	PIK3R1	0	0	0	0	0	0	0	0	0	0	0.919
PRKCI	PTEN	0	0	0	0	0	0	0	0	0	0	0.933
PRKCI	PRKCZ	0	0	0	0	0	0	0	0	0	0	0.989
PRKCI	LLGL1	0	0	0	0	0	0	0	0	0	0	0.993
PRKCI	LLGL2	0	0	0	0	0	0	0	0	0	0	0.996
GRIA2	DLGAP3	0	0	0	0	0	0	0	0	0	0	0.401
GRIA2	CALML4	0	0	0	0	0	0	0	0	0	0	0.404
GRIA2	PIK3R1	0	0	0	0	0	0	0	0	0	0	0.415
GRIA2	NRXN3	0	0	0	0	0	0	0	0	0	0	0.416
GRIA2	DLGAP2	0	0	0	0	0	0	0	0	0	0	0.422
GRIA2	NLGN4Y	0	0	0	0	0	0	0	0	0	0	0.426
GRIA2	NLGN4X	0	0	0	0	0	0	0	0	0	0	0.485
GRIA2	EPB41L1	0	0	0	0	0	0	0	0	0	0	0.485
GRIA2	NLGN2	0	0	0	0	0	0	0	0	0	0	0.516
GRIA2	GPHN	0	0	0	0	0	0	0	0	0	0	0.52
GRIA2	NLGN3	0	0	0	0	0	0	0	0	0	0	0.535
GRIA2	SHANK3	0	0	0	0	0	0	0	0	0	0	0.573
GRIA2	HOMER1	0	0	0	0	0	0	0	0	0	0	0.596
GRIA2	CTNNB1	0	0	0	0	0	0	0	0	0	0	0.615
GRIA2	SHANK2	0	0	0	0	0	0	0	0	0	0	0.637
GRIA2	NLGN1	0	0	0	0	0	0	0	0	0	0	0.64
GRIA2	NRXN1	0	0	0	0	0	0	0	0	0	0	0.695
GRIA2	DLGAP1	0	0	0	0	0	0	0	0	0	0	0.722
GRIA2	DLG3	0	0	0	0	0	0	0	0	0	0	0.789
GRIA2	DLG1	0	0	0	0	0	0	0	0	0	0	0.809
GRIA2	DLG2	0	0	0	0	0	0	0	0	0	0	0.815
GRIA2	GRIN3A	0	0	0	0	0	0	0	0	0	0	0.845
GRIA2	GRM5	0	0	0	0	0	0	0	0	0	0	0.852
GRIA2	SHISA9	0	0	0	0	0	0	0	0	0	0	0.855
GRIA2	GRIN2B	0	0	0	0	0	0	0	0	0	0	0.885
GRIA2	GRIN1	0	0	0	0	0	0	0	0	0	0	0.901
GRIA2	GRIN2A	0	0	0	0	0	0	0	0	0	0	0.933
GRIA2	DLG4	0	0	0	0	0	0	0	0	0	0	0.968
GRIA2	CAMK2A	0	0	0	0	0	0	0	0	0	0	0.977
GRIA2	CNIH2	0	0	0	0	0	0	0	0	0	0	0.99
GRIA2	CACNG2	0	0	0	0	0	0	0	0	0	0	0.995
GRIA2	GRIA1	0	0	0	0	0	0	0	0	0	0	0.999
GRIA2	GRIA3	0	0	0	0	0	0	0	0	0	0	0.999
CACNG2	NLGN1	0	0	0	0	0	0	0	0	0	0	0.413
CACNG2	NRXN1	0	0	0	0	0	0	0	0	0	0	0.435
CACNG2	HOMER1	0	0	0	0	0	0	0	0	0	0	0.446
CACNG2	EPB41L1	0	0	0	0	0	0	0	0	0	0	0.67
CACNG2	DLGAP1	0	0	0	0	0	0	0	0	0	0	0.751
CACNG2	DLG2	0	0	0	0	0	0	0	0	0	0	0.783
CACNG2	CAMK2A	0	0	0	0	0	0	0	0	0	0	0.808
CACNG2	GRIN3A	0	0	0	0	0	0	0	0	0	0	0.852
CACNG2	GRIN2A	0	0	0	0	0	0	0	0	0	0	0.88
CACNG2	GRIN2B	0	0	0	0	0	0	0	0	0	0	0.893
CACNG2	GRIN1	0	0	0	0	0	0	0	0	0	0	0.894
CACNG2	DLG3	0	0	0	0	0	0	0	0	0	0	0.9
CACNG2	CNIH2	0	0	0	0	0	0	0	0	0	0	0.906
CACNG2	MAGI2	0	0	0	0	0	0	0	0	0	0	0.915
CACNG2	DLG1	0	0	0	0	0	0	0	0	0	0	0.941
CACNG2	CACNB4	0	0	0	0	0	0	0	0	0	0	0.951
CACNG2	SHISA9	0	0	0	0	0	0	0	0	0	0	0.973
CACNG2	GRIA3	0	0	0	0	0	0	0	0	0	0	0.984
CACNG2	DLG4	0	0	0	0	0	0	0	0	0	0	0.999
CACNG2	GRIA1	0	0	0	0	0	0	0	0	0	0	0.999
NLGN2	CAMK2A	0	0	0	0	0	0	0	0	0	0	0.411
NLGN2	NXPH1	0	0	0	0	0	0	0	0	0	0	0.414
NLGN2	DLG1	0	0	0	0	0	0	0	0	0	0	0.44
NLGN2	PTEN	0	0	0	0	0	0	0	0	0	0	0.455
NLGN2	GRIN1	0	0	0	0	0	0	0	0	0	0	0.469
NLGN2	PRNP	0	0	0	0	0	0	0	0	0	0	0.485
NLGN2	GRIN2B	0	0	0	0	0	0	0	0	0	0	0.496
NLGN2	CTNNB1	0	0	0	0	0	0	0	0	0	0	0.499
NLGN2	GRIN2A	0	0	0	0	0	0	0	0	0	0	0.521
NLGN2	NLGN4Y	0	0	0	0	0	0	0	0	0	0	0.525
NLGN2	GRIA1	0	0	0	0	0	0	0	0	0	0	0.532
NLGN2	DAG1	0	0	0	0	0	0	0	0	0	0	0.59
NLGN2	EPB41L1	0	0	0	0	0	0	0	0	0	0	0.624
NLGN2	HOMER2	0	0	0	0	0	0	0	0	0	0	0.647
NLGN2	GRM5	0	0	0	0	0	0	0	0	0	0	0.668
NLGN2	NLGN3	0	0	0	0	0	0	0	0	0	0	0.683
NLGN2	HOMER3	0	0	0	0	0	0	0	0	0	0	0.697
NLGN2	HOMER1	0	0	0	0	0	0	0	0	0	0	0.699
NLGN2	NLGN4X	0	0	0	0	0	0	0	0	0	0	0.704
NLGN2	NLGN1	0	0	0	0	0	0	0	0	0	0	0.704
NLGN2	DLGAP3	0	0	0	0	0	0	0	0	0	0	0.709
NLGN2	DLGAP2	0	0	0	0	0	0	0	0	0	0	0.715
NLGN2	DLG2	0	0	0	0	0	0	0	0	0	0	0.784
NLGN2	MAGI2	0	0	0	0	0	0	0	0	0	0	0.813
NLGN2	DLGAP1	0	0	0	0	0	0	0	0	0	0	0.844
NLGN2	SHANK2	0	0	0	0	0	0	0	0	0	0	0.868
NLGN2	DLG3	0	0	0	0	0	0	0	0	0	0	0.883
NLGN2	SHANK3	0	0	0	0	0	0	0	0	0	0	0.935
NLGN2	GPHN	0	0	0	0	0	0	0	0	0	0	0.968
NLGN2	NRXN3	0	0	0	0	0	0	0	0	0	0	0.978
NLGN2	MDGA1	0	0	0	0	0	0	0	0	0	0	0.994
NLGN2	DLG4	0	0	0	0	0	0	0	0	0	0	0.998
NLGN2	NRXN1	0	0	0	0	0	0	0	0	0	0	0.999
HOMER2	GRIA1	0	0	0	0	0	0	0	0	0	0	0.4
HOMER2	GRIN1	0	0	0	0	0	0	0	0	0	0	0.42
HOMER2	GRIN2A	0	0	0	0	0	0	0	0	0	0	0.478
HOMER2	GRIN2B	0	0	0	0	0	0	0	0	0	0	0.502
HOMER2	CALML4	0	0	0	0	0	0	0	0	0	0	0.507
HOMER2	CALML3	0	0	0	0	0	0	0	0	0	0	0.518
HOMER2	NLGN4X	0	0	0	0	0	0	0	0	0	0	0.596
HOMER2	NRXN1	0	0	0	0	0	0	0	0	0	0	0.605
HOMER2	NLGN4Y	0	0	0	0	0	0	0	0	0	0	0.607
HOMER2	DLG2	0	0	0	0	0	0	0	0	0	0	0.61
HOMER2	DLG3	0	0	0	0	0	0	0	0	0	0	0.613
HOMER2	NLGN1	0	0	0	0	0	0	0	0	0	0	0.618
HOMER2	DLGAP2	0	0	0	0	0	0	0	0	0	0	0.637
HOMER2	AKT1	0	0	0	0	0	0	0	0	0	0	0.638
HOMER2	NLGN3	0	0	0	0	0	0	0	0	0	0	0.641
HOMER2	DLGAP3	0	0	0	0	0	0	0	0	0	0	0.666
HOMER2	NRXN3	0	0	0	0	0	0	0	0	0	0	0.691
HOMER2	SHANK3	0	0	0	0	0	0	0	0	0	0	0.758
HOMER2	DLG4	0	0	0	0	0	0	0	0	0	0	0.779
HOMER2	SHANK2	0	0	0	0	0	0	0	0	0	0	0.782
HOMER2	DLGAP1	0	0	0	0	0	0	0	0	0	0	0.857
HOMER2	GRM5	0	0	0	0	0	0	0	0	0	0	0.965
HOMER2	HOMER3	0	0	0	0	0	0	0	0	0	0	0.99
HOMER2	HOMER1	0	0	0	0	0	0	0	0	0	0	0.991
GRM5	AKT1	0	0	0	0	0	0	0	0	0	0	0.44
GRM5	FYN	0	0	0	0	0	0	0	0	0	0	0.471
GRM5	CALML4	0	0	0	0	0	0	0	0	0	0	0.49
GRM5	CALML3	0	0	0	0	0	0	0	0	0	0	0.493
GRM5	PRKCZ	0	0	0	0	0	0	0	0	0	0	0.515
GRM5	NXPH1	0	0	0	0	0	0	0	0	0	0	0.54
GRM5	GPHN	0	0	0	0	0	0	0	0	0	0	0.545
GRM5	EPB41L1	0	0	0	0	0	0	0	0	0	0	0.547
GRM5	NLGN4Y	0	0	0	0	0	0	0	0	0	0	0.611
GRM5	DLG3	0	0	0	0	0	0	0	0	0	0	0.642
GRM5	DLGAP2	0	0	0	0	0	0	0	0	0	0	0.686
GRM5	NLGN4X	0	0	0	0	0	0	0	0	0	0	0.696
GRM5	GRIN3A	0	0	0	0	0	0	0	0	0	0	0.699
GRM5	DLG2	0	0	0	0	0	0	0	0	0	0	0.702
GRM5	NLGN1	0	0	0	0	0	0	0	0	0	0	0.716
GRM5	NRXN3	0	0	0	0	0	0	0	0	0	0	0.724
GRM5	NLGN3	0	0	0	0	0	0	0	0	0	0	0.735
GRM5	NRXN1	0	0	0	0	0	0	0	0	0	0	0.766
GRM5	GRIA3	0	0	0	0	0	0	0	0	0	0	0.782
GRM5	DLGAP3	0	0	0	0	0	0	0	0	0	0	0.786
GRM5	GRIN1	0	0	0	0	0	0	0	0	0	0	0.792
GRM5	GRIN2A	0	0	0	0	0	0	0	0	0	0	0.841
GRM5	GRIN2B	0	0	0	0	0	0	0	0	0	0	0.842
GRM5	SHANK2	0	0	0	0	0	0	0	0	0	0	0.869
GRM5	SHANK3	0	0	0	0	0	0	0	0	0	0	0.88
GRM5	DLG4	0	0	0	0	0	0	0	0	0	0	0.902
GRM5	DLGAP1	0	0	0	0	0	0	0	0	0	0	0.915
GRM5	GRIA1	0	0	0	0	0	0	0	0	0	0	0.916
GRM5	HOMER3	0	0	0	0	0	0	0	0	0	0	0.929
GRM5	PRNP	0	0	0	0	0	0	0	0	0	0	0.953
GRM5	CAMK2A	0	0	0	0	0	0	0	0	0	0	0.975
GRM5	ADORA2A	0	0	0	0	0	0	0	0	0	0	0.976
GRM5	HOMER1	0	0	0	0	0	0	0	0	0	0	0.999
CNIH2	DLG3	0	0	0	0	0	0	0	0	0	0	0.552
CNIH2	GRIN3A	0	0	0	0	0	0	0	0	0	0	0.763
CNIH2	GRIN2B	0	0	0	0	0	0	0	0	0	0	0.774
CNIH2	GRIN2A	0	0	0	0	0	0	0	0	0	0	0.784
CNIH2	GRIN1	0	0	0	0	0	0	0	0	0	0	0.796
CNIH2	DLG4	0	0	0	0	0	0	0	0	0	0	0.856
CNIH2	SHISA9	0	0	0	0	0	0	0	0	0	0	0.949
CNIH2	GRIA3	0	0	0	0	0	0	0	0	0	0	0.97
CNIH2	GRIA1	0	0	0	0	0	0	0	0	0	0	0.995
CALML3	PTEN	0	0	0	0	0	0	0	0	0	0	0.437
CALML3	ADORA2A	0	0	0	0	0	0	0	0	0	0	0.455
CALML3	DLG1	0	0	0	0	0	0	0	0	0	0	0.456
CALML3	HOMER3	0	0	0	0	0	0	0	0	0	0	0.532
CALML3	GRIA1	0	0	0	0	0	0	0	0	0	0	0.581
CALML3	HOMER1	0	0	0	0	0	0	0	0	0	0	0.625
CALML3	CTNNB1	0	0	0	0	0	0	0	0	0	0	0.628
CALML3	FYN	0	0	0	0	0	0	0	0	0	0	0.682
CALML3	AKT1	0	0	0	0	0	0	0	0	0	0	0.719
CALML3	DLG4	0	0	0	0	0	0	0	0	0	0	0.891
CALML3	GRIN2A	0	0	0	0	0	0	0	0	0	0	0.895
CALML3	GRIN2B	0	0	0	0	0	0	0	0	0	0	0.927
CALML3	GRIN1	0	0	0	0	0	0	0	0	0	0	0.96
CALML3	CALML4	0	0	0	0	0	0	0	0	0	0	0.963
CALML3	CAMK2A	0	0	0	0	0	0	0	0	0	0	0.999
DLGAP1	GRIN1	0	0	0	0	0	0	0	0	0	0	0.57
DLGAP1	NRXN3	0	0	0	0	0	0	0	0	0	0	0.659
DLGAP1	CAMK2A	0	0	0	0	0	0	0	0	0	0	0.703
DLGAP1	DLGAP2	0	0	0	0	0	0	0	0	0	0	0.704
DLGAP1	DLGAP3	0	0	0	0	0	0	0	0	0	0	0.724
DLGAP1	MAGI2	0	0	0	0	0	0	0	0	0	0	0.732
DLGAP1	NRXN1	0	0	0	0	0	0	0	0	0	0	0.774
DLGAP1	NLGN4Y	0	0	0	0	0	0	0	0	0	0	0.843
DLGAP1	GRIA1	0	0	0	0	0	0	0	0	0	0	0.852
DLGAP1	NLGN3	0	0	0	0	0	0	0	0	0	0	0.855
DLGAP1	NLGN4X	0	0	0	0	0	0	0	0	0	0	0.861
DLGAP1	GRIN2A	0	0	0	0	0	0	0	0	0	0	0.885
DLGAP1	DLG3	0	0	0	0	0	0	0	0	0	0	0.887
DLGAP1	DLG2	0	0	0	0	0	0	0	0	0	0	0.89
DLGAP1	GRIN2B	0	0	0	0	0	0	0	0	0	0	0.9
DLGAP1	NLGN1	0	0	0	0	0	0	0	0	0	0	0.927
DLGAP1	HOMER3	0	0	0	0	0	0	0	0	0	0	0.943
DLGAP1	DLG1	0	0	0	0	0	0	0	0	0	0	0.952
DLGAP1	SHANK2	0	0	0	0	0	0	0	0	0	0	0.981
DLGAP1	HOMER1	0	0	0	0	0	0	0	0	0	0	0.986
DLGAP1	SHANK3	0	0	0	0	0	0	0	0	0	0	0.997
DLGAP1	DLG4	0	0	0	0	0	0	0	0	0	0	0.999
LLGL1	FYN	0	0	0	0	0	0	0	0	0	0	0.406
LLGL1	DLG2	0	0	0	0	0	0	0	0	0	0	0.84
LLGL1	UBE3A	0	0	0	0	0	0	0	0	0	0	0.905
LLGL1	DLG3	0	0	0	0	0	0	0	0	0	0	0.939
LLGL1	SCRIB	0	0	0	0	0	0	0	0	0	0	0.964
LLGL1	DLG1	0	0	0	0	0	0	0	0	0	0	0.975
LLGL1	DLG4	0	0	0	0	0	0	0	0	0	0	0.983
LLGL1	LLGL2	0	0	0	0	0	0	0	0	0	0	0.993
LLGL1	PRKCZ	0	0	0	0	0	0	0	0	0	0	0.995
GRIN2A	NLGN4X	0	0	0	0	0	0	0	0	0	0	0.471
GRIN2A	NLGN3	0	0	0	0	0	0	0	0	0	0	0.472
GRIN2A	GPHN	0	0	0	0	0	0	0	0	0	0	0.482
GRIN2A	CACNB4	0	0	0	0	0	0	0	0	0	0	0.54
GRIN2A	NLGN1	0	0	0	0	0	0	0	0	0	0	0.554
GRIN2A	SHANK2	0	0	0	0	0	0	0	0	0	0	0.555
GRIN2A	DLGAP3	0	0	0	0	0	0	0	0	0	0	0.574
GRIN2A	MAGI2	0	0	0	0	0	0	0	0	0	0	0.575
GRIN2A	DLGAP2	0	0	0	0	0	0	0	0	0	0	0.577
GRIN2A	NRXN1	0	0	0	0	0	0	0	0	0	0	0.617
GRIN2A	SHANK3	0	0	0	0	0	0	0	0	0	0	0.638
GRIN2A	AKT1	0	0	0	0	0	0	0	0	0	0	0.659
GRIN2A	HOMER1	0	0	0	0	0	0	0	0	0	0	0.768
GRIN2A	SHISA9	0	0	0	0	0	0	0	0	0	0	0.786
GRIN2A	GRIA3	0	0	0	0	0	0	0	0	0	0	0.886
GRIN2A	CALML4	0	0	0	0	0	0	0	0	0	0	0.897
GRIN2A	GRIA1	0	0	0	0	0	0	0	0	0	0	0.926
GRIN2A	CAMK2A	0	0	0	0	0	0	0	0	0	0	0.968
GRIN2A	DLG1	0	0	0	0	0	0	0	0	0	0	0.979
GRIN2A	FYN	0	0	0	0	0	0	0	0	0	0	0.981
GRIN2A	DLG2	0	0	0	0	0	0	0	0	0	0	0.997
GRIN2A	DLG3	0	0	0	0	0	0	0	0	0	0	0.998
GRIN2A	GRIN1	0	0	0	0	0	0	0	0	0	0	0.999
GRIN2A	GRIN2B	0	0	0	0	0	0	0	0	0	0	0.999
GRIN2A	GRIN3A	0	0	0	0	0	0	0	0	0	0	0.999
GRIN2A	DLG4	0	0	0	0	0	0	0	0	0	0	0.999
HOMER1	GRIA3	0	0	0	0	0	0	0	0	0	0	0.43
HOMER1	PRNP	0	0	0	0	0	0	0	0	0	0	0.521
HOMER1	DLG1	0	0	0	0	0	0	0	0	0	0	0.553
HOMER1	NRXN3	0	0	0	0	0	0	0	0	0	0	0.608
HOMER1	CALML4	0	0	0	0	0	0	0	0	0	0	0.618
HOMER1	GRIN1	0	0	0	0	0	0	0	0	0	0	0.641
HOMER1	NLGN4Y	0	0	0	0	0	0	0	0	0	0	0.649
HOMER1	GRIN2B	0	0	0	0	0	0	0	0	0	0	0.675
HOMER1	NLGN4X	0	0	0	0	0	0	0	0	0	0	0.69
HOMER1	NRXN1	0	0	0	0	0	0	0	0	0	0	0.706
HOMER1	DLG3	0	0	0	0	0	0	0	0	0	0	0.707
HOMER1	NLGN3	0	0	0	0	0	0	0	0	0	0	0.721
HOMER1	NLGN1	0	0	0	0	0	0	0	0	0	0	0.726
HOMER1	GPHN	0	0	0	0	0	0	0	0	0	0	0.733
HOMER1	DLGAP2	0	0	0	0	0	0	0	0	0	0	0.734
HOMER1	CAMK2A	0	0	0	0	0	0	0	0	0	0	0.735
HOMER1	EPB41L1	0	0	0	0	0	0	0	0	0	0	0.747
HOMER1	DLGAP3	0	0	0	0	0	0	0	0	0	0	0.816
HOMER1	DLG2	0	0	0	0	0	0	0	0	0	0	0.821
HOMER1	GRIA1	0	0	0	0	0	0	0	0	0	0	0.873
HOMER1	SHANK2	0	0	0	0	0	0	0	0	0	0	0.937
HOMER1	SHANK3	0	0	0	0	0	0	0	0	0	0	0.957
HOMER1	DLG4	0	0	0	0	0	0	0	0	0	0	0.988
HOMER1	HOMER3	0	0	0	0	0	0	0	0	0	0	0.993
EPB41L1	DLG3	0	0	0	0	0	0	0	0	0	0	0.471
EPB41L1	NRXN3	0	0	0	0	0	0	0	0	0	0	0.528
EPB41L1	NLGN3	0	0	0	0	0	0	0	0	0	0	0.543
EPB41L1	NLGN4Y	0	0	0	0	0	0	0	0	0	0	0.547
EPB41L1	CAMK2A	0	0	0	0	0	0	0	0	0	0	0.571
EPB41L1	NLGN4X	0	0	0	0	0	0	0	0	0	0	0.578
EPB41L1	NRXN1	0	0	0	0	0	0	0	0	0	0	0.592
EPB41L1	NLGN1	0	0	0	0	0	0	0	0	0	0	0.639
EPB41L1	GRIA3	0	0	0	0	0	0	0	0	0	0	0.66
EPB41L1	DLG4	0	0	0	0	0	0	0	0	0	0	0.793
EPB41L1	DLG1	0	0	0	0	0	0	0	0	0	0	0.815
EPB41L1	GRIA1	0	0	0	0	0	0	0	0	0	0	0.997
PTK2	DAG1	0	0	0	0	0	0	0	0	0	0	0.434
PTK2	CTNNB1	0	0	0	0	0	0	0	0	0	0	0.802
PTK2	AKT1	0	0	0	0	0	0	0	0	0	0	0.879
PTK2	PIK3R1	0	0	0	0	0	0	0	0	0	0	0.988
PTK2	PTEN	0	0	0	0	0	0	0	0	0	0	0.995
PTK2	FYN	0	0	0	0	0	0	0	0	0	0	0.998
SHANK2	MAGI2	0	0	0	0	0	0	0	0	0	0	0.413
SHANK2	DLG1	0	0	0	0	0	0	0	0	0	0	0.416
SHANK2	CAMK2A	0	0	0	0	0	0	0	0	0	0	0.442
SHANK2	GRIN1	0	0	0	0	0	0	0	0	0	0	0.475
SHANK2	UBE3A	0	0	0	0	0	0	0	0	0	0	0.486
SHANK2	GPHN	0	0	0	0	0	0	0	0	0	0	0.486
SHANK2	AKT1	0	0	0	0	0	0	0	0	0	0	0.539
SHANK2	GRIN3A	0	0	0	0	0	0	0	0	0	0	0.575
SHANK2	GRIN2B	0	0	0	0	0	0	0	0	0	0	0.628
SHANK2	NRXN3	0	0	0	0	0	0	0	0	0	0	0.725
SHANK2	DLG3	0	0	0	0	0	0	0	0	0	0	0.744
SHANK2	GRIA1	0	0	0	0	0	0	0	0	0	0	0.75
SHANK2	HOMER3	0	0	0	0	0	0	0	0	0	0	0.799
SHANK2	DLG2	0	0	0	0	0	0	0	0	0	0	0.811
SHANK2	NLGN4Y	0	0	0	0	0	0	0	0	0	0	0.85
SHANK2	NRXN1	0	0	0	0	0	0	0	0	0	0	0.914
SHANK2	NLGN1	0	0	0	0	0	0	0	0	0	0	0.914
SHANK2	DLGAP3	0	0	0	0	0	0	0	0	0	0	0.917
SHANK2	NLGN3	0	0	0	0	0	0	0	0	0	0	0.958
SHANK2	NLGN4X	0	0	0	0	0	0	0	0	0	0	0.964
SHANK2	DLGAP2	0	0	0	0	0	0	0	0	0	0	0.969
SHANK2	SHANK3	0	0	0	0	0	0	0	0	0	0	0.98
SHANK2	DLG4	0	0	0	0	0	0	0	0	0	0	0.993
DLG1	NLGN4Y	0	0	0	0	0	0	0	0	0	0	0.402
DLG1	NLGN4X	0	0	0	0	0	0	0	0	0	0	0.414
DLG1	NLGN3	0	0	0	0	0	0	0	0	0	0	0.436
DLG1	CALML4	0	0	0	0	0	0	0	0	0	0	0.457
DLG1	NRXN1	0	0	0	0	0	0	0	0	0	0	0.472
DLG1	NLGN1	0	0	0	0	0	0	0	0	0	0	0.483
DLG1	MAST2	0	0	0	0	0	0	0	0	0	0	0.531
DLG1	MAGI2	0	0	0	0	0	0	0	0	0	0	0.579
DLG1	SHANK3	0	0	0	0	0	0	0	0	0	0	0.587
DLG1	GRIA3	0	0	0	0	0	0	0	0	0	0	0.697
DLG1	DLGAP2	0	0	0	0	0	0	0	0	0	0	0.714
DLG1	CAMK2A	0	0	0	0	0	0	0	0	0	0	0.721
DLG1	CTNNB1	0	0	0	0	0	0	0	0	0	0	0.786
DLG1	GRIN1	0	0	0	0	0	0	0	0	0	0	0.878
DLG1	LLGL2	0	0	0	0	0	0	0	0	0	0	0.916
DLG1	SCRIB	0	0	0	0	0	0	0	0	0	0	0.917
DLG1	DLG4	0	0	0	0	0	0	0	0	0	0	0.956
DLG1	DLG2	0	0	0	0	0	0	0	0	0	0	0.962
DLG1	UBE3A	0	0	0	0	0	0	0	0	0	0	0.974
DLG1	DLG3	0	0	0	0	0	0	0	0	0	0	0.974
DLG1	GRIN2B	0	0	0	0	0	0	0	0	0	0	0.992
DLG1	PTEN	0	0	0	0	0	0	0	0	0	0	0.996
DLG1	GRIA1	0	0	0	0	0	0	0	0	0	0	0.999
MAGI2	GRIA1	0	0	0	0	0	0	0	0	0	0	0.408
MAGI2	DLGAP2	0	0	0	0	0	0	0	0	0	0	0.42
MAGI2	NRXN1	0	0	0	0	0	0	0	0	0	0	0.461
MAGI2	GRIN2B	0	0	0	0	0	0	0	0	0	0	0.595
MAGI2	DLG4	0	0	0	0	0	0	0	0	0	0	0.616
MAGI2	DLGAP3	0	0	0	0	0	0	0	0	0	0	0.633
MAGI2	DAG1	0	0	0	0	0	0	0	0	0	0	0.669
MAGI2	NLGN4Y	0	0	0	0	0	0	0	0	0	0	0.743
MAGI2	NLGN4X	0	0	0	0	0	0	0	0	0	0	0.763
MAGI2	NLGN3	0	0	0	0	0	0	0	0	0	0	0.779
MAGI2	MAST2	0	0	0	0	0	0	0	0	0	0	0.84
MAGI2	NLGN1	0	0	0	0	0	0	0	0	0	0	0.893
MAGI2	CTNNB1	0	0	0	0	0	0	0	0	0	0	0.986
MAGI2	PTEN	0	0	0	0	0	0	0	0	0	0	0.998
FYN	GRIA1	0	0	0	0	0	0	0	0	0	0	0.451
FYN	DAG1	0	0	0	0	0	0	0	0	0	0	0.484
FYN	PTEN	0	0	0	0	0	0	0	0	0	0	0.657
FYN	CALML4	0	0	0	0	0	0	0	0	0	0	0.679
FYN	DLG3	0	0	0	0	0	0	0	0	0	0	0.705
FYN	GRIN1	0	0	0	0	0	0	0	0	0	0	0.743
FYN	DLG2	0	0	0	0	0	0	0	0	0	0	0.766
FYN	AKT1	0	0	0	0	0	0	0	0	0	0	0.834
FYN	CTNNB1	0	0	0	0	0	0	0	0	0	0	0.986
FYN	PIK3R1	0	0	0	0	0	0	0	0	0	0	0.988
FYN	PRNP	0	0	0	0	0	0	0	0	0	0	0.99
FYN	GRIN2B	0	0	0	0	0	0	0	0	0	0	0.993
FYN	DLG4	0	0	0	0	0	0	0	0	0	0	0.996
NLGN4Y	GRIA1	0	0	0	0	0	0	0	0	0	0	0.412
NLGN4Y	GRIN2B	0	0	0	0	0	0	0	0	0	0	0.448
NLGN4Y	PTEN	0	0	0	0	0	0	0	0	0	0	0.464
NLGN4Y	GPHN	0	0	0	0	0	0	0	0	0	0	0.478
NLGN4Y	PRNP	0	0	0	0	0	0	0	0	0	0	0.487
NLGN4Y	CTNNB1	0	0	0	0	0	0	0	0	0	0	0.498
NLGN4Y	MDGA1	0	0	0	0	0	0	0	0	0	0	0.505
NLGN4Y	NLGN4X	0	0	0	0	0	0	0	0	0	0	0.519
NLGN4Y	NLGN1	0	0	0	0	0	0	0	0	0	0	0.523
NLGN4Y	HOMER3	0	0	0	0	0	0	0	0	0	0	0.608
NLGN4Y	DLGAP3	0	0	0	0	0	0	0	0	0	0	0.66
NLGN4Y	DLGAP2	0	0	0	0	0	0	0	0	0	0	0.669
NLGN4Y	DLG2	0	0	0	0	0	0	0	0	0	0	0.696
NLGN4Y	NLGN3	0	0	0	0	0	0	0	0	0	0	0.697
NLGN4Y	NRXN3	0	0	0	0	0	0	0	0	0	0	0.827
NLGN4Y	DLG3	0	0	0	0	0	0	0	0	0	0	0.848
NLGN4Y	SHANK3	0	0	0	0	0	0	0	0	0	0	0.899
NLGN4Y	DLG4	0	0	0	0	0	0	0	0	0	0	0.986
NLGN4Y	NRXN1	0	0	0	0	0	0	0	0	0	0	0.999
SCRIB	GRIN2B	0	0	0	0	0	0	0	0	0	0	0.494
SCRIB	PRKCZ	0	0	0	0	0	0	0	0	0	0	0.657
SCRIB	AKT1	0	0	0	0	0	0	0	0	0	0	0.712
SCRIB	PTEN	0	0	0	0	0	0	0	0	0	0	0.834
SCRIB	DLG2	0	0	0	0	0	0	0	0	0	0	0.856
SCRIB	CTNNB1	0	0	0	0	0	0	0	0	0	0	0.88
SCRIB	DLG3	0	0	0	0	0	0	0	0	0	0	0.908
SCRIB	DLG4	0	0	0	0	0	0	0	0	0	0	0.921
SCRIB	LLGL2	0	0	0	0	0	0	0	0	0	0	0.959
SCRIB	UBE3A	0	0	0	0	0	0	0	0	0	0	0.98
NLGN3	NXPH1	0	0	0	0	0	0	0	0	0	0	0.418
NLGN3	GRIN1	0	0	0	0	0	0	0	0	0	0	0.446
NLGN3	PRNP	0	0	0	0	0	0	0	0	0	0	0.48
NLGN3	CTNNB1	0	0	0	0	0	0	0	0	0	0	0.513
NLGN3	GRIA1	0	0	0	0	0	0	0	0	0	0	0.536
NLGN3	GRIN2B	0	0	0	0	0	0	0	0	0	0	0.573
NLGN3	PTEN	0	0	0	0	0	0	0	0	0	0	0.591
NLGN3	GPHN	0	0	0	0	0	0	0	0	0	0	0.648
NLGN3	HOMER3	0	0	0	0	0	0	0	0	0	0	0.65
NLGN3	UBE3A	0	0	0	0	0	0	0	0	0	0	0.667
NLGN3	MDGA1	0	0	0	0	0	0	0	0	0	0	0.686
NLGN3	DLGAP3	0	0	0	0	0	0	0	0	0	0	0.763
NLGN3	DLG2	0	0	0	0	0	0	0	0	0	0	0.776
NLGN3	NLGN4X	0	0	0	0	0	0	0	0	0	0	0.796
NLGN3	NLGN1	0	0	0	0	0	0	0	0	0	0	0.799
NLGN3	DLGAP2	0	0	0	0	0	0	0	0	0	0	0.839
NLGN3	DLG3	0	0	0	0	0	0	0	0	0	0	0.885
NLGN3	NRXN3	0	0	0	0	0	0	0	0	0	0	0.94
NLGN3	SHANK3	0	0	0	0	0	0	0	0	0	0	0.993
NLGN3	DLG4	0	0	0	0	0	0	0	0	0	0	0.995
NLGN3	NRXN1	0	0	0	0	0	0	0	0	0	0	0.999
MAST2	PTEN	0	0	0	0	0	0	0	0	0	0	0.993
GRIN3A	DLG3	0	0	0	0	0	0	0	0	0	0	0.68
GRIN3A	SHISA9	0	0	0	0	0	0	0	0	0	0	0.784
GRIN3A	GRIA3	0	0	0	0	0	0	0	0	0	0	0.802
GRIN3A	GRIA1	0	0	0	0	0	0	0	0	0	0	0.815
GRIN3A	DLG4	0	0	0	0	0	0	0	0	0	0	0.966
GRIN3A	GRIN1	0	0	0	0	0	0	0	0	0	0	0.999
GRIN3A	GRIN2B	0	0	0	0	0	0	0	0	0	0	0.999
PSMD4	SPOP	0	0	0	0	0	0	0	0	0	0	0.425
PSMD4	UBE2L3	0	0	0	0	0	0	0	0	0	0	0.434
PSMD4	UBE2D2	0	0	0	0	0	0	0	0	0	0	0.501
PSMD4	PTEN	0	0	0	0	0	0	0	0	0	0	0.606
PSMD4	UBE2D1	0	0	0	0	0	0	0	0	0	0	0.668
PSMD4	PRNP	0	0	0	0	0	0	0	0	0	0	0.68
PSMD4	UBE3A	0	0	0	0	0	0	0	0	0	0	0.994
PSMD4	RAD23A	0	0	0	0	0	0	0	0	0	0	0.999
GRIN1	NLGN4X	0	0	0	0	0	0	0	0	0	0	0.422
GRIN1	DLGAP2	0	0	0	0	0	0	0	0	0	0	0.442
GRIN1	GPHN	0	0	0	0	0	0	0	0	0	0	0.446
GRIN1	NRXN1	0	0	0	0	0	0	0	0	0	0	0.449
GRIN1	DLGAP3	0	0	0	0	0	0	0	0	0	0	0.507
GRIN1	SHANK3	0	0	0	0	0	0	0	0	0	0	0.568
GRIN1	NLGN1	0	0	0	0	0	0	0	0	0	0	0.611
GRIN1	SHISA9	0	0	0	0	0	0	0	0	0	0	0.75
GRIN1	DLG2	0	0	0	0	0	0	0	0	0	0	0.761
GRIN1	GRIA3	0	0	0	0	0	0	0	0	0	0	0.877
GRIN1	DLG3	0	0	0	0	0	0	0	0	0	0	0.879
GRIN1	GRIA1	0	0	0	0	0	0	0	0	0	0	0.907
GRIN1	CAMK2A	0	0	0	0	0	0	0	0	0	0	0.911
GRIN1	CALML4	0	0	0	0	0	0	0	0	0	0	0.964
GRIN1	DLG4	0	0	0	0	0	0	0	0	0	0	0.998
GRIN1	GRIN2B	0	0	0	0	0	0	0	0	0	0	0.999
PTEN	UBE2D2	0	0	0	0	0	0	0	0	0	0	0.407
PTEN	CALML4	0	0	0	0	0	0	0	0	0	0	0.413
PTEN	SHANK3	0	0	0	0	0	0	0	0	0	0	0.483
PTEN	NLGN1	0	0	0	0	0	0	0	0	0	0	0.496
PTEN	GRIN2B	0	0	0	0	0	0	0	0	0	0	0.547
PTEN	NLGN4X	0	0	0	0	0	0	0	0	0	0	0.556
PTEN	UBE2L3	0	0	0	0	0	0	0	0	0	0	0.571
PTEN	DLG4	0	0	0	0	0	0	0	0	0	0	0.745
PTEN	CTNNB1	0	0	0	0	0	0	0	0	0	0	0.943
PTEN	PRKCZ	0	0	0	0	0	0	0	0	0	0	0.958
PTEN	UBE3A	0	0	0	0	0	0	0	0	0	0	0.96
PTEN	AKT1	0	0	0	0	0	0	0	0	0	0	0.988
PTEN	SPOP	0	0	0	0	0	0	0	0	0	0	0.99
PTEN	PIK3R1	0	0	0	0	0	0	0	0	0	0	0.997
DLGAP3	CAMK2A	0	0	0	0	0	0	0	0	0	0	0.451
DLGAP3	GRIA1	0	0	0	0	0	0	0	0	0	0	0.507
DLGAP3	NRXN3	0	0	0	0	0	0	0	0	0	0	0.634
DLGAP3	HOMER3	0	0	0	0	0	0	0	0	0	0	0.72
DLGAP3	NRXN1	0	0	0	0	0	0	0	0	0	0	0.733
DLGAP3	NLGN4X	0	0	0	0	0	0	0	0	0	0	0.737
DLGAP3	NLGN1	0	0	0	0	0	0	0	0	0	0	0.737
DLGAP3	GRIN2B	0	0	0	0	0	0	0	0	0	0	0.753
DLGAP3	DLG3	0	0	0	0	0	0	0	0	0	0	0.835
DLGAP3	DLG2	0	0	0	0	0	0	0	0	0	0	0.847
DLGAP3	DLGAP2	0	0	0	0	0	0	0	0	0	0	0.868
DLGAP3	SHANK3	0	0	0	0	0	0	0	0	0	0	0.992
DLGAP3	DLG4	0	0	0	0	0	0	0	0	0	0	0.993
UBE2D1	CTNNB1	0	0	0	0	0	0	0	0	0	0	0.456
UBE2D1	SPOP	0	0	0	0	0	0	0	0	0	0	0.505
UBE2D1	UBE2L3	0	0	0	0	0	0	0	0	0	0	0.654
UBE2D1	UBE2D2	0	0	0	0	0	0	0	0	0	0	0.943
UBE2D1	UBE3A	0	0	0	0	0	0	0	0	0	0	0.984
DLG3	GPHN	0	0	0	0	0	0	0	0	0	0	0.472
DLG3	SHISA9	0	0	0	0	0	0	0	0	0	0	0.513
DLG3	NRXN3	0	0	0	0	0	0	0	0	0	0	0.593
DLG3	HOMER3	0	0	0	0	0	0	0	0	0	0	0.633
DLG3	GRIA3	0	0	0	0	0	0	0	0	0	0	0.644
DLG3	CAMK2A	0	0	0	0	0	0	0	0	0	0	0.688
DLG3	NRXN1	0	0	0	0	0	0	0	0	0	0	0.717
DLG3	SHANK3	0	0	0	0	0	0	0	0	0	0	0.759
DLG3	GRIA1	0	0	0	0	0	0	0	0	0	0	0.815
DLG3	NLGN4X	0	0	0	0	0	0	0	0	0	0	0.863
DLG3	DLGAP2	0	0	0	0	0	0	0	0	0	0	0.872
DLG3	LLGL2	0	0	0	0	0	0	0	0	0	0	0.887
DLG3	NLGN1	0	0	0	0	0	0	0	0	0	0	0.892
DLG3	UBE3A	0	0	0	0	0	0	0	0	0	0	0.913
DLG3	DLG2	0	0	0	0	0	0	0	0	0	0	0.984
DLG3	DLG4	0	0	0	0	0	0	0	0	0	0	0.997
DLG3	GRIN2B	0	0	0	0	0	0	0	0	0	0	0.998
DLG2	CACNB4	0	0	0	0	0	0	0	0	0	0	0.455
DLG2	GPHN	0	0	0	0	0	0	0	0	0	0	0.607
DLG2	HOMER3	0	0	0	0	0	0	0	0	0	0	0.645
DLG2	GRIA3	0	0	0	0	0	0	0	0	0	0	0.655
DLG2	NRXN3	0	0	0	0	0	0	0	0	0	0	0.682
DLG2	CAMK2A	0	0	0	0	0	0	0	0	0	0	0.688
DLG2	NLGN4X	0	0	0	0	0	0	0	0	0	0	0.713
DLG2	NRXN1	0	0	0	0	0	0	0	0	0	0	0.778
DLG2	DLGAP2	0	0	0	0	0	0	0	0	0	0	0.811
DLG2	LLGL2	0	0	0	0	0	0	0	0	0	0	0.844
DLG2	NLGN1	0	0	0	0	0	0	0	0	0	0	0.868
DLG2	GRIA1	0	0	0	0	0	0	0	0	0	0	0.908
DLG2	UBE3A	0	0	0	0	0	0	0	0	0	0	0.913
DLG2	SHANK3	0	0	0	0	0	0	0	0	0	0	0.919
DLG2	DLG4	0	0	0	0	0	0	0	0	0	0	0.969
DLG2	GRIN2B	0	0	0	0	0	0	0	0	0	0	0.996
PRKCZ	CTNNB1	0	0	0	0	0	0	0	0	0	0	0.653
PRKCZ	PIK3R1	0	0	0	0	0	0	0	0	0	0	0.933
PRKCZ	AKT1	0	0	0	0	0	0	0	0	0	0	0.974
PRKCZ	LLGL2	0	0	0	0	0	0	0	0	0	0	0.994
NLGN4X	NXPH1	0	0	0	0	0	0	0	0	0	0	0.407
NLGN4X	PRNP	0	0	0	0	0	0	0	0	0	0	0.475
NLGN4X	CTNNB1	0	0	0	0	0	0	0	0	0	0	0.508
NLGN4X	GRIA1	0	0	0	0	0	0	0	0	0	0	0.514
NLGN4X	GRIN2B	0	0	0	0	0	0	0	0	0	0	0.546
NLGN4X	NLGN1	0	0	0	0	0	0	0	0	0	0	0.548
NLGN4X	MDGA1	0	0	0	0	0	0	0	0	0	0	0.613
NLGN4X	HOMER3	0	0	0	0	0	0	0	0	0	0	0.619
NLGN4X	UBE3A	0	0	0	0	0	0	0	0	0	0	0.633
NLGN4X	GPHN	0	0	0	0	0	0	0	0	0	0	0.767
NLGN4X	DLGAP2	0	0	0	0	0	0	0	0	0	0	0.841
NLGN4X	NRXN3	0	0	0	0	0	0	0	0	0	0	0.859
NLGN4X	SHANK3	0	0	0	0	0	0	0	0	0	0	0.995
NLGN4X	DLG4	0	0	0	0	0	0	0	0	0	0	0.995
NLGN4X	NRXN1	0	0	0	0	0	0	0	0	0	0	0.999
LLGL2	UBE3A	0	0	0	0	0	0	0	0	0	0	0.901
LLGL2	DLG4	0	0	0	0	0	0	0	0	0	0	0.982
SPOP	CTNNB1	0	0	0	0	0	0	0	0	0	0	0.407
SPOP	PIK3R1	0	0	0	0	0	0	0	0	0	0	0.421
SPOP	UBE2D2	0	0	0	0	0	0	0	0	0	0	0.662
UBE2D2	RAD23A	0	0	0	0	0	0	0	0	0	0	0.404
UBE2D2	CTNNB1	0	0	0	0	0	0	0	0	0	0	0.429
UBE2D2	UBE2L3	0	0	0	0	0	0	0	0	0	0	0.683
UBE2D2	UBE3A	0	0	0	0	0	0	0	0	0	0	0.984
NXPH1	NLGN1	0	0	0	0	0	0	0	0	0	0	0.525
NXPH1	NRXN3	0	0	0	0	0	0	0	0	0	0	0.671
NXPH1	NRXN1	0	0	0	0	0	0	0	0	0	0	0.973
NRXN1	GRIA3	0	0	0	0	0	0	0	0	0	0	0.509
NRXN1	UBE3A	0	0	0	0	0	0	0	0	0	0	0.532
NRXN1	CAMK2A	0	0	0	0	0	0	0	0	0	0	0.542
NRXN1	MDGA1	0	0	0	0	0	0	0	0	0	0	0.592
NRXN1	GRIA1	0	0	0	0	0	0	0	0	0	0	0.6
NRXN1	HOMER3	0	0	0	0	0	0	0	0	0	0	0.619
NRXN1	NRXN3	0	0	0	0	0	0	0	0	0	0	0.752
NRXN1	DLGAP2	0	0	0	0	0	0	0	0	0	0	0.803
NRXN1	GPHN	0	0	0	0	0	0	0	0	0	0	0.831
NRXN1	GRIN2B	0	0	0	0	0	0	0	0	0	0	0.832
NRXN1	SHANK3	0	0	0	0	0	0	0	0	0	0	0.961
NRXN1	DLG4	0	0	0	0	0	0	0	0	0	0	0.991
NRXN1	DAG1	0	0	0	0	0	0	0	0	0	0	0.998
NRXN1	NLGN1	0	0	0	0	0	0	0	0	0	0	0.999
NLGN1	CAMK2A	0	0	0	0	0	0	0	0	0	0	0.414
NLGN1	PRNP	0	0	0	0	0	0	0	0	0	0	0.538
NLGN1	UBE3A	0	0	0	0	0	0	0	0	0	0	0.548
NLGN1	CTNNB1	0	0	0	0	0	0	0	0	0	0	0.553
NLGN1	GRIA1	0	0	0	0	0	0	0	0	0	0	0.633
NLGN1	HOMER3	0	0	0	0	0	0	0	0	0	0	0.643
NLGN1	MDGA1	0	0	0	0	0	0	0	0	0	0	0.676
NLGN1	GPHN	0	0	0	0	0	0	0	0	0	0	0.722
NLGN1	GRIN2B	0	0	0	0	0	0	0	0	0	0	0.755
NLGN1	DLGAP2	0	0	0	0	0	0	0	0	0	0	0.811
NLGN1	NRXN3	0	0	0	0	0	0	0	0	0	0	0.964
NLGN1	SHANK3	0	0	0	0	0	0	0	0	0	0	0.978
NLGN1	DLG4	0	0	0	0	0	0	0	0	0	0	0.999
PRNP	AKT1	0	0	0	0	0	0	0	0	0	0	0.424
PRNP	GRIN2B	0	0	0	0	0	0	0	0	0	0	0.452
PRNP	DLG4	0	0	0	0	0	0	0	0	0	0	0.507
UBE2L3	RAD23A	0	0	0	0	0	0	0	0	0	0	0.437
UBE2L3	UBE3A	0	0	0	0	0	0	0	0	0	0	0.999
GPHN	NRXN3	0	0	0	0	0	0	0	0	0	0	0.404
GPHN	CAMK2A	0	0	0	0	0	0	0	0	0	0	0.418
GPHN	AKT1	0	0	0	0	0	0	0	0	0	0	0.472
GPHN	GRIN2B	0	0	0	0	0	0	0	0	0	0	0.526
GPHN	SHANK3	0	0	0	0	0	0	0	0	0	0	0.541
GPHN	GRIA1	0	0	0	0	0	0	0	0	0	0	0.621
GPHN	DLG4	0	0	0	0	0	0	0	0	0	0	0.884
CALML4	ADORA2A	0	0	0	0	0	0	0	0	0	0	0.446
CALML4	HOMER3	0	0	0	0	0	0	0	0	0	0	0.527
CALML4	GRIA1	0	0	0	0	0	0	0	0	0	0	0.586
CALML4	CTNNB1	0	0	0	0	0	0	0	0	0	0	0.631
CALML4	AKT1	0	0	0	0	0	0	0	0	0	0	0.713
CALML4	DLG4	0	0	0	0	0	0	0	0	0	0	0.892
CALML4	GRIN2B	0	0	0	0	0	0	0	0	0	0	0.926
CALML4	CAMK2A	0	0	0	0	0	0	0	0	0	0	0.999
PIK3R1	CTNNB1	0	0	0	0	0	0	0	0	0	0	0.858
PIK3R1	AKT1	0	0	0	0	0	0	0	0	0	0	0.995
GRIA1	NRXN3	0	0	0	0	0	0	0	0	0	0	0.404
GRIA1	DLGAP2	0	0	0	0	0	0	0	0	0	0	0.427
GRIA1	CACNB4	0	0	0	0	0	0	0	0	0	0	0.45
GRIA1	AKT1	0	0	0	0	0	0	0	0	0	0	0.48
GRIA1	UBE3A	0	0	0	0	0	0	0	0	0	0	0.592
GRIA1	SHANK3	0	0	0	0	0	0	0	0	0	0	0.623
GRIA1	GRIN2B	0	0	0	0	0	0	0	0	0	0	0.934
GRIA1	SHISA9	0	0	0	0	0	0	0	0	0	0	0.984
GRIA1	DLG4	0	0	0	0	0	0	0	0	0	0	0.994
GRIA1	GRIA3	0	0	0	0	0	0	0	0	0	0	0.999
GRIA1	CAMK2A	0	0	0	0	0	0	0	0	0	0	0.999
CACNB4	CAMK2A	0	0	0	0	0	0	0	0	0	0	0.717
HOMER3	AKT1	0	0	0	0	0	0	0	0	0	0	0.421
HOMER3	GRIN2B	0	0	0	0	0	0	0	0	0	0	0.466
HOMER3	NRXN3	0	0	0	0	0	0	0	0	0	0	0.516
HOMER3	DLGAP2	0	0	0	0	0	0	0	0	0	0	0.698
HOMER3	DLG4	0	0	0	0	0	0	0	0	0	0	0.868
HOMER3	SHANK3	0	0	0	0	0	0	0	0	0	0	0.884
DAG1	NRXN3	0	0	0	0	0	0	0	0	0	0	0.47
AKT1	ADORA2A	0	0	0	0	0	0	0	0	0	0	0.428
AKT1	GRIN2B	0	0	0	0	0	0	0	0	0	0	0.51
AKT1	SHANK3	0	0	0	0	0	0	0	0	0	0	0.548
AKT1	DLG4	0	0	0	0	0	0	0	0	0	0	0.747
AKT1	CTNNB1	0	0	0	0	0	0	0	0	0	0	0.979
SHISA9	GRIN2B	0	0	0	0	0	0	0	0	0	0	0.779
SHISA9	GRIA3	0	0	0	0	0	0	0	0	0	0	0.824
SHISA9	DLG4	0	0	0	0	0	0	0	0	0	0	0.858
RAD23A	UBE3A	0	0	0	0	0	0	0	0	0	0	0.974
GRIN2B	ADORA2A	0	0	0	0	0	0	0	0	0	0	0.414
GRIN2B	NRXN3	0	0	0	0	0	0	0	0	0	0	0.414
GRIN2B	DLGAP2	0	0	0	0	0	0	0	0	0	0	0.514
GRIN2B	CTNNB1	0	0	0	0	0	0	0	0	0	0	0.757
GRIN2B	SHANK3	0	0	0	0	0	0	0	0	0	0	0.785
GRIN2B	GRIA3	0	0	0	0	0	0	0	0	0	0	0.823
GRIN2B	DLG4	0	0	0	0	0	0	0	0	0	0	0.999
GRIN2B	CAMK2A	0	0	0	0	0	0	0	0	0	0	0.999
GRIA3	CAMK2A	0	0	0	0	0	0	0	0	0	0	0.808
GRIA3	DLG4	0	0	0	0	0	0	0	0	0	0	0.873
SHANK3	CAMK2A	0	0	0	0	0	0	0	0	0	0	0.509
SHANK3	UBE3A	0	0	0	0	0	0	0	0	0	0	0.647
SHANK3	NRXN3	0	0	0	0	0	0	0	0	0	0	0.703
SHANK3	DLGAP2	0	0	0	0	0	0	0	0	0	0	0.988
SHANK3	DLG4	0	0	0	0	0	0	0	0	0	0	0.996
NRXN3	CAMK2A	0	0	0	0	0	0	0	0	0	0	0.404
NRXN3	DLGAP2	0	0	0	0	0	0	0	0	0	0	0.645
NRXN3	DLG4	0	0	0	0	0	0	0	0	0	0	0.858
DLGAP2	CAMK2A	0	0	0	0	0	0	0	0	0	0	0.436
DLGAP2	DLG4	0	0	0	0	0	0	0	0	0	0	0.891
CTNNB1	DLG4	0	0	0	0	0	0	0	0	0	0	0.538
CTNNB1	UBE3A	0	0	0	0	0	0	0	0	0	0	0.974
UBE3A	DLG4	0	0	0	0	0	0	0	0	0	0	0.447
DLG4	CAMK2A	0	0	0	0	0	0	0	0	0	0	0.92
CBLN1	DLG4	0	0	0	0	0	0	0	0	0	0	0.402
CBLN1	NLGN3	0	0	0	0	0	0	0	0	0	0	0.507
CBLN1	NLGN2	0	0	0	0	0	0	0	0	0	0	0.559
CBLN1	NLGN4X	0	0	0	0	0	0	0	0	0	0	0.56
CBLN1	NRXN3	0	0	0	0	0	0	0	0	0	0	0.565
CBLN1	NLGN1	0	0	0	0	0	0	0	0	0	0	0.611
CBLN1	LRRTM2	0	0	0	0	0	0	0	0	0	0	0.717
CBLN1	NRXN2	0	0	0	0	0	0	0	0	0	0	0.989
CBLN1	NRXN1	0	0	0	0	0	0	0	0	0	0	0.994
TSC2	NLGN4X	0	0	0	0	0	0	0	0	0	0	0.459
TSC2	NLGN3	0	0	0	0	0	0	0	0	0	0	0.471
TSC2	PTK2	0	0	0	0	0	0	0	0	0	0	0.476
TSC2	CTNNB1	0	0	0	0	0	0	0	0	0	0	0.517
TSC2	PIK3R1	0	0	0	0	0	0	0	0	0	0	0.524
TSC2	SHANK3	0	0	0	0	0	0	0	0	0	0	0.537
TSC2	PIK3CA	0	0	0	0	0	0	0	0	0	0	0.687
TSC2	TP53	0	0	0	0	0	0	0	0	0	0	0.713
TSC2	PTEN	0	0	0	0	0	0	0	0	0	0	0.889
TSC2	UBE3A	0	0	0	0	0	0	0	0	0	0	0.981
TSC2	AKT1	0	0	0	0	0	0	0	0	0	0	0.99
CACNG1	CAMK2A	0	0	0	0	0	0	0	0	0	0	0.725
CACNG1	CACNB4	0	0	0	0	0	0	0	0	0	0	0.935
CACNG1	CACNG2	0	0	0	0	0	0	0	0	0	0	0.962
CACNG1	CACNG8	0	0	0	0	0	0	0	0	0	0	0.968
GRIN3B	GRM5	0	0	0	0	0	0	0	0	0	0	0.419
GRIN3B	GRM1	0	0	0	0	0	0	0	0	0	0	0.466
GRIN3B	DLG3	0	0	0	0	0	0	0	0	0	0	0.598
GRIN3B	CNIH2	0	0	0	0	0	0	0	0	0	0	0.746
GRIN3B	SHISA9	0	0	0	0	0	0	0	0	0	0	0.748
GRIN3B	CACNG8	0	0	0	0	0	0	0	0	0	0	0.758
GRIN3B	GRIA2	0	0	0	0	0	0	0	0	0	0	0.787
GRIN3B	GRIA3	0	0	0	0	0	0	0	0	0	0	0.791
GRIN3B	GRIA4	0	0	0	0	0	0	0	0	0	0	0.811
GRIN3B	GRIA1	0	0	0	0	0	0	0	0	0	0	0.84
GRIN3B	CACNG2	0	0	0	0	0	0	0	0	0	0	0.845
GRIN3B	DLG4	0	0	0	0	0	0	0	0	0	0	0.942
GRIN3B	GRIN3A	0	0	0	0	0	0	0	0	0	0	0.995
GRIN3B	GRIN2C	0	0	0	0	0	0	0	0	0	0	0.996
GRIN3B	GRIN2B	0	0	0	0	0	0	0	0	0	0	0.996
GRIN3B	GRIN2D	0	0	0	0	0	0	0	0	0	0	0.996
GRIN3B	GRIN2A	0	0	0	0	0	0	0	0	0	0	0.998
GRIN3B	GRIN1	0	0	0	0	0	0	0	0	0	0	0.999
GRIN2D	DLGAP3	0	0	0	0	0	0	0	0	0	0	0.451
GRIN2D	GRM5	0	0	0	0	0	0	0	0	0	0	0.556
GRIN2D	DLG1	0	0	0	0	0	0	0	0	0	0	0.604
GRIN2D	CAMK2A	0	0	0	0	0	0	0	0	0	0	0.607
GRIN2D	DLGAP1	0	0	0	0	0	0	0	0	0	0	0.617
GRIN2D	DLG2	0	0	0	0	0	0	0	0	0	0	0.634
GRIN2D	DLG3	0	0	0	0	0	0	0	0	0	0	0.659
GRIN2D	GRM1	0	0	0	0	0	0	0	0	0	0	0.678
GRIN2D	CALML4	0	0	0	0	0	0	0	0	0	0	0.74
GRIN2D	CALML3	0	0	0	0	0	0	0	0	0	0	0.74
GRIN2D	CALM3	0	0	0	0	0	0	0	0	0	0	0.755
GRIN2D	CNIH2	0	0	0	0	0	0	0	0	0	0	0.761
GRIN2D	SHISA9	0	0	0	0	0	0	0	0	0	0	0.767
GRIN2D	CACNG8	0	0	0	0	0	0	0	0	0	0	0.778
GRIN2D	PRNP	0	0	0	0	0	0	0	0	0	0	0.779
GRIN2D	CACNG2	0	0	0	0	0	0	0	0	0	0	0.795
GRIN2D	GRIA3	0	0	0	0	0	0	0	0	0	0	0.799
GRIN2D	GRIA2	0	0	0	0	0	0	0	0	0	0	0.8
GRIN2D	GRIA1	0	0	0	0	0	0	0	0	0	0	0.816
GRIN2D	GRIA4	0	0	0	0	0	0	0	0	0	0	0.864
GRIN2D	DLG4	0	0	0	0	0	0	0	0	0	0	0.976
GRIN2D	GRIN3A	0	0	0	0	0	0	0	0	0	0	0.998
GRIN2D	GRIN2B	0	0	0	0	0	0	0	0	0	0	0.998
GRIN2D	GRIN2A	0	0	0	0	0	0	0	0	0	0	0.998
GRIN2D	GRIN2C	0	0	0	0	0	0	0	0	0	0	0.998
GRIN2D	GRIN1	0	0	0	0	0	0	0	0	0	0	0.999
PIK3CA	CALML4	0	0	0	0	0	0	0	0	0	0	0.517
PIK3CA	CALML3	0	0	0	0	0	0	0	0	0	0	0.518
PIK3CA	SPOP	0	0	0	0	0	0	0	0	0	0	0.523
PIK3CA	DLG1	0	0	0	0	0	0	0	0	0	0	0.569
PIK3CA	PREX2	0	0	0	0	0	0	0	0	0	0	0.58
PIK3CA	GNAQ	0	0	0	0	0	0	0	0	0	0	0.901
PIK3CA	CTNNB1	0	0	0	0	0	0	0	0	0	0	0.901
PIK3CA	PRKCZ	0	0	0	0	0	0	0	0	0	0	0.925
PIK3CA	TP53	0	0	0	0	0	0	0	0	0	0	0.941
PIK3CA	FYN	0	0	0	0	0	0	0	0	0	0	0.951
PIK3CA	PRKCI	0	0	0	0	0	0	0	0	0	0	0.952
PIK3CA	PTK2	0	0	0	0	0	0	0	0	0	0	0.97
PIK3CA	PTEN	0	0	0	0	0	0	0	0	0	0	0.995
PIK3CA	AKT1	0	0	0	0	0	0	0	0	0	0	0.998
PIK3CA	PIK3R1	0	0	0	0	0	0	0	0	0	0	0.999
NRXN2	CACNG2	0	0	0	0	0	0	0	0	0	0	0.408
NRXN2	GRIN1	0	0	0	0	0	0	0	0	0	0	0.436
NRXN2	GRIN2A	0	0	0	0	0	0	0	0	0	0	0.452
NRXN2	DLG1	0	0	0	0	0	0	0	0	0	0	0.457
NRXN2	CAMK2A	0	0	0	0	0	0	0	0	0	0	0.507
NRXN2	GRIN2B	0	0	0	0	0	0	0	0	0	0	0.516
NRXN2	GRIA1	0	0	0	0	0	0	0	0	0	0	0.538
NRXN2	NRXN3	0	0	0	0	0	0	0	0	0	0	0.585
NRXN2	HOMER2	0	0	0	0	0	0	0	0	0	0	0.592
NRXN2	EPB41L1	0	0	0	0	0	0	0	0	0	0	0.599
NRXN2	GRIA2	0	0	0	0	0	0	0	0	0	0	0.607
NRXN2	MDGA1	0	0	0	0	0	0	0	0	0	0	0.612
NRXN2	HOMER3	0	0	0	0	0	0	0	0	0	0	0.619
NRXN2	GRM1	0	0	0	0	0	0	0	0	0	0	0.676
NRXN2	GRIA4	0	0	0	0	0	0	0	0	0	0	0.684
NRXN2	HOMER1	0	0	0	0	0	0	0	0	0	0	0.687
NRXN2	DLG3	0	0	0	0	0	0	0	0	0	0	0.713
NRXN2	GRM5	0	0	0	0	0	0	0	0	0	0	0.713
NRXN2	DLGAP2	0	0	0	0	0	0	0	0	0	0	0.714
NRXN2	DLGAP3	0	0	0	0	0	0	0	0	0	0	0.719
NRXN2	DLG2	0	0	0	0	0	0	0	0	0	0	0.741
NRXN2	DLGAP1	0	0	0	0	0	0	0	0	0	0	0.743
NRXN2	NXPH1	0	0	0	0	0	0	0	0	0	0	0.827
NRXN2	GPHN	0	0	0	0	0	0	0	0	0	0	0.831
NRXN2	SHANK1	0	0	0	0	0	0	0	0	0	0	0.876
NRXN2	SHANK2	0	0	0	0	0	0	0	0	0	0	0.88
NRXN2	SHANK3	0	0	0	0	0	0	0	0	0	0	0.897
NRXN2	NRXN1	0	0	0	0	0	0	0	0	0	0	0.922
NRXN2	DLG4	0	0	0	0	0	0	0	0	0	0	0.987
NRXN2	LRRTM2	0	0	0	0	0	0	0	0	0	0	0.993
NRXN2	DAG1	0	0	0	0	0	0	0	0	0	0	0.997
NRXN2	NLGN2	0	0	0	0	0	0	0	0	0	0	0.999
NRXN2	NLGN1	0	0	0	0	0	0	0	0	0	0	0.999
NRXN2	NLGN3	0	0	0	0	0	0	0	0	0	0	0.999
NRXN2	NLGN4Y	0	0	0	0	0	0	0	0	0	0	0.999
NRXN2	NLGN4X	0	0	0	0	0	0	0	0	0	0	0.999
TP53	GNAQ	0	0	0	0	0	0	0	0	0	0	0.479
TP53	UBE2L3	0	0	0	0	0	0	0	0	0	0	0.5
TP53	CALM3	0	0	0	0	0	0	0	0	0	0	0.508
TP53	UBE2D2	0	0	0	0	0	0	0	0	0	0	0.531
TP53	DLG1	0	0	0	0	0	0	0	0	0	0	0.533
TP53	SPOP	0	0	0	0	0	0	0	0	0	0	0.571
TP53	UBE2D1	0	0	0	0	0	0	0	0	0	0	0.578
TP53	SCRIB	0	0	0	0	0	0	0	0	0	0	0.587
TP53	CALML4	0	0	0	0	0	0	0	0	0	0	0.657
TP53	RAD23A	0	0	0	0	0	0	0	0	0	0	0.657
TP53	CALML3	0	0	0	0	0	0	0	0	0	0	0.657
TP53	FYN	0	0	0	0	0	0	0	0	0	0	0.657
TP53	PRKCI	0	0	0	0	0	0	0	0	0	0	0.661
TP53	DLG4	0	0	0	0	0	0	0	0	0	0	0.734
TP53	PIK3R1	0	0	0	0	0	0	0	0	0	0	0.853
TP53	PSMD4	0	0	0	0	0	0	0	0	0	0	0.88
TP53	CTNNB1	0	0	0	0	0	0	0	0	0	0	0.927
TP53	PTK2	0	0	0	0	0	0	0	0	0	0	0.928
TP53	PRKCZ	0	0	0	0	0	0	0	0	0	0	0.933
TP53	AKT1	0	0	0	0	0	0	0	0	0	0	0.994
TP53	UBE3A	0	0	0	0	0	0	0	0	0	0	0.999
TP53	PTEN	0	0	0	0	0	0	0	0	0	0	0.999
CACNG8	EPB41L1	0	0	0	0	0	0	0	0	0	0	0.46
CACNG8	NLGN1	0	0	0	0	0	0	0	0	0	0	0.514
CACNG8	DLG1	0	0	0	0	0	0	0	0	0	0	0.584
CACNG8	DLG3	0	0	0	0	0	0	0	0	0	0	0.649
CACNG8	GRIN3A	0	0	0	0	0	0	0	0	0	0	0.743
CACNG8	CACNG2	0	0	0	0	0	0	0	0	0	0	0.748
CACNG8	GRIN2C	0	0	0	0	0	0	0	0	0	0	0.761
CACNG8	CAMK2A	0	0	0	0	0	0	0	0	0	0	0.782
CACNG8	GRIN1	0	0	0	0	0	0	0	0	0	0	0.799
CACNG8	GRIN2A	0	0	0	0	0	0	0	0	0	0	0.812
CACNG8	GRIN2B	0	0	0	0	0	0	0	0	0	0	0.822
CACNG8	DLG4	0	0	0	0	0	0	0	0	0	0	0.901
CACNG8	GRIA3	0	0	0	0	0	0	0	0	0	0	0.936
CACNG8	GRIA4	0	0	0	0	0	0	0	0	0	0	0.936
CACNG8	CACNB4	0	0	0	0	0	0	0	0	0	0	0.94
CACNG8	SHISA9	0	0	0	0	0	0	0	0	0	0	0.948
CACNG8	CNIH2	0	0	0	0	0	0	0	0	0	0	0.99
CACNG8	GRIA2	0	0	0	0	0	0	0	0	0	0	0.994
CACNG8	GRIA1	0	0	0	0	0	0	0	0	0	0	0.996
LRRTM2	MDGA1	0	0	0	0	0	0	0	0	0	0	0.419
LRRTM2	GPHN	0	0	0	0	0	0	0	0	0	0	0.464
LRRTM2	NLGN4Y	0	0	0	0	0	0	0	0	0	0	0.474
LRRTM2	GRIA1	0	0	0	0	0	0	0	0	0	0	0.493
LRRTM2	NLGN2	0	0	0	0	0	0	0	0	0	0	0.65
LRRTM2	GRIA2	0	0	0	0	0	0	0	0	0	0	0.681
LRRTM2	NLGN4X	0	0	0	0	0	0	0	0	0	0	0.724
LRRTM2	NLGN3	0	0	0	0	0	0	0	0	0	0	0.725
LRRTM2	NLGN1	0	0	0	0	0	0	0	0	0	0	0.815
LRRTM2	DLG4	0	0	0	0	0	0	0	0	0	0	0.902
LRRTM2	NRXN3	0	0	0	0	0	0	0	0	0	0	0.92
LRRTM2	NRXN1	0	0	0	0	0	0	0	0	0	0	0.997
GRIA4	HOMER1	0	0	0	0	0	0	0	0	0	0	0.42
GRIA4	NXPH1	0	0	0	0	0	0	0	0	0	0	0.421
GRIA4	DLGAP1	0	0	0	0	0	0	0	0	0	0	0.423
GRIA4	SHANK1	0	0	0	0	0	0	0	0	0	0	0.45
GRIA4	NLGN1	0	0	0	0	0	0	0	0	0	0	0.496
GRIA4	SHANK2	0	0	0	0	0	0	0	0	0	0	0.579
GRIA4	DLG3	0	0	0	0	0	0	0	0	0	0	0.646
GRIA4	GRM1	0	0	0	0	0	0	0	0	0	0	0.653
GRIA4	GRM5	0	0	0	0	0	0	0	0	0	0	0.667
GRIA4	NRXN1	0	0	0	0	0	0	0	0	0	0	0.688
GRIA4	DLG2	0	0	0	0	0	0	0	0	0	0	0.698
GRIA4	EPB41L1	0	0	0	0	0	0	0	0	0	0	0.807
GRIA4	CAMK2A	0	0	0	0	0	0	0	0	0	0	0.814
GRIA4	GRIN2C	0	0	0	0	0	0	0	0	0	0	0.824
GRIA4	DLG1	0	0	0	0	0	0	0	0	0	0	0.828
GRIA4	DLG4	0	0	0	0	0	0	0	0	0	0	0.829
GRIA4	GRIN2B	0	0	0	0	0	0	0	0	0	0	0.853
GRIA4	GRIN3A	0	0	0	0	0	0	0	0	0	0	0.878
GRIA4	GRIN1	0	0	0	0	0	0	0	0	0	0	0.886
GRIA4	GRIN2A	0	0	0	0	0	0	0	0	0	0	0.898
GRIA4	SHISA9	0	0	0	0	0	0	0	0	0	0	0.919
GRIA4	CNIH2	0	0	0	0	0	0	0	0	0	0	0.94
GRIA4	CACNG2	0	0	0	0	0	0	0	0	0	0	0.975
GRIA4	GRIA3	0	0	0	0	0	0	0	0	0	0	0.997
GRIA4	GRIA1	0	0	0	0	0	0	0	0	0	0	0.997
GRIA4	GRIA2	0	0	0	0	0	0	0	0	0	0	0.999
GRM1	AKT1	0	0	0	0	0	0	0	0	0	0	0.421
GRM1	CALML4	0	0	0	0	0	0	0	0	0	0	0.427
GRM1	CALML3	0	0	0	0	0	0	0	0	0	0	0.432
GRM1	CALM3	0	0	0	0	0	0	0	0	0	0	0.445
GRM1	FYN	0	0	0	0	0	0	0	0	0	0	0.45
GRM1	DLG1	0	0	0	0	0	0	0	0	0	0	0.46
GRM1	PIK3R1	0	0	0	0	0	0	0	0	0	0	0.48
GRM1	GRIN3A	0	0	0	0	0	0	0	0	0	0	0.537
GRM1	NLGN4Y	0	0	0	0	0	0	0	0	0	0	0.573
GRM1	DLG3	0	0	0	0	0	0	0	0	0	0	0.598
GRM1	GRIA3	0	0	0	0	0	0	0	0	0	0	0.602
GRM1	NLGN2	0	0	0	0	0	0	0	0	0	0	0.61
GRM1	GRIN2C	0	0	0	0	0	0	0	0	0	0	0.616
GRM1	NLGN4X	0	0	0	0	0	0	0	0	0	0	0.624
GRM1	DLGAP2	0	0	0	0	0	0	0	0	0	0	0.628
GRM1	DLG2	0	0	0	0	0	0	0	0	0	0	0.64
GRM1	NLGN3	0	0	0	0	0	0	0	0	0	0	0.648
GRM1	NLGN1	0	0	0	0	0	0	0	0	0	0	0.652
GRM1	GRIN1	0	0	0	0	0	0	0	0	0	0	0.659
GRM1	NRXN3	0	0	0	0	0	0	0	0	0	0	0.687
GRM1	DLGAP3	0	0	0	0	0	0	0	0	0	0	0.688
GRM1	NRXN1	0	0	0	0	0	0	0	0	0	0	0.705
GRM1	SHANK2	0	0	0	0	0	0	0	0	0	0	0.714
GRM1	GRIN2A	0	0	0	0	0	0	0	0	0	0	0.738
GRM1	GRIN2B	0	0	0	0	0	0	0	0	0	0	0.758
GRM1	SHANK3	0	0	0	0	0	0	0	0	0	0	0.788
GRM1	GRIA2	0	0	0	0	0	0	0	0	0	0	0.809
GRM1	GRIA1	0	0	0	0	0	0	0	0	0	0	0.849
GRM1	DLG4	0	0	0	0	0	0	0	0	0	0	0.862
GRM1	SHANK1	0	0	0	0	0	0	0	0	0	0	0.899
GRM1	DLGAP1	0	0	0	0	0	0	0	0	0	0	0.938
GRM1	CAMK2A	0	0	0	0	0	0	0	0	0	0	0.968
GRM1	GRM5	0	0	0	0	0	0	0	0	0	0	0.977
GRM1	HOMER2	0	0	0	0	0	0	0	0	0	0	0.989
GRM1	HOMER3	0	0	0	0	0	0	0	0	0	0	0.99
GRM1	GNAQ	0	0	0	0	0	0	0	0	0	0	0.998
GRM1	HOMER1	0	0	0	0	0	0	0	0	0	0	0.998
GNAQ	CTNNB1	0	0	0	0	0	0	0	0	0	0	0.56
GNAQ	PTEN	0	0	0	0	0	0	0	0	0	0	0.567
GNAQ	CALML4	0	0	0	0	0	0	0	0	0	0	0.57
GNAQ	CALML3	0	0	0	0	0	0	0	0	0	0	0.581
GNAQ	CALM3	0	0	0	0	0	0	0	0	0	0	0.593
GNAQ	AKT1	0	0	0	0	0	0	0	0	0	0	0.775
GNAQ	PIK3R1	0	0	0	0	0	0	0	0	0	0	0.854
GNAQ	ADORA2A	0	0	0	0	0	0	0	0	0	0	0.959
GNAQ	GRM5	0	0	0	0	0	0	0	0	0	0	0.999
PREX2	AKT1	0	0	0	0	0	0	0	0	0	0	0.444
PREX2	PTEN	0	0	0	0	0	0	0	0	0	0	0.99
CALM3	GRIA2	0	0	0	0	0	0	0	0	0	0	0.434
CALM3	PTEN	0	0	0	0	0	0	0	0	0	0	0.451
CALM3	DLG1	0	0	0	0	0	0	0	0	0	0	0.457
CALM3	CACNB4	0	0	0	0	0	0	0	0	0	0	0.463
CALM3	MAST2	0	0	0	0	0	0	0	0	0	0	0.471
CALM3	PIK3R1	0	0	0	0	0	0	0	0	0	0	0.513
CALM3	GRIN3A	0	0	0	0	0	0	0	0	0	0	0.515
CALM3	ADORA2A	0	0	0	0	0	0	0	0	0	0	0.515
CALM3	HOMER2	0	0	0	0	0	0	0	0	0	0	0.517
CALM3	CTNNB1	0	0	0	0	0	0	0	0	0	0	0.528
CALM3	HOMER3	0	0	0	0	0	0	0	0	0	0	0.533
CALM3	GRIA1	0	0	0	0	0	0	0	0	0	0	0.583
CALM3	HOMER1	0	0	0	0	0	0	0	0	0	0	0.63
CALM3	FYN	0	0	0	0	0	0	0	0	0	0	0.685
CALM3	GRM5	0	0	0	0	0	0	0	0	0	0	0.688
CALM3	GRIN2C	0	0	0	0	0	0	0	0	0	0	0.758
CALM3	AKT1	0	0	0	0	0	0	0	0	0	0	0.802
CALM3	GRIN2A	0	0	0	0	0	0	0	0	0	0	0.901
CALM3	GRIN2B	0	0	0	0	0	0	0	0	0	0	0.91
CALM3	DLG4	0	0	0	0	0	0	0	0	0	0	0.989
CALM3	CALML4	0	0	0	0	0	0	0	0	0	0	0.996
CALM3	GRIN1	0	0	0	0	0	0	0	0	0	0	0.996
CALM3	CALML3	0	0	0	0	0	0	0	0	0	0	0.996
CALM3	CAMK2A	0	0	0	0	0	0	0	0	0	0	0.999
GRIN2C	MAGI2	0	0	0	0	0	0	0	0	0	0	0.409
GRIN2C	SHANK1	0	0	0	0	0	0	0	0	0	0	0.416
GRIN2C	GRM5	0	0	0	0	0	0	0	0	0	0	0.621
GRIN2C	DLG1	0	0	0	0	0	0	0	0	0	0	0.681
GRIN2C	SHISA9	0	0	0	0	0	0	0	0	0	0	0.733
GRIN2C	CAMK2A	0	0	0	0	0	0	0	0	0	0	0.735
GRIN2C	CALML3	0	0	0	0	0	0	0	0	0	0	0.741
GRIN2C	CALML4	0	0	0	0	0	0	0	0	0	0	0.741
GRIN2C	CNIH2	0	0	0	0	0	0	0	0	0	0	0.765
GRIN2C	GRIA3	0	0	0	0	0	0	0	0	0	0	0.809
GRIN2C	CACNG2	0	0	0	0	0	0	0	0	0	0	0.817
GRIN2C	DLG2	0	0	0	0	0	0	0	0	0	0	0.818
GRIN2C	GRIA2	0	0	0	0	0	0	0	0	0	0	0.822
GRIN2C	GRIA1	0	0	0	0	0	0	0	0	0	0	0.829
GRIN2C	DLG3	0	0	0	0	0	0	0	0	0	0	0.872
GRIN2C	DLG4	0	0	0	0	0	0	0	0	0	0	0.99
GRIN2C	GRIN2A	0	0	0	0	0	0	0	0	0	0	0.998
GRIN2C	GRIN2B	0	0	0	0	0	0	0	0	0	0	0.998
GRIN2C	GRIN3A	0	0	0	0	0	0	0	0	0	0	0.998
GRIN2C	GRIN1	0	0	0	0	0	0	0	0	0	0	0.999
SHANK1	GPHN	0	0	0	0	0	0	0	0	0	0	0.416
SHANK1	CACNG2	0	0	0	0	0	0	0	0	0	0	0.418
SHANK1	MAGI2	0	0	0	0	0	0	0	0	0	0	0.418
SHANK1	DLG1	0	0	0	0	0	0	0	0	0	0	0.446
SHANK1	CAMK2A	0	0	0	0	0	0	0	0	0	0	0.533
SHANK1	GRIA2	0	0	0	0	0	0	0	0	0	0	0.563
SHANK1	GRIN1	0	0	0	0	0	0	0	0	0	0	0.596
SHANK1	GRIA1	0	0	0	0	0	0	0	0	0	0	0.619
SHANK1	NRXN3	0	0	0	0	0	0	0	0	0	0	0.696
SHANK1	GRIN2A	0	0	0	0	0	0	0	0	0	0	0.742
SHANK1	GRIN2B	0	0	0	0	0	0	0	0	0	0	0.752
SHANK1	NLGN4Y	0	0	0	0	0	0	0	0	0	0	0.76
SHANK1	DLG3	0	0	0	0	0	0	0	0	0	0	0.778
SHANK1	DLGAP2	0	0	0	0	0	0	0	0	0	0	0.841
SHANK1	NLGN2	0	0	0	0	0	0	0	0	0	0	0.868
SHANK1	DLG2	0	0	0	0	0	0	0	0	0	0	0.878
SHANK1	NRXN1	0	0	0	0	0	0	0	0	0	0	0.887
SHANK1	NLGN4X	0	0	0	0	0	0	0	0	0	0	0.894
SHANK1	NLGN3	0	0	0	0	0	0	0	0	0	0	0.904
SHANK1	DLGAP3	0	0	0	0	0	0	0	0	0	0	0.92
SHANK1	NLGN1	0	0	0	0	0	0	0	0	0	0	0.926
SHANK1	HOMER2	0	0	0	0	0	0	0	0	0	0	0.927
SHANK1	GRM5	0	0	0	0	0	0	0	0	0	0	0.939
SHANK1	HOMER3	0	0	0	0	0	0	0	0	0	0	0.966
SHANK1	SHANK2	0	0	0	0	0	0	0	0	0	0	0.968
SHANK1	SHANK3	0	0	0	0	0	0	0	0	0	0	0.982
SHANK1	HOMER1	0	0	0	0	0	0	0	0	0	0	0.984
SHANK1	DLG4	0	0	0	0	0	0	0	0	0	0	0.992
SHANK1	DLGAP1	0	0	0	0	0	0	0	0	0	0	0.996
PRKCI	PIK3R1	0	0	0	0	0	0	0	0	0	0	0.919
PRKCI	PTEN	0	0	0	0	0	0	0	0	0	0	0.933
PRKCI	PRKCZ	0	0	0	0	0	0	0	0	0	0	0.989
PRKCI	LLGL1	0	0	0	0	0	0	0	0	0	0	0.993
PRKCI	LLGL2	0	0	0	0	0	0	0	0	0	0	0.996
GRIA2	DLGAP3	0	0	0	0	0	0	0	0	0	0	0.401
GRIA2	CALML4	0	0	0	0	0	0	0	0	0	0	0.404
GRIA2	PIK3R1	0	0	0	0	0	0	0	0	0	0	0.415
GRIA2	NRXN3	0	0	0	0	0	0	0	0	0	0	0.416
GRIA2	DLGAP2	0	0	0	0	0	0	0	0	0	0	0.422
GRIA2	NLGN4Y	0	0	0	0	0	0	0	0	0	0	0.426
GRIA2	NLGN4X	0	0	0	0	0	0	0	0	0	0	0.485
GRIA2	EPB41L1	0	0	0	0	0	0	0	0	0	0	0.485
GRIA2	NLGN2	0	0	0	0	0	0	0	0	0	0	0.516
GRIA2	GPHN	0	0	0	0	0	0	0	0	0	0	0.52
GRIA2	NLGN3	0	0	0	0	0	0	0	0	0	0	0.535
GRIA2	SHANK3	0	0	0	0	0	0	0	0	0	0	0.573
GRIA2	HOMER1	0	0	0	0	0	0	0	0	0	0	0.596
GRIA2	CTNNB1	0	0	0	0	0	0	0	0	0	0	0.615
GRIA2	SHANK2	0	0	0	0	0	0	0	0	0	0	0.637
GRIA2	NLGN1	0	0	0	0	0	0	0	0	0	0	0.64
GRIA2	NRXN1	0	0	0	0	0	0	0	0	0	0	0.695
GRIA2	DLGAP1	0	0	0	0	0	0	0	0	0	0	0.722
GRIA2	DLG3	0	0	0	0	0	0	0	0	0	0	0.789
GRIA2	DLG1	0	0	0	0	0	0	0	0	0	0	0.809
GRIA2	DLG2	0	0	0	0	0	0	0	0	0	0	0.815
GRIA2	GRIN3A	0	0	0	0	0	0	0	0	0	0	0.845
GRIA2	GRM5	0	0	0	0	0	0	0	0	0	0	0.852
GRIA2	SHISA9	0	0	0	0	0	0	0	0	0	0	0.855
GRIA2	GRIN2B	0	0	0	0	0	0	0	0	0	0	0.885
GRIA2	GRIN1	0	0	0	0	0	0	0	0	0	0	0.901
GRIA2	GRIN2A	0	0	0	0	0	0	0	0	0	0	0.933
GRIA2	DLG4	0	0	0	0	0	0	0	0	0	0	0.968
GRIA2	CAMK2A	0	0	0	0	0	0	0	0	0	0	0.977
GRIA2	CNIH2	0	0	0	0	0	0	0	0	0	0	0.99
GRIA2	CACNG2	0	0	0	0	0	0	0	0	0	0	0.995
GRIA2	GRIA1	0	0	0	0	0	0	0	0	0	0	0.999
GRIA2	GRIA3	0	0	0	0	0	0	0	0	0	0	0.999
CACNG2	NLGN1	0	0	0	0	0	0	0	0	0	0	0.413
CACNG2	NRXN1	0	0	0	0	0	0	0	0	0	0	0.435
CACNG2	HOMER1	0	0	0	0	0	0	0	0	0	0	0.446
CACNG2	EPB41L1	0	0	0	0	0	0	0	0	0	0	0.67
CACNG2	DLGAP1	0	0	0	0	0	0	0	0	0	0	0.751
CACNG2	DLG2	0	0	0	0	0	0	0	0	0	0	0.783
CACNG2	CAMK2A	0	0	0	0	0	0	0	0	0	0	0.808
CACNG2	GRIN3A	0	0	0	0	0	0	0	0	0	0	0.852
CACNG2	GRIN2A	0	0	0	0	0	0	0	0	0	0	0.88
CACNG2	GRIN2B	0	0	0	0	0	0	0	0	0	0	0.893
CACNG2	GRIN1	0	0	0	0	0	0	0	0	0	0	0.894
CACNG2	DLG3	0	0	0	0	0	0	0	0	0	0	0.9
CACNG2	CNIH2	0	0	0	0	0	0	0	0	0	0	0.906
CACNG2	MAGI2	0	0	0	0	0	0	0	0	0	0	0.915
CACNG2	DLG1	0	0	0	0	0	0	0	0	0	0	0.941
CACNG2	CACNB4	0	0	0	0	0	0	0	0	0	0	0.951
CACNG2	SHISA9	0	0	0	0	0	0	0	0	0	0	0.973
CACNG2	GRIA3	0	0	0	0	0	0	0	0	0	0	0.984
CACNG2	DLG4	0	0	0	0	0	0	0	0	0	0	0.999
CACNG2	GRIA1	0	0	0	0	0	0	0	0	0	0	0.999
NLGN2	CAMK2A	0	0	0	0	0	0	0	0	0	0	0.411
NLGN2	NXPH1	0	0	0	0	0	0	0	0	0	0	0.414
NLGN2	DLG1	0	0	0	0	0	0	0	0	0	0	0.44
NLGN2	PTEN	0	0	0	0	0	0	0	0	0	0	0.455
NLGN2	GRIN1	0	0	0	0	0	0	0	0	0	0	0.469
NLGN2	PRNP	0	0	0	0	0	0	0	0	0	0	0.485
NLGN2	GRIN2B	0	0	0	0	0	0	0	0	0	0	0.496
NLGN2	CTNNB1	0	0	0	0	0	0	0	0	0	0	0.499
NLGN2	GRIN2A	0	0	0	0	0	0	0	0	0	0	0.521
NLGN2	NLGN4Y	0	0	0	0	0	0	0	0	0	0	0.525
NLGN2	GRIA1	0	0	0	0	0	0	0	0	0	0	0.532
NLGN2	DAG1	0	0	0	0	0	0	0	0	0	0	0.59
NLGN2	EPB41L1	0	0	0	0	0	0	0	0	0	0	0.624
NLGN2	HOMER2	0	0	0	0	0	0	0	0	0	0	0.647
NLGN2	GRM5	0	0	0	0	0	0	0	0	0	0	0.668
NLGN2	NLGN3	0	0	0	0	0	0	0	0	0	0	0.683
NLGN2	HOMER3	0	0	0	0	0	0	0	0	0	0	0.697
NLGN2	HOMER1	0	0	0	0	0	0	0	0	0	0	0.699
NLGN2	NLGN4X	0	0	0	0	0	0	0	0	0	0	0.704
NLGN2	NLGN1	0	0	0	0	0	0	0	0	0	0	0.704
NLGN2	DLGAP3	0	0	0	0	0	0	0	0	0	0	0.709
NLGN2	DLGAP2	0	0	0	0	0	0	0	0	0	0	0.715
NLGN2	DLG2	0	0	0	0	0	0	0	0	0	0	0.784
NLGN2	MAGI2	0	0	0	0	0	0	0	0	0	0	0.813
NLGN2	DLGAP1	0	0	0	0	0	0	0	0	0	0	0.844
NLGN2	SHANK2	0	0	0	0	0	0	0	0	0	0	0.868
NLGN2	DLG3	0	0	0	0	0	0	0	0	0	0	0.883
NLGN2	SHANK3	0	0	0	0	0	0	0	0	0	0	0.935
NLGN2	GPHN	0	0	0	0	0	0	0	0	0	0	0.968
NLGN2	NRXN3	0	0	0	0	0	0	0	0	0	0	0.978
NLGN2	MDGA1	0	0	0	0	0	0	0	0	0	0	0.994
NLGN2	DLG4	0	0	0	0	0	0	0	0	0	0	0.998
NLGN2	NRXN1	0	0	0	0	0	0	0	0	0	0	0.999
HOMER2	GRIA1	0	0	0	0	0	0	0	0	0	0	0.4
HOMER2	GRIN1	0	0	0	0	0	0	0	0	0	0	0.42
HOMER2	GRIN2A	0	0	0	0	0	0	0	0	0	0	0.478
HOMER2	GRIN2B	0	0	0	0	0	0	0	0	0	0	0.502
HOMER2	CALML4	0	0	0	0	0	0	0	0	0	0	0.507
HOMER2	CALML3	0	0	0	0	0	0	0	0	0	0	0.518
HOMER2	NLGN4X	0	0	0	0	0	0	0	0	0	0	0.596
HOMER2	NRXN1	0	0	0	0	0	0	0	0	0	0	0.605
HOMER2	NLGN4Y	0	0	0	0	0	0	0	0	0	0	0.607
HOMER2	DLG2	0	0	0	0	0	0	0	0	0	0	0.61
HOMER2	DLG3	0	0	0	0	0	0	0	0	0	0	0.613
HOMER2	NLGN1	0	0	0	0	0	0	0	0	0	0	0.618
HOMER2	DLGAP2	0	0	0	0	0	0	0	0	0	0	0.637
HOMER2	AKT1	0	0	0	0	0	0	0	0	0	0	0.638
HOMER2	NLGN3	0	0	0	0	0	0	0	0	0	0	0.641
HOMER2	DLGAP3	0	0	0	0	0	0	0	0	0	0	0.666
HOMER2	NRXN3	0	0	0	0	0	0	0	0	0	0	0.691
HOMER2	SHANK3	0	0	0	0	0	0	0	0	0	0	0.758
HOMER2	DLG4	0	0	0	0	0	0	0	0	0	0	0.779
HOMER2	SHANK2	0	0	0	0	0	0	0	0	0	0	0.782
HOMER2	DLGAP1	0	0	0	0	0	0	0	0	0	0	0.857
HOMER2	GRM5	0	0	0	0	0	0	0	0	0	0	0.965
HOMER2	HOMER3	0	0	0	0	0	0	0	0	0	0	0.99
HOMER2	HOMER1	0	0	0	0	0	0	0	0	0	0	0.991
GRM5	AKT1	0	0	0	0	0	0	0	0	0	0	0.44
GRM5	FYN	0	0	0	0	0	0	0	0	0	0	0.471
GRM5	CALML4	0	0	0	0	0	0	0	0	0	0	0.49
GRM5	CALML3	0	0	0	0	0	0	0	0	0	0	0.493
GRM5	PRKCZ	0	0	0	0	0	0	0	0	0	0	0.515
GRM5	NXPH1	0	0	0	0	0	0	0	0	0	0	0.54
GRM5	GPHN	0	0	0	0	0	0	0	0	0	0	0.545
GRM5	EPB41L1	0	0	0	0	0	0	0	0	0	0	0.547
GRM5	NLGN4Y	0	0	0	0	0	0	0	0	0	0	0.611
GRM5	DLG3	0	0	0	0	0	0	0	0	0	0	0.642
GRM5	DLGAP2	0	0	0	0	0	0	0	0	0	0	0.686
GRM5	NLGN4X	0	0	0	0	0	0	0	0	0	0	0.696
GRM5	GRIN3A	0	0	0	0	0	0	0	0	0	0	0.699
GRM5	DLG2	0	0	0	0	0	0	0	0	0	0	0.702
GRM5	NLGN1	0	0	0	0	0	0	0	0	0	0	0.716
GRM5	NRXN3	0	0	0	0	0	0	0	0	0	0	0.724
GRM5	NLGN3	0	0	0	0	0	0	0	0	0	0	0.735
GRM5	NRXN1	0	0	0	0	0	0	0	0	0	0	0.766
GRM5	GRIA3	0	0	0	0	0	0	0	0	0	0	0.782
GRM5	DLGAP3	0	0	0	0	0	0	0	0	0	0	0.786
GRM5	GRIN1	0	0	0	0	0	0	0	0	0	0	0.792
GRM5	GRIN2A	0	0	0	0	0	0	0	0	0	0	0.841
GRM5	GRIN2B	0	0	0	0	0	0	0	0	0	0	0.842
GRM5	SHANK2	0	0	0	0	0	0	0	0	0	0	0.869
GRM5	SHANK3	0	0	0	0	0	0	0	0	0	0	0.88
GRM5	DLG4	0	0	0	0	0	0	0	0	0	0	0.902
GRM5	DLGAP1	0	0	0	0	0	0	0	0	0	0	0.915
GRM5	GRIA1	0	0	0	0	0	0	0	0	0	0	0.916
GRM5	HOMER3	0	0	0	0	0	0	0	0	0	0	0.929
GRM5	PRNP	0	0	0	0	0	0	0	0	0	0	0.953
GRM5	CAMK2A	0	0	0	0	0	0	0	0	0	0	0.975
GRM5	ADORA2A	0	0	0	0	0	0	0	0	0	0	0.976
GRM5	HOMER1	0	0	0	0	0	0	0	0	0	0	0.999
CNIH2	DLG3	0	0	0	0	0	0	0	0	0	0	0.552
CNIH2	GRIN3A	0	0	0	0	0	0	0	0	0	0	0.763
CNIH2	GRIN2B	0	0	0	0	0	0	0	0	0	0	0.774
CNIH2	GRIN2A	0	0	0	0	0	0	0	0	0	0	0.784
CNIH2	GRIN1	0	0	0	0	0	0	0	0	0	0	0.796
CNIH2	DLG4	0	0	0	0	0	0	0	0	0	0	0.856
CNIH2	SHISA9	0	0	0	0	0	0	0	0	0	0	0.949
CNIH2	GRIA3	0	0	0	0	0	0	0	0	0	0	0.97
CNIH2	GRIA1	0	0	0	0	0	0	0	0	0	0	0.995
CALML3	PTEN	0	0	0	0	0	0	0	0	0	0	0.437
CALML3	ADORA2A	0	0	0	0	0	0	0	0	0	0	0.455
CALML3	DLG1	0	0	0	0	0	0	0	0	0	0	0.456
CALML3	HOMER3	0	0	0	0	0	0	0	0	0	0	0.532
CALML3	GRIA1	0	0	0	0	0	0	0	0	0	0	0.581
CALML3	HOMER1	0	0	0	0	0	0	0	0	0	0	0.625
CALML3	CTNNB1	0	0	0	0	0	0	0	0	0	0	0.628
CALML3	FYN	0	0	0	0	0	0	0	0	0	0	0.682
CALML3	AKT1	0	0	0	0	0	0	0	0	0	0	0.719
CALML3	DLG4	0	0	0	0	0	0	0	0	0	0	0.891
CALML3	GRIN2A	0	0	0	0	0	0	0	0	0	0	0.895
CALML3	GRIN2B	0	0	0	0	0	0	0	0	0	0	0.927
CALML3	GRIN1	0	0	0	0	0	0	0	0	0	0	0.96
CALML3	CALML4	0	0	0	0	0	0	0	0	0	0	0.963
CALML3	CAMK2A	0	0	0	0	0	0	0	0	0	0	0.999
DLGAP1	GRIN1	0	0	0	0	0	0	0	0	0	0	0.57
DLGAP1	NRXN3	0	0	0	0	0	0	0	0	0	0	0.659
DLGAP1	CAMK2A	0	0	0	0	0	0	0	0	0	0	0.703
DLGAP1	DLGAP2	0	0	0	0	0	0	0	0	0	0	0.704
DLGAP1	DLGAP3	0	0	0	0	0	0	0	0	0	0	0.724
DLGAP1	MAGI2	0	0	0	0	0	0	0	0	0	0	0.732
DLGAP1	NRXN1	0	0	0	0	0	0	0	0	0	0	0.774
DLGAP1	NLGN4Y	0	0	0	0	0	0	0	0	0	0	0.843
DLGAP1	GRIA1	0	0	0	0	0	0	0	0	0	0	0.852
DLGAP1	NLGN3	0	0	0	0	0	0	0	0	0	0	0.855
DLGAP1	NLGN4X	0	0	0	0	0	0	0	0	0	0	0.861
DLGAP1	GRIN2A	0	0	0	0	0	0	0	0	0	0	0.885
DLGAP1	DLG3	0	0	0	0	0	0	0	0	0	0	0.887
DLGAP1	DLG2	0	0	0	0	0	0	0	0	0	0	0.89
DLGAP1	GRIN2B	0	0	0	0	0	0	0	0	0	0	0.9
DLGAP1	NLGN1	0	0	0	0	0	0	0	0	0	0	0.927
DLGAP1	HOMER3	0	0	0	0	0	0	0	0	0	0	0.943
DLGAP1	DLG1	0	0	0	0	0	0	0	0	0	0	0.952
DLGAP1	SHANK2	0	0	0	0	0	0	0	0	0	0	0.981
DLGAP1	HOMER1	0	0	0	0	0	0	0	0	0	0	0.986
DLGAP1	SHANK3	0	0	0	0	0	0	0	0	0	0	0.997
DLGAP1	DLG4	0	0	0	0	0	0	0	0	0	0	0.999
LLGL1	FYN	0	0	0	0	0	0	0	0	0	0	0.406
LLGL1	DLG2	0	0	0	0	0	0	0	0	0	0	0.84
LLGL1	UBE3A	0	0	0	0	0	0	0	0	0	0	0.905
LLGL1	DLG3	0	0	0	0	0	0	0	0	0	0	0.939
LLGL1	SCRIB	0	0	0	0	0	0	0	0	0	0	0.964
LLGL1	DLG1	0	0	0	0	0	0	0	0	0	0	0.975
LLGL1	DLG4	0	0	0	0	0	0	0	0	0	0	0.983
LLGL1	LLGL2	0	0	0	0	0	0	0	0	0	0	0.993
LLGL1	PRKCZ	0	0	0	0	0	0	0	0	0	0	0.995
GRIN2A	NLGN4X	0	0	0	0	0	0	0	0	0	0	0.471
GRIN2A	NLGN3	0	0	0	0	0	0	0	0	0	0	0.472
GRIN2A	GPHN	0	0	0	0	0	0	0	0	0	0	0.482
GRIN2A	CACNB4	0	0	0	0	0	0	0	0	0	0	0.54
GRIN2A	NLGN1	0	0	0	0	0	0	0	0	0	0	0.554
GRIN2A	SHANK2	0	0	0	0	0	0	0	0	0	0	0.555
GRIN2A	DLGAP3	0	0	0	0	0	0	0	0	0	0	0.574
GRIN2A	MAGI2	0	0	0	0	0	0	0	0	0	0	0.575
GRIN2A	DLGAP2	0	0	0	0	0	0	0	0	0	0	0.577
GRIN2A	NRXN1	0	0	0	0	0	0	0	0	0	0	0.617
GRIN2A	SHANK3	0	0	0	0	0	0	0	0	0	0	0.638
GRIN2A	AKT1	0	0	0	0	0	0	0	0	0	0	0.659
GRIN2A	HOMER1	0	0	0	0	0	0	0	0	0	0	0.768
GRIN2A	SHISA9	0	0	0	0	0	0	0	0	0	0	0.786
GRIN2A	GRIA3	0	0	0	0	0	0	0	0	0	0	0.886
GRIN2A	CALML4	0	0	0	0	0	0	0	0	0	0	0.897
GRIN2A	GRIA1	0	0	0	0	0	0	0	0	0	0	0.926
GRIN2A	CAMK2A	0	0	0	0	0	0	0	0	0	0	0.968
GRIN2A	DLG1	0	0	0	0	0	0	0	0	0	0	0.979
GRIN2A	FYN	0	0	0	0	0	0	0	0	0	0	0.981
GRIN2A	DLG2	0	0	0	0	0	0	0	0	0	0	0.997
GRIN2A	DLG3	0	0	0	0	0	0	0	0	0	0	0.998
GRIN2A	GRIN1	0	0	0	0	0	0	0	0	0	0	0.999
GRIN2A	GRIN2B	0	0	0	0	0	0	0	0	0	0	0.999
GRIN2A	GRIN3A	0	0	0	0	0	0	0	0	0	0	0.999
GRIN2A	DLG4	0	0	0	0	0	0	0	0	0	0	0.999
HOMER1	GRIA3	0	0	0	0	0	0	0	0	0	0	0.43
HOMER1	PRNP	0	0	0	0	0	0	0	0	0	0	0.521
HOMER1	DLG1	0	0	0	0	0	0	0	0	0	0	0.553
HOMER1	NRXN3	0	0	0	0	0	0	0	0	0	0	0.608
HOMER1	CALML4	0	0	0	0	0	0	0	0	0	0	0.618
HOMER1	GRIN1	0	0	0	0	0	0	0	0	0	0	0.641
HOMER1	NLGN4Y	0	0	0	0	0	0	0	0	0	0	0.649
HOMER1	GRIN2B	0	0	0	0	0	0	0	0	0	0	0.675
HOMER1	NLGN4X	0	0	0	0	0	0	0	0	0	0	0.69
HOMER1	NRXN1	0	0	0	0	0	0	0	0	0	0	0.706
HOMER1	DLG3	0	0	0	0	0	0	0	0	0	0	0.707
HOMER1	NLGN3	0	0	0	0	0	0	0	0	0	0	0.721
HOMER1	NLGN1	0	0	0	0	0	0	0	0	0	0	0.726
HOMER1	GPHN	0	0	0	0	0	0	0	0	0	0	0.733
HOMER1	DLGAP2	0	0	0	0	0	0	0	0	0	0	0.734
HOMER1	CAMK2A	0	0	0	0	0	0	0	0	0	0	0.735
HOMER1	EPB41L1	0	0	0	0	0	0	0	0	0	0	0.747
HOMER1	DLGAP3	0	0	0	0	0	0	0	0	0	0	0.816
HOMER1	DLG2	0	0	0	0	0	0	0	0	0	0	0.821
HOMER1	GRIA1	0	0	0	0	0	0	0	0	0	0	0.873
HOMER1	SHANK2	0	0	0	0	0	0	0	0	0	0	0.937
HOMER1	SHANK3	0	0	0	0	0	0	0	0	0	0	0.957
HOMER1	DLG4	0	0	0	0	0	0	0	0	0	0	0.988
HOMER1	HOMER3	0	0	0	0	0	0	0	0	0	0	0.993
EPB41L1	DLG3	0	0	0	0	0	0	0	0	0	0	0.471
EPB41L1	NRXN3	0	0	0	0	0	0	0	0	0	0	0.528
EPB41L1	NLGN3	0	0	0	0	0	0	0	0	0	0	0.543
EPB41L1	NLGN4Y	0	0	0	0	0	0	0	0	0	0	0.547
EPB41L1	CAMK2A	0	0	0	0	0	0	0	0	0	0	0.571
EPB41L1	NLGN4X	0	0	0	0	0	0	0	0	0	0	0.578
EPB41L1	NRXN1	0	0	0	0	0	0	0	0	0	0	0.592
EPB41L1	NLGN1	0	0	0	0	0	0	0	0	0	0	0.639
EPB41L1	GRIA3	0	0	0	0	0	0	0	0	0	0	0.66
EPB41L1	DLG4	0	0	0	0	0	0	0	0	0	0	0.793
EPB41L1	DLG1	0	0	0	0	0	0	0	0	0	0	0.815
EPB41L1	GRIA1	0	0	0	0	0	0	0	0	0	0	0.997
PTK2	DAG1	0	0	0	0	0	0	0	0	0	0	0.434
PTK2	CTNNB1	0	0	0	0	0	0	0	0	0	0	0.802
PTK2	AKT1	0	0	0	0	0	0	0	0	0	0	0.879
PTK2	PIK3R1	0	0	0	0	0	0	0	0	0	0	0.988
PTK2	PTEN	0	0	0	0	0	0	0	0	0	0	0.995
PTK2	FYN	0	0	0	0	0	0	0	0	0	0	0.998
SHANK2	MAGI2	0	0	0	0	0	0	0	0	0	0	0.413
SHANK2	DLG1	0	0	0	0	0	0	0	0	0	0	0.416
SHANK2	CAMK2A	0	0	0	0	0	0	0	0	0	0	0.442
SHANK2	GRIN1	0	0	0	0	0	0	0	0	0	0	0.475
SHANK2	UBE3A	0	0	0	0	0	0	0	0	0	0	0.486
SHANK2	GPHN	0	0	0	0	0	0	0	0	0	0	0.486
SHANK2	AKT1	0	0	0	0	0	0	0	0	0	0	0.539
SHANK2	GRIN3A	0	0	0	0	0	0	0	0	0	0	0.575
SHANK2	GRIN2B	0	0	0	0	0	0	0	0	0	0	0.628
SHANK2	NRXN3	0	0	0	0	0	0	0	0	0	0	0.725
SHANK2	DLG3	0	0	0	0	0	0	0	0	0	0	0.744
SHANK2	GRIA1	0	0	0	0	0	0	0	0	0	0	0.75
SHANK2	HOMER3	0	0	0	0	0	0	0	0	0	0	0.799
SHANK2	DLG2	0	0	0	0	0	0	0	0	0	0	0.811
SHANK2	NLGN4Y	0	0	0	0	0	0	0	0	0	0	0.85
SHANK2	NRXN1	0	0	0	0	0	0	0	0	0	0	0.914
SHANK2	NLGN1	0	0	0	0	0	0	0	0	0	0	0.914
SHANK2	DLGAP3	0	0	0	0	0	0	0	0	0	0	0.917
SHANK2	NLGN3	0	0	0	0	0	0	0	0	0	0	0.958
SHANK2	NLGN4X	0	0	0	0	0	0	0	0	0	0	0.964
SHANK2	DLGAP2	0	0	0	0	0	0	0	0	0	0	0.969
SHANK2	SHANK3	0	0	0	0	0	0	0	0	0	0	0.98
SHANK2	DLG4	0	0	0	0	0	0	0	0	0	0	0.993
DLG1	NLGN4Y	0	0	0	0	0	0	0	0	0	0	0.402
DLG1	NLGN4X	0	0	0	0	0	0	0	0	0	0	0.414
DLG1	NLGN3	0	0	0	0	0	0	0	0	0	0	0.436
DLG1	CALML4	0	0	0	0	0	0	0	0	0	0	0.457
DLG1	NRXN1	0	0	0	0	0	0	0	0	0	0	0.472
DLG1	NLGN1	0	0	0	0	0	0	0	0	0	0	0.483
DLG1	MAST2	0	0	0	0	0	0	0	0	0	0	0.531
DLG1	MAGI2	0	0	0	0	0	0	0	0	0	0	0.579
DLG1	SHANK3	0	0	0	0	0	0	0	0	0	0	0.587
DLG1	GRIA3	0	0	0	0	0	0	0	0	0	0	0.697
DLG1	DLGAP2	0	0	0	0	0	0	0	0	0	0	0.714
DLG1	CAMK2A	0	0	0	0	0	0	0	0	0	0	0.721
DLG1	CTNNB1	0	0	0	0	0	0	0	0	0	0	0.786
DLG1	GRIN1	0	0	0	0	0	0	0	0	0	0	0.878
DLG1	LLGL2	0	0	0	0	0	0	0	0	0	0	0.916
DLG1	SCRIB	0	0	0	0	0	0	0	0	0	0	0.917
DLG1	DLG4	0	0	0	0	0	0	0	0	0	0	0.956
DLG1	DLG2	0	0	0	0	0	0	0	0	0	0	0.962
DLG1	UBE3A	0	0	0	0	0	0	0	0	0	0	0.974
DLG1	DLG3	0	0	0	0	0	0	0	0	0	0	0.974
DLG1	GRIN2B	0	0	0	0	0	0	0	0	0	0	0.992
DLG1	PTEN	0	0	0	0	0	0	0	0	0	0	0.996
DLG1	GRIA1	0	0	0	0	0	0	0	0	0	0	0.999
MAGI2	GRIA1	0	0	0	0	0	0	0	0	0	0	0.408
MAGI2	DLGAP2	0	0	0	0	0	0	0	0	0	0	0.42
MAGI2	NRXN1	0	0	0	0	0	0	0	0	0	0	0.461
MAGI2	GRIN2B	0	0	0	0	0	0	0	0	0	0	0.595
MAGI2	DLG4	0	0	0	0	0	0	0	0	0	0	0.616
MAGI2	DLGAP3	0	0	0	0	0	0	0	0	0	0	0.633
MAGI2	DAG1	0	0	0	0	0	0	0	0	0	0	0.669
MAGI2	NLGN4Y	0	0	0	0	0	0	0	0	0	0	0.743
MAGI2	NLGN4X	0	0	0	0	0	0	0	0	0	0	0.763
MAGI2	NLGN3	0	0	0	0	0	0	0	0	0	0	0.779
MAGI2	MAST2	0	0	0	0	0	0	0	0	0	0	0.84
MAGI2	NLGN1	0	0	0	0	0	0	0	0	0	0	0.893
MAGI2	CTNNB1	0	0	0	0	0	0	0	0	0	0	0.986
MAGI2	PTEN	0	0	0	0	0	0	0	0	0	0	0.998
FYN	GRIA1	0	0	0	0	0	0	0	0	0	0	0.451
FYN	DAG1	0	0	0	0	0	0	0	0	0	0	0.484
FYN	PTEN	0	0	0	0	0	0	0	0	0	0	0.657
FYN	CALML4	0	0	0	0	0	0	0	0	0	0	0.679
FYN	DLG3	0	0	0	0	0	0	0	0	0	0	0.705
FYN	GRIN1	0	0	0	0	0	0	0	0	0	0	0.743
FYN	DLG2	0	0	0	0	0	0	0	0	0	0	0.766
FYN	AKT1	0	0	0	0	0	0	0	0	0	0	0.834
FYN	CTNNB1	0	0	0	0	0	0	0	0	0	0	0.986
FYN	PIK3R1	0	0	0	0	0	0	0	0	0	0	0.988
FYN	PRNP	0	0	0	0	0	0	0	0	0	0	0.99
FYN	GRIN2B	0	0	0	0	0	0	0	0	0	0	0.993
FYN	DLG4	0	0	0	0	0	0	0	0	0	0	0.996
NLGN4Y	GRIA1	0	0	0	0	0	0	0	0	0	0	0.412
NLGN4Y	GRIN2B	0	0	0	0	0	0	0	0	0	0	0.448
NLGN4Y	PTEN	0	0	0	0	0	0	0	0	0	0	0.464
NLGN4Y	GPHN	0	0	0	0	0	0	0	0	0	0	0.478
NLGN4Y	PRNP	0	0	0	0	0	0	0	0	0	0	0.487
NLGN4Y	CTNNB1	0	0	0	0	0	0	0	0	0	0	0.498
NLGN4Y	MDGA1	0	0	0	0	0	0	0	0	0	0	0.505
NLGN4Y	NLGN4X	0	0	0	0	0	0	0	0	0	0	0.519
NLGN4Y	NLGN1	0	0	0	0	0	0	0	0	0	0	0.523
NLGN4Y	HOMER3	0	0	0	0	0	0	0	0	0	0	0.608
NLGN4Y	DLGAP3	0	0	0	0	0	0	0	0	0	0	0.66
NLGN4Y	DLGAP2	0	0	0	0	0	0	0	0	0	0	0.669
NLGN4Y	DLG2	0	0	0	0	0	0	0	0	0	0	0.696
NLGN4Y	NLGN3	0	0	0	0	0	0	0	0	0	0	0.697
NLGN4Y	NRXN3	0	0	0	0	0	0	0	0	0	0	0.827
NLGN4Y	DLG3	0	0	0	0	0	0	0	0	0	0	0.848
NLGN4Y	SHANK3	0	0	0	0	0	0	0	0	0	0	0.899
NLGN4Y	DLG4	0	0	0	0	0	0	0	0	0	0	0.986
NLGN4Y	NRXN1	0	0	0	0	0	0	0	0	0	0	0.999
SCRIB	GRIN2B	0	0	0	0	0	0	0	0	0	0	0.494
SCRIB	PRKCZ	0	0	0	0	0	0	0	0	0	0	0.657
SCRIB	AKT1	0	0	0	0	0	0	0	0	0	0	0.712
SCRIB	PTEN	0	0	0	0	0	0	0	0	0	0	0.834
SCRIB	DLG2	0	0	0	0	0	0	0	0	0	0	0.856
SCRIB	CTNNB1	0	0	0	0	0	0	0	0	0	0	0.88
SCRIB	DLG3	0	0	0	0	0	0	0	0	0	0	0.908
SCRIB	DLG4	0	0	0	0	0	0	0	0	0	0	0.921
SCRIB	LLGL2	0	0	0	0	0	0	0	0	0	0	0.959
SCRIB	UBE3A	0	0	0	0	0	0	0	0	0	0	0.98
NLGN3	NXPH1	0	0	0	0	0	0	0	0	0	0	0.418
NLGN3	GRIN1	0	0	0	0	0	0	0	0	0	0	0.446
NLGN3	PRNP	0	0	0	0	0	0	0	0	0	0	0.48
NLGN3	CTNNB1	0	0	0	0	0	0	0	0	0	0	0.513
NLGN3	GRIA1	0	0	0	0	0	0	0	0	0	0	0.536
NLGN3	GRIN2B	0	0	0	0	0	0	0	0	0	0	0.573
NLGN3	PTEN	0	0	0	0	0	0	0	0	0	0	0.591
NLGN3	GPHN	0	0	0	0	0	0	0	0	0	0	0.648
NLGN3	HOMER3	0	0	0	0	0	0	0	0	0	0	0.65
NLGN3	UBE3A	0	0	0	0	0	0	0	0	0	0	0.667
NLGN3	MDGA1	0	0	0	0	0	0	0	0	0	0	0.686
NLGN3	DLGAP3	0	0	0	0	0	0	0	0	0	0	0.763
NLGN3	DLG2	0	0	0	0	0	0	0	0	0	0	0.776
NLGN3	NLGN4X	0	0	0	0	0	0	0	0	0	0	0.796
NLGN3	NLGN1	0	0	0	0	0	0	0	0	0	0	0.799
NLGN3	DLGAP2	0	0	0	0	0	0	0	0	0	0	0.839
NLGN3	DLG3	0	0	0	0	0	0	0	0	0	0	0.885
NLGN3	NRXN3	0	0	0	0	0	0	0	0	0	0	0.94
NLGN3	SHANK3	0	0	0	0	0	0	0	0	0	0	0.993
NLGN3	DLG4	0	0	0	0	0	0	0	0	0	0	0.995
NLGN3	NRXN1	0	0	0	0	0	0	0	0	0	0	0.999
MAST2	PTEN	0	0	0	0	0	0	0	0	0	0	0.993
GRIN3A	DLG3	0	0	0	0	0	0	0	0	0	0	0.68
GRIN3A	SHISA9	0	0	0	0	0	0	0	0	0	0	0.784
GRIN3A	GRIA3	0	0	0	0	0	0	0	0	0	0	0.802
GRIN3A	GRIA1	0	0	0	0	0	0	0	0	0	0	0.815
GRIN3A	DLG4	0	0	0	0	0	0	0	0	0	0	0.966
GRIN3A	GRIN1	0	0	0	0	0	0	0	0	0	0	0.999
GRIN3A	GRIN2B	0	0	0	0	0	0	0	0	0	0	0.999
PSMD4	SPOP	0	0	0	0	0	0	0	0	0	0	0.425
PSMD4	UBE2L3	0	0	0	0	0	0	0	0	0	0	0.434
PSMD4	UBE2D2	0	0	0	0	0	0	0	0	0	0	0.501
PSMD4	PTEN	0	0	0	0	0	0	0	0	0	0	0.606
PSMD4	UBE2D1	0	0	0	0	0	0	0	0	0	0	0.668
PSMD4	PRNP	0	0	0	0	0	0	0	0	0	0	0.68
PSMD4	UBE3A	0	0	0	0	0	0	0	0	0	0	0.994
PSMD4	RAD23A	0	0	0	0	0	0	0	0	0	0	0.999
GRIN1	NLGN4X	0	0	0	0	0	0	0	0	0	0	0.422
GRIN1	DLGAP2	0	0	0	0	0	0	0	0	0	0	0.442
GRIN1	GPHN	0	0	0	0	0	0	0	0	0	0	0.446
GRIN1	NRXN1	0	0	0	0	0	0	0	0	0	0	0.449
GRIN1	DLGAP3	0	0	0	0	0	0	0	0	0	0	0.507
GRIN1	SHANK3	0	0	0	0	0	0	0	0	0	0	0.568
GRIN1	NLGN1	0	0	0	0	0	0	0	0	0	0	0.611
GRIN1	SHISA9	0	0	0	0	0	0	0	0	0	0	0.75
GRIN1	DLG2	0	0	0	0	0	0	0	0	0	0	0.761
GRIN1	GRIA3	0	0	0	0	0	0	0	0	0	0	0.877
GRIN1	DLG3	0	0	0	0	0	0	0	0	0	0	0.879
GRIN1	GRIA1	0	0	0	0	0	0	0	0	0	0	0.907
GRIN1	CAMK2A	0	0	0	0	0	0	0	0	0	0	0.911
GRIN1	CALML4	0	0	0	0	0	0	0	0	0	0	0.964
GRIN1	DLG4	0	0	0	0	0	0	0	0	0	0	0.998
GRIN1	GRIN2B	0	0	0	0	0	0	0	0	0	0	0.999
PTEN	UBE2D2	0	0	0	0	0	0	0	0	0	0	0.407
PTEN	CALML4	0	0	0	0	0	0	0	0	0	0	0.413
PTEN	SHANK3	0	0	0	0	0	0	0	0	0	0	0.483
PTEN	NLGN1	0	0	0	0	0	0	0	0	0	0	0.496
PTEN	GRIN2B	0	0	0	0	0	0	0	0	0	0	0.547
PTEN	NLGN4X	0	0	0	0	0	0	0	0	0	0	0.556
PTEN	UBE2L3	0	0	0	0	0	0	0	0	0	0	0.571
PTEN	DLG4	0	0	0	0	0	0	0	0	0	0	0.745
PTEN	CTNNB1	0	0	0	0	0	0	0	0	0	0	0.943
PTEN	PRKCZ	0	0	0	0	0	0	0	0	0	0	0.958
PTEN	UBE3A	0	0	0	0	0	0	0	0	0	0	0.96
PTEN	AKT1	0	0	0	0	0	0	0	0	0	0	0.988
PTEN	SPOP	0	0	0	0	0	0	0	0	0	0	0.99
PTEN	PIK3R1	0	0	0	0	0	0	0	0	0	0	0.997
DLGAP3	CAMK2A	0	0	0	0	0	0	0	0	0	0	0.451
DLGAP3	GRIA1	0	0	0	0	0	0	0	0	0	0	0.507
DLGAP3	NRXN3	0	0	0	0	0	0	0	0	0	0	0.634
DLGAP3	HOMER3	0	0	0	0	0	0	0	0	0	0	0.72
DLGAP3	NRXN1	0	0	0	0	0	0	0	0	0	0	0.733
DLGAP3	NLGN4X	0	0	0	0	0	0	0	0	0	0	0.737
DLGAP3	NLGN1	0	0	0	0	0	0	0	0	0	0	0.737
DLGAP3	GRIN2B	0	0	0	0	0	0	0	0	0	0	0.753
DLGAP3	DLG3	0	0	0	0	0	0	0	0	0	0	0.835
DLGAP3	DLG2	0	0	0	0	0	0	0	0	0	0	0.847
DLGAP3	DLGAP2	0	0	0	0	0	0	0	0	0	0	0.868
DLGAP3	SHANK3	0	0	0	0	0	0	0	0	0	0	0.992
DLGAP3	DLG4	0	0	0	0	0	0	0	0	0	0	0.993
UBE2D1	CTNNB1	0	0	0	0	0	0	0	0	0	0	0.456
UBE2D1	SPOP	0	0	0	0	0	0	0	0	0	0	0.505
UBE2D1	UBE2L3	0	0	0	0	0	0	0	0	0	0	0.654
UBE2D1	UBE2D2	0	0	0	0	0	0	0	0	0	0	0.943
UBE2D1	UBE3A	0	0	0	0	0	0	0	0	0	0	0.984
DLG3	GPHN	0	0	0	0	0	0	0	0	0	0	0.472
DLG3	SHISA9	0	0	0	0	0	0	0	0	0	0	0.513
DLG3	NRXN3	0	0	0	0	0	0	0	0	0	0	0.593
DLG3	HOMER3	0	0	0	0	0	0	0	0	0	0	0.633
DLG3	GRIA3	0	0	0	0	0	0	0	0	0	0	0.644
DLG3	CAMK2A	0	0	0	0	0	0	0	0	0	0	0.688
DLG3	NRXN1	0	0	0	0	0	0	0	0	0	0	0.717
DLG3	SHANK3	0	0	0	0	0	0	0	0	0	0	0.759
DLG3	GRIA1	0	0	0	0	0	0	0	0	0	0	0.815
DLG3	NLGN4X	0	0	0	0	0	0	0	0	0	0	0.863
DLG3	DLGAP2	0	0	0	0	0	0	0	0	0	0	0.872
DLG3	LLGL2	0	0	0	0	0	0	0	0	0	0	0.887
DLG3	NLGN1	0	0	0	0	0	0	0	0	0	0	0.892
DLG3	UBE3A	0	0	0	0	0	0	0	0	0	0	0.913
DLG3	DLG2	0	0	0	0	0	0	0	0	0	0	0.984
DLG3	DLG4	0	0	0	0	0	0	0	0	0	0	0.997
DLG3	GRIN2B	0	0	0	0	0	0	0	0	0	0	0.998
DLG2	CACNB4	0	0	0	0	0	0	0	0	0	0	0.455
DLG2	GPHN	0	0	0	0	0	0	0	0	0	0	0.607
DLG2	HOMER3	0	0	0	0	0	0	0	0	0	0	0.645
DLG2	GRIA3	0	0	0	0	0	0	0	0	0	0	0.655
DLG2	NRXN3	0	0	0	0	0	0	0	0	0	0	0.682
DLG2	CAMK2A	0	0	0	0	0	0	0	0	0	0	0.688
DLG2	NLGN4X	0	0	0	0	0	0	0	0	0	0	0.713
DLG2	NRXN1	0	0	0	0	0	0	0	0	0	0	0.778
DLG2	DLGAP2	0	0	0	0	0	0	0	0	0	0	0.811
DLG2	LLGL2	0	0	0	0	0	0	0	0	0	0	0.844
DLG2	NLGN1	0	0	0	0	0	0	0	0	0	0	0.868
DLG2	GRIA1	0	0	0	0	0	0	0	0	0	0	0.908
DLG2	UBE3A	0	0	0	0	0	0	0	0	0	0	0.913
DLG2	SHANK3	0	0	0	0	0	0	0	0	0	0	0.919
DLG2	DLG4	0	0	0	0	0	0	0	0	0	0	0.969
DLG2	GRIN2B	0	0	0	0	0	0	0	0	0	0	0.996
PRKCZ	CTNNB1	0	0	0	0	0	0	0	0	0	0	0.653
PRKCZ	PIK3R1	0	0	0	0	0	0	0	0	0	0	0.933
PRKCZ	AKT1	0	0	0	0	0	0	0	0	0	0	0.974
PRKCZ	LLGL2	0	0	0	0	0	0	0	0	0	0	0.994
NLGN4X	NXPH1	0	0	0	0	0	0	0	0	0	0	0.407
NLGN4X	PRNP	0	0	0	0	0	0	0	0	0	0	0.475
NLGN4X	CTNNB1	0	0	0	0	0	0	0	0	0	0	0.508
NLGN4X	GRIA1	0	0	0	0	0	0	0	0	0	0	0.514
NLGN4X	GRIN2B	0	0	0	0	0	0	0	0	0	0	0.546
NLGN4X	NLGN1	0	0	0	0	0	0	0	0	0	0	0.548
NLGN4X	MDGA1	0	0	0	0	0	0	0	0	0	0	0.613
NLGN4X	HOMER3	0	0	0	0	0	0	0	0	0	0	0.619
NLGN4X	UBE3A	0	0	0	0	0	0	0	0	0	0	0.633
NLGN4X	GPHN	0	0	0	0	0	0	0	0	0	0	0.767
NLGN4X	DLGAP2	0	0	0	0	0	0	0	0	0	0	0.841
NLGN4X	NRXN3	0	0	0	0	0	0	0	0	0	0	0.859
NLGN4X	SHANK3	0	0	0	0	0	0	0	0	0	0	0.995
NLGN4X	DLG4	0	0	0	0	0	0	0	0	0	0	0.995
NLGN4X	NRXN1	0	0	0	0	0	0	0	0	0	0	0.999
LLGL2	UBE3A	0	0	0	0	0	0	0	0	0	0	0.901
LLGL2	DLG4	0	0	0	0	0	0	0	0	0	0	0.982
SPOP	CTNNB1	0	0	0	0	0	0	0	0	0	0	0.407
SPOP	PIK3R1	0	0	0	0	0	0	0	0	0	0	0.421
SPOP	UBE2D2	0	0	0	0	0	0	0	0	0	0	0.662
UBE2D2	RAD23A	0	0	0	0	0	0	0	0	0	0	0.404
UBE2D2	CTNNB1	0	0	0	0	0	0	0	0	0	0	0.429
UBE2D2	UBE2L3	0	0	0	0	0	0	0	0	0	0	0.683
UBE2D2	UBE3A	0	0	0	0	0	0	0	0	0	0	0.984
NXPH1	NLGN1	0	0	0	0	0	0	0	0	0	0	0.525
NXPH1	NRXN3	0	0	0	0	0	0	0	0	0	0	0.671
NXPH1	NRXN1	0	0	0	0	0	0	0	0	0	0	0.973
NRXN1	GRIA3	0	0	0	0	0	0	0	0	0	0	0.509
NRXN1	UBE3A	0	0	0	0	0	0	0	0	0	0	0.532
NRXN1	CAMK2A	0	0	0	0	0	0	0	0	0	0	0.542
NRXN1	MDGA1	0	0	0	0	0	0	0	0	0	0	0.592
NRXN1	GRIA1	0	0	0	0	0	0	0	0	0	0	0.6
NRXN1	HOMER3	0	0	0	0	0	0	0	0	0	0	0.619
NRXN1	NRXN3	0	0	0	0	0	0	0	0	0	0	0.752
NRXN1	DLGAP2	0	0	0	0	0	0	0	0	0	0	0.803
NRXN1	GPHN	0	0	0	0	0	0	0	0	0	0	0.831
NRXN1	GRIN2B	0	0	0	0	0	0	0	0	0	0	0.832
NRXN1	SHANK3	0	0	0	0	0	0	0	0	0	0	0.961
NRXN1	DLG4	0	0	0	0	0	0	0	0	0	0	0.991
NRXN1	DAG1	0	0	0	0	0	0	0	0	0	0	0.998
NRXN1	NLGN1	0	0	0	0	0	0	0	0	0	0	0.999
NLGN1	CAMK2A	0	0	0	0	0	0	0	0	0	0	0.414
NLGN1	PRNP	0	0	0	0	0	0	0	0	0	0	0.538
NLGN1	UBE3A	0	0	0	0	0	0	0	0	0	0	0.548
NLGN1	CTNNB1	0	0	0	0	0	0	0	0	0	0	0.553
NLGN1	GRIA1	0	0	0	0	0	0	0	0	0	0	0.633
NLGN1	HOMER3	0	0	0	0	0	0	0	0	0	0	0.643
NLGN1	MDGA1	0	0	0	0	0	0	0	0	0	0	0.676
NLGN1	GPHN	0	0	0	0	0	0	0	0	0	0	0.722
NLGN1	GRIN2B	0	0	0	0	0	0	0	0	0	0	0.755
NLGN1	DLGAP2	0	0	0	0	0	0	0	0	0	0	0.811
NLGN1	NRXN3	0	0	0	0	0	0	0	0	0	0	0.964
NLGN1	SHANK3	0	0	0	0	0	0	0	0	0	0	0.978
NLGN1	DLG4	0	0	0	0	0	0	0	0	0	0	0.999
PRNP	AKT1	0	0	0	0	0	0	0	0	0	0	0.424
PRNP	GRIN2B	0	0	0	0	0	0	0	0	0	0	0.452
PRNP	DLG4	0	0	0	0	0	0	0	0	0	0	0.507
UBE2L3	RAD23A	0	0	0	0	0	0	0	0	0	0	0.437
UBE2L3	UBE3A	0	0	0	0	0	0	0	0	0	0	0.999
GPHN	NRXN3	0	0	0	0	0	0	0	0	0	0	0.404
GPHN	CAMK2A	0	0	0	0	0	0	0	0	0	0	0.418
GPHN	AKT1	0	0	0	0	0	0	0	0	0	0	0.472
GPHN	GRIN2B	0	0	0	0	0	0	0	0	0	0	0.526
GPHN	SHANK3	0	0	0	0	0	0	0	0	0	0	0.541
GPHN	GRIA1	0	0	0	0	0	0	0	0	0	0	0.621
GPHN	DLG4	0	0	0	0	0	0	0	0	0	0	0.884
CALML4	ADORA2A	0	0	0	0	0	0	0	0	0	0	0.446
CALML4	HOMER3	0	0	0	0	0	0	0	0	0	0	0.527
CALML4	GRIA1	0	0	0	0	0	0	0	0	0	0	0.586
CALML4	CTNNB1	0	0	0	0	0	0	0	0	0	0	0.631
CALML4	AKT1	0	0	0	0	0	0	0	0	0	0	0.713
CALML4	DLG4	0	0	0	0	0	0	0	0	0	0	0.892
CALML4	GRIN2B	0	0	0	0	0	0	0	0	0	0	0.926
CALML4	CAMK2A	0	0	0	0	0	0	0	0	0	0	0.999
PIK3R1	CTNNB1	0	0	0	0	0	0	0	0	0	0	0.858
PIK3R1	AKT1	0	0	0	0	0	0	0	0	0	0	0.995
GRIA1	NRXN3	0	0	0	0	0	0	0	0	0	0	0.404
GRIA1	DLGAP2	0	0	0	0	0	0	0	0	0	0	0.427
GRIA1	CACNB4	0	0	0	0	0	0	0	0	0	0	0.45
GRIA1	AKT1	0	0	0	0	0	0	0	0	0	0	0.48
GRIA1	UBE3A	0	0	0	0	0	0	0	0	0	0	0.592
GRIA1	SHANK3	0	0	0	0	0	0	0	0	0	0	0.623
GRIA1	GRIN2B	0	0	0	0	0	0	0	0	0	0	0.934
GRIA1	SHISA9	0	0	0	0	0	0	0	0	0	0	0.984
GRIA1	DLG4	0	0	0	0	0	0	0	0	0	0	0.994
GRIA1	GRIA3	0	0	0	0	0	0	0	0	0	0	0.999
GRIA1	CAMK2A	0	0	0	0	0	0	0	0	0	0	0.999
CACNB4	CAMK2A	0	0	0	0	0	0	0	0	0	0	0.717
HOMER3	AKT1	0	0	0	0	0	0	0	0	0	0	0.421
HOMER3	GRIN2B	0	0	0	0	0	0	0	0	0	0	0.466
HOMER3	NRXN3	0	0	0	0	0	0	0	0	0	0	0.516
HOMER3	DLGAP2	0	0	0	0	0	0	0	0	0	0	0.698
HOMER3	DLG4	0	0	0	0	0	0	0	0	0	0	0.868
HOMER3	SHANK3	0	0	0	0	0	0	0	0	0	0	0.884
DAG1	NRXN3	0	0	0	0	0	0	0	0	0	0	0.47
AKT1	ADORA2A	0	0	0	0	0	0	0	0	0	0	0.428
AKT1	GRIN2B	0	0	0	0	0	0	0	0	0	0	0.51
AKT1	SHANK3	0	0	0	0	0	0	0	0	0	0	0.548
AKT1	DLG4	0	0	0	0	0	0	0	0	0	0	0.747
AKT1	CTNNB1	0	0	0	0	0	0	0	0	0	0	0.979
SHISA9	GRIN2B	0	0	0	0	0	0	0	0	0	0	0.779
SHISA9	GRIA3	0	0	0	0	0	0	0	0	0	0	0.824
SHISA9	DLG4	0	0	0	0	0	0	0	0	0	0	0.858
RAD23A	UBE3A	0	0	0	0	0	0	0	0	0	0	0.974
GRIN2B	ADORA2A	0	0	0	0	0	0	0	0	0	0	0.414
GRIN2B	NRXN3	0	0	0	0	0	0	0	0	0	0	0.414
GRIN2B	DLGAP2	0	0	0	0	0	0	0	0	0	0	0.514
GRIN2B	CTNNB1	0	0	0	0	0	0	0	0	0	0	0.757
GRIN2B	SHANK3	0	0	0	0	0	0	0	0	0	0	0.785
GRIN2B	GRIA3	0	0	0	0	0	0	0	0	0	0	0.823
GRIN2B	DLG4	0	0	0	0	0	0	0	0	0	0	0.999
GRIN2B	CAMK2A	0	0	0	0	0	0	0	0	0	0	0.999
GRIA3	CAMK2A	0	0	0	0	0	0	0	0	0	0	0.808
GRIA3	DLG4	0	0	0	0	0	0	0	0	0	0	0.873
SHANK3	CAMK2A	0	0	0	0	0	0	0	0	0	0	0.509
SHANK3	UBE3A	0	0	0	0	0	0	0	0	0	0	0.647
SHANK3	NRXN3	0	0	0	0	0	0	0	0	0	0	0.703
SHANK3	DLGAP2	0	0	0	0	0	0	0	0	0	0	0.988
SHANK3	DLG4	0	0	0	0	0	0	0	0	0	0	0.996
NRXN3	CAMK2A	0	0	0	0	0	0	0	0	0	0	0.404
NRXN3	DLGAP2	0	0	0	0	0	0	0	0	0	0	0.645
NRXN3	DLG4	0	0	0	0	0	0	0	0	0	0	0.858
DLGAP2	CAMK2A	0	0	0	0	0	0	0	0	0	0	0.436
DLGAP2	DLG4	0	0	0	0	0	0	0	0	0	0	0.891
CTNNB1	DLG4	0	0	0	0	0	0	0	0	0	0	0.538
CTNNB1	UBE3A	0	0	0	0	0	0	0	0	0	0	0.974
UBE3A	DLG4	0	0	0	0	0	0	0	0	0	0	0.447
DLG4	CAMK2A	0	0	0	0	0	0	0	0	0	0	0.92
CBLN1	DLG4	0	0	0	0	0	0	0	0	0	0	0.402
CBLN1	NLGN3	0	0	0	0	0	0	0	0	0	0	0.507
CBLN1	NLGN2	0	0	0	0	0	0	0	0	0	0	0.559
CBLN1	NLGN4X	0	0	0	0	0	0	0	0	0	0	0.56
CBLN1	NRXN3	0	0	0	0	0	0	0	0	0	0	0.565
CBLN1	NLGN1	0	0	0	0	0	0	0	0	0	0	0.611
CBLN1	LRRTM2	0	0	0	0	0	0	0	0	0	0	0.717
CBLN1	NRXN2	0	0	0	0	0	0	0	0	0	0	0.989
CBLN1	NRXN1	0	0	0	0	0	0	0	0	0	0	0.994
TSC2	NLGN4X	0	0	0	0	0	0	0	0	0	0	0.459
TSC2	NLGN3	0	0	0	0	0	0	0	0	0	0	0.471
TSC2	PTK2	0	0	0	0	0	0	0	0	0	0	0.476
TSC2	CTNNB1	0	0	0	0	0	0	0	0	0	0	0.517
TSC2	PIK3R1	0	0	0	0	0	0	0	0	0	0	0.524
TSC2	SHANK3	0	0	0	0	0	0	0	0	0	0	0.537
TSC2	PIK3CA	0	0	0	0	0	0	0	0	0	0	0.687
TSC2	TP53	0	0	0	0	0	0	0	0	0	0	0.713
TSC2	PTEN	0	0	0	0	0	0	0	0	0	0	0.889
TSC2	UBE3A	0	0	0	0	0	0	0	0	0	0	0.981
TSC2	AKT1	0	0	0	0	0	0	0	0	0	0	0.99
CACNG1	CAMK2A	0	0	0	0	0	0	0	0	0	0	0.725
CACNG1	CACNB4	0	0	0	0	0	0	0	0	0	0	0.935
CACNG1	CACNG2	0	0	0	0	0	0	0	0	0	0	0.962
CACNG1	CACNG8	0	0	0	0	0	0	0	0	0	0	0.968
GRIN3B	GRM5	0	0	0	0	0	0	0	0	0	0	0.419
GRIN3B	GRM1	0	0	0	0	0	0	0	0	0	0	0.466
GRIN3B	DLG3	0	0	0	0	0	0	0	0	0	0	0.598
GRIN3B	CNIH2	0	0	0	0	0	0	0	0	0	0	0.746
GRIN3B	SHISA9	0	0	0	0	0	0	0	0	0	0	0.748
GRIN3B	CACNG8	0	0	0	0	0	0	0	0	0	0	0.758
GRIN3B	GRIA2	0	0	0	0	0	0	0	0	0	0	0.787
GRIN3B	GRIA3	0	0	0	0	0	0	0	0	0	0	0.791
GRIN3B	GRIA4	0	0	0	0	0	0	0	0	0	0	0.811
GRIN3B	GRIA1	0	0	0	0	0	0	0	0	0	0	0.84
GRIN3B	CACNG2	0	0	0	0	0	0	0	0	0	0	0.845
GRIN3B	DLG4	0	0	0	0	0	0	0	0	0	0	0.942
GRIN3B	GRIN3A	0	0	0	0	0	0	0	0	0	0	0.995
GRIN3B	GRIN2C	0	0	0	0	0	0	0	0	0	0	0.996
GRIN3B	GRIN2B	0	0	0	0	0	0	0	0	0	0	0.996
GRIN3B	GRIN2D	0	0	0	0	0	0	0	0	0	0	0.996
GRIN3B	GRIN2A	0	0	0	0	0	0	0	0	0	0	0.998
GRIN3B	GRIN1	0	0	0	0	0	0	0	0	0	0	0.999
GRIN2D	DLGAP3	0	0	0	0	0	0	0	0	0	0	0.451
GRIN2D	GRM5	0	0	0	0	0	0	0	0	0	0	0.556
GRIN2D	DLG1	0	0	0	0	0	0	0	0	0	0	0.604
GRIN2D	CAMK2A	0	0	0	0	0	0	0	0	0	0	0.607
GRIN2D	DLGAP1	0	0	0	0	0	0	0	0	0	0	0.617
GRIN2D	DLG2	0	0	0	0	0	0	0	0	0	0	0.634
GRIN2D	DLG3	0	0	0	0	0	0	0	0	0	0	0.659
GRIN2D	GRM1	0	0	0	0	0	0	0	0	0	0	0.678
GRIN2D	CALML4	0	0	0	0	0	0	0	0	0	0	0.74
GRIN2D	CALML3	0	0	0	0	0	0	0	0	0	0	0.74
GRIN2D	CALM3	0	0	0	0	0	0	0	0	0	0	0.755
GRIN2D	CNIH2	0	0	0	0	0	0	0	0	0	0	0.761
GRIN2D	SHISA9	0	0	0	0	0	0	0	0	0	0	0.767
GRIN2D	CACNG8	0	0	0	0	0	0	0	0	0	0	0.778
GRIN2D	PRNP	0	0	0	0	0	0	0	0	0	0	0.779
GRIN2D	CACNG2	0	0	0	0	0	0	0	0	0	0	0.795
GRIN2D	GRIA3	0	0	0	0	0	0	0	0	0	0	0.799
GRIN2D	GRIA2	0	0	0	0	0	0	0	0	0	0	0.8
GRIN2D	GRIA1	0	0	0	0	0	0	0	0	0	0	0.816
GRIN2D	GRIA4	0	0	0	0	0	0	0	0	0	0	0.864
GRIN2D	DLG4	0	0	0	0	0	0	0	0	0	0	0.976
GRIN2D	GRIN3A	0	0	0	0	0	0	0	0	0	0	0.998
GRIN2D	GRIN2B	0	0	0	0	0	0	0	0	0	0	0.998
GRIN2D	GRIN2A	0	0	0	0	0	0	0	0	0	0	0.998
GRIN2D	GRIN2C	0	0	0	0	0	0	0	0	0	0	0.998
GRIN2D	GRIN1	0	0	0	0	0	0	0	0	0	0	0.999
PIK3CA	CALML4	0	0	0	0	0	0	0	0	0	0	0.517
PIK3CA	CALML3	0	0	0	0	0	0	0	0	0	0	0.518
PIK3CA	SPOP	0	0	0	0	0	0	0	0	0	0	0.523
PIK3CA	DLG1	0	0	0	0	0	0	0	0	0	0	0.569
PIK3CA	PREX2	0	0	0	0	0	0	0	0	0	0	0.58
PIK3CA	GNAQ	0	0	0	0	0	0	0	0	0	0	0.901
PIK3CA	CTNNB1	0	0	0	0	0	0	0	0	0	0	0.901
PIK3CA	PRKCZ	0	0	0	0	0	0	0	0	0	0	0.925
PIK3CA	TP53	0	0	0	0	0	0	0	0	0	0	0.941
PIK3CA	FYN	0	0	0	0	0	0	0	0	0	0	0.951
PIK3CA	PRKCI	0	0	0	0	0	0	0	0	0	0	0.952
PIK3CA	PTK2	0	0	0	0	0	0	0	0	0	0	0.97
PIK3CA	PTEN	0	0	0	0	0	0	0	0	0	0	0.995
PIK3CA	AKT1	0	0	0	0	0	0	0	0	0	0	0.998
PIK3CA	PIK3R1	0	0	0	0	0	0	0	0	0	0	0.999
NRXN2	CACNG2	0	0	0	0	0	0	0	0	0	0	0.408
NRXN2	GRIN1	0	0	0	0	0	0	0	0	0	0	0.436
NRXN2	GRIN2A	0	0	0	0	0	0	0	0	0	0	0.452
NRXN2	DLG1	0	0	0	0	0	0	0	0	0	0	0.457
NRXN2	CAMK2A	0	0	0	0	0	0	0	0	0	0	0.507
NRXN2	GRIN2B	0	0	0	0	0	0	0	0	0	0	0.516
NRXN2	GRIA1	0	0	0	0	0	0	0	0	0	0	0.538
NRXN2	NRXN3	0	0	0	0	0	0	0	0	0	0	0.585
NRXN2	HOMER2	0	0	0	0	0	0	0	0	0	0	0.592
NRXN2	EPB41L1	0	0	0	0	0	0	0	0	0	0	0.599
NRXN2	GRIA2	0	0	0	0	0	0	0	0	0	0	0.607
NRXN2	MDGA1	0	0	0	0	0	0	0	0	0	0	0.612
NRXN2	HOMER3	0	0	0	0	0	0	0	0	0	0	0.619
NRXN2	GRM1	0	0	0	0	0	0	0	0	0	0	0.676
NRXN2	GRIA4	0	0	0	0	0	0	0	0	0	0	0.684
NRXN2	HOMER1	0	0	0	0	0	0	0	0	0	0	0.687
NRXN2	DLG3	0	0	0	0	0	0	0	0	0	0	0.713
NRXN2	GRM5	0	0	0	0	0	0	0	0	0	0	0.713
NRXN2	DLGAP2	0	0	0	0	0	0	0	0	0	0	0.714
NRXN2	DLGAP3	0	0	0	0	0	0	0	0	0	0	0.719
NRXN2	DLG2	0	0	0	0	0	0	0	0	0	0	0.741
NRXN2	DLGAP1	0	0	0	0	0	0	0	0	0	0	0.743
NRXN2	NXPH1	0	0	0	0	0	0	0	0	0	0	0.827
NRXN2	GPHN	0	0	0	0	0	0	0	0	0	0	0.831
NRXN2	SHANK1	0	0	0	0	0	0	0	0	0	0	0.876
NRXN2	SHANK2	0	0	0	0	0	0	0	0	0	0	0.88
NRXN2	SHANK3	0	0	0	0	0	0	0	0	0	0	0.897
NRXN2	NRXN1	0	0	0	0	0	0	0	0	0	0	0.922
NRXN2	DLG4	0	0	0	0	0	0	0	0	0	0	0.987
NRXN2	LRRTM2	0	0	0	0	0	0	0	0	0	0	0.993
NRXN2	DAG1	0	0	0	0	0	0	0	0	0	0	0.997
NRXN2	NLGN2	0	0	0	0	0	0	0	0	0	0	0.999
NRXN2	NLGN1	0	0	0	0	0	0	0	0	0	0	0.999
NRXN2	NLGN3	0	0	0	0	0	0	0	0	0	0	0.999
NRXN2	NLGN4Y	0	0	0	0	0	0	0	0	0	0	0.999
NRXN2	NLGN4X	0	0	0	0	0	0	0	0	0	0	0.999
TP53	GNAQ	0	0	0	0	0	0	0	0	0	0	0.479
TP53	UBE2L3	0	0	0	0	0	0	0	0	0	0	0.5
TP53	CALM3	0	0	0	0	0	0	0	0	0	0	0.508
TP53	UBE2D2	0	0	0	0	0	0	0	0	0	0	0.531
TP53	DLG1	0	0	0	0	0	0	0	0	0	0	0.533
TP53	SPOP	0	0	0	0	0	0	0	0	0	0	0.571
TP53	UBE2D1	0	0	0	0	0	0	0	0	0	0	0.578
TP53	SCRIB	0	0	0	0	0	0	0	0	0	0	0.587
TP53	CALML4	0	0	0	0	0	0	0	0	0	0	0.657
TP53	RAD23A	0	0	0	0	0	0	0	0	0	0	0.657
TP53	CALML3	0	0	0	0	0	0	0	0	0	0	0.657
TP53	FYN	0	0	0	0	0	0	0	0	0	0	0.657
TP53	PRKCI	0	0	0	0	0	0	0	0	0	0	0.661
TP53	DLG4	0	0	0	0	0	0	0	0	0	0	0.734
TP53	PIK3R1	0	0	0	0	0	0	0	0	0	0	0.853
TP53	PSMD4	0	0	0	0	0	0	0	0	0	0	0.88
TP53	CTNNB1	0	0	0	0	0	0	0	0	0	0	0.927
TP53	PTK2	0	0	0	0	0	0	0	0	0	0	0.928
TP53	PRKCZ	0	0	0	0	0	0	0	0	0	0	0.933
TP53	AKT1	0	0	0	0	0	0	0	0	0	0	0.994
TP53	UBE3A	0	0	0	0	0	0	0	0	0	0	0.999
TP53	PTEN	0	0	0	0	0	0	0	0	0	0	0.999
CACNG8	EPB41L1	0	0	0	0	0	0	0	0	0	0	0.46
CACNG8	NLGN1	0	0	0	0	0	0	0	0	0	0	0.514
CACNG8	DLG1	0	0	0	0	0	0	0	0	0	0	0.584
CACNG8	DLG3	0	0	0	0	0	0	0	0	0	0	0.649
CACNG8	GRIN3A	0	0	0	0	0	0	0	0	0	0	0.743
CACNG8	CACNG2	0	0	0	0	0	0	0	0	0	0	0.748
CACNG8	GRIN2C	0	0	0	0	0	0	0	0	0	0	0.761
CACNG8	CAMK2A	0	0	0	0	0	0	0	0	0	0	0.782
CACNG8	GRIN1	0	0	0	0	0	0	0	0	0	0	0.799
CACNG8	GRIN2A	0	0	0	0	0	0	0	0	0	0	0.812
CACNG8	GRIN2B	0	0	0	0	0	0	0	0	0	0	0.822
CACNG8	DLG4	0	0	0	0	0	0	0	0	0	0	0.901
CACNG8	GRIA3	0	0	0	0	0	0	0	0	0	0	0.936
CACNG8	GRIA4	0	0	0	0	0	0	0	0	0	0	0.936
CACNG8	CACNB4	0	0	0	0	0	0	0	0	0	0	0.94
CACNG8	SHISA9	0	0	0	0	0	0	0	0	0	0	0.948
CACNG8	CNIH2	0	0	0	0	0	0	0	0	0	0	0.99
CACNG8	GRIA2	0	0	0	0	0	0	0	0	0	0	0.994
CACNG8	GRIA1	0	0	0	0	0	0	0	0	0	0	0.996
LRRTM2	MDGA1	0	0	0	0	0	0	0	0	0	0	0.419
LRRTM2	GPHN	0	0	0	0	0	0	0	0	0	0	0.464
LRRTM2	NLGN4Y	0	0	0	0	0	0	0	0	0	0	0.474
LRRTM2	GRIA1	0	0	0	0	0	0	0	0	0	0	0.493
LRRTM2	NLGN2	0	0	0	0	0	0	0	0	0	0	0.65
LRRTM2	GRIA2	0	0	0	0	0	0	0	0	0	0	0.681
LRRTM2	NLGN4X	0	0	0	0	0	0	0	0	0	0	0.724
LRRTM2	NLGN3	0	0	0	0	0	0	0	0	0	0	0.725
LRRTM2	NLGN1	0	0	0	0	0	0	0	0	0	0	0.815
LRRTM2	DLG4	0	0	0	0	0	0	0	0	0	0	0.902
LRRTM2	NRXN3	0	0	0	0	0	0	0	0	0	0	0.92
LRRTM2	NRXN1	0	0	0	0	0	0	0	0	0	0	0.997
GRIA4	HOMER1	0	0	0	0	0	0	0	0	0	0	0.42
GRIA4	NXPH1	0	0	0	0	0	0	0	0	0	0	0.421
GRIA4	DLGAP1	0	0	0	0	0	0	0	0	0	0	0.423
GRIA4	SHANK1	0	0	0	0	0	0	0	0	0	0	0.45
GRIA4	NLGN1	0	0	0	0	0	0	0	0	0	0	0.496
GRIA4	SHANK2	0	0	0	0	0	0	0	0	0	0	0.579
GRIA4	DLG3	0	0	0	0	0	0	0	0	0	0	0.646
GRIA4	GRM1	0	0	0	0	0	0	0	0	0	0	0.653
GRIA4	GRM5	0	0	0	0	0	0	0	0	0	0	0.667
GRIA4	NRXN1	0	0	0	0	0	0	0	0	0	0	0.688
GRIA4	DLG2	0	0	0	0	0	0	0	0	0	0	0.698
GRIA4	EPB41L1	0	0	0	0	0	0	0	0	0	0	0.807
GRIA4	CAMK2A	0	0	0	0	0	0	0	0	0	0	0.814
GRIA4	GRIN2C	0	0	0	0	0	0	0	0	0	0	0.824
GRIA4	DLG1	0	0	0	0	0	0	0	0	0	0	0.828
GRIA4	DLG4	0	0	0	0	0	0	0	0	0	0	0.829
GRIA4	GRIN2B	0	0	0	0	0	0	0	0	0	0	0.853
GRIA4	GRIN3A	0	0	0	0	0	0	0	0	0	0	0.878
GRIA4	GRIN1	0	0	0	0	0	0	0	0	0	0	0.886
GRIA4	GRIN2A	0	0	0	0	0	0	0	0	0	0	0.898
GRIA4	SHISA9	0	0	0	0	0	0	0	0	0	0	0.919
GRIA4	CNIH2	0	0	0	0	0	0	0	0	0	0	0.94
GRIA4	CACNG2	0	0	0	0	0	0	0	0	0	0	0.975
GRIA4	GRIA3	0	0	0	0	0	0	0	0	0	0	0.997
GRIA4	GRIA1	0	0	0	0	0	0	0	0	0	0	0.997
GRIA4	GRIA2	0	0	0	0	0	0	0	0	0	0	0.999
GRM1	AKT1	0	0	0	0	0	0	0	0	0	0	0.421
GRM1	CALML4	0	0	0	0	0	0	0	0	0	0	0.427
GRM1	CALML3	0	0	0	0	0	0	0	0	0	0	0.432
GRM1	CALM3	0	0	0	0	0	0	0	0	0	0	0.445
GRM1	FYN	0	0	0	0	0	0	0	0	0	0	0.45
GRM1	DLG1	0	0	0	0	0	0	0	0	0	0	0.46
GRM1	PIK3R1	0	0	0	0	0	0	0	0	0	0	0.48
GRM1	GRIN3A	0	0	0	0	0	0	0	0	0	0	0.537
GRM1	NLGN4Y	0	0	0	0	0	0	0	0	0	0	0.573
GRM1	DLG3	0	0	0	0	0	0	0	0	0	0	0.598
GRM1	GRIA3	0	0	0	0	0	0	0	0	0	0	0.602
GRM1	NLGN2	0	0	0	0	0	0	0	0	0	0	0.61
GRM1	GRIN2C	0	0	0	0	0	0	0	0	0	0	0.616
GRM1	NLGN4X	0	0	0	0	0	0	0	0	0	0	0.624
GRM1	DLGAP2	0	0	0	0	0	0	0	0	0	0	0.628
GRM1	DLG2	0	0	0	0	0	0	0	0	0	0	0.64
GRM1	NLGN3	0	0	0	0	0	0	0	0	0	0	0.648
GRM1	NLGN1	0	0	0	0	0	0	0	0	0	0	0.652
GRM1	GRIN1	0	0	0	0	0	0	0	0	0	0	0.659
GRM1	NRXN3	0	0	0	0	0	0	0	0	0	0	0.687
GRM1	DLGAP3	0	0	0	0	0	0	0	0	0	0	0.688
GRM1	NRXN1	0	0	0	0	0	0	0	0	0	0	0.705
GRM1	SHANK2	0	0	0	0	0	0	0	0	0	0	0.714
GRM1	GRIN2A	0	0	0	0	0	0	0	0	0	0	0.738
GRM1	GRIN2B	0	0	0	0	0	0	0	0	0	0	0.758
GRM1	SHANK3	0	0	0	0	0	0	0	0	0	0	0.788
GRM1	GRIA2	0	0	0	0	0	0	0	0	0	0	0.809
GRM1	GRIA1	0	0	0	0	0	0	0	0	0	0	0.849
GRM1	DLG4	0	0	0	0	0	0	0	0	0	0	0.862
GRM1	SHANK1	0	0	0	0	0	0	0	0	0	0	0.899
GRM1	DLGAP1	0	0	0	0	0	0	0	0	0	0	0.938
GRM1	CAMK2A	0	0	0	0	0	0	0	0	0	0	0.968
GRM1	GRM5	0	0	0	0	0	0	0	0	0	0	0.977
GRM1	HOMER2	0	0	0	0	0	0	0	0	0	0	0.989
GRM1	HOMER3	0	0	0	0	0	0	0	0	0	0	0.99
GRM1	GNAQ	0	0	0	0	0	0	0	0	0	0	0.998
GRM1	HOMER1	0	0	0	0	0	0	0	0	0	0	0.998
GNAQ	CTNNB1	0	0	0	0	0	0	0	0	0	0	0.56
GNAQ	PTEN	0	0	0	0	0	0	0	0	0	0	0.567
GNAQ	CALML4	0	0	0	0	0	0	0	0	0	0	0.57
GNAQ	CALML3	0	0	0	0	0	0	0	0	0	0	0.581
GNAQ	CALM3	0	0	0	0	0	0	0	0	0	0	0.593
GNAQ	AKT1	0	0	0	0	0	0	0	0	0	0	0.775
GNAQ	PIK3R1	0	0	0	0	0	0	0	0	0	0	0.854
GNAQ	ADORA2A	0	0	0	0	0	0	0	0	0	0	0.959
GNAQ	GRM5	0	0	0	0	0	0	0	0	0	0	0.999
PREX2	AKT1	0	0	0	0	0	0	0	0	0	0	0.444
PREX2	PTEN	0	0	0	0	0	0	0	0	0	0	0.99
CALM3	GRIA2	0	0	0	0	0	0	0	0	0	0	0.434
CALM3	PTEN	0	0	0	0	0	0	0	0	0	0	0.451
CALM3	DLG1	0	0	0	0	0	0	0	0	0	0	0.457
CALM3	CACNB4	0	0	0	0	0	0	0	0	0	0	0.463
CALM3	MAST2	0	0	0	0	0	0	0	0	0	0	0.471
CALM3	PIK3R1	0	0	0	0	0	0	0	0	0	0	0.513
CALM3	GRIN3A	0	0	0	0	0	0	0	0	0	0	0.515
CALM3	ADORA2A	0	0	0	0	0	0	0	0	0	0	0.515
CALM3	HOMER2	0	0	0	0	0	0	0	0	0	0	0.517
CALM3	CTNNB1	0	0	0	0	0	0	0	0	0	0	0.528
CALM3	HOMER3	0	0	0	0	0	0	0	0	0	0	0.533
CALM3	GRIA1	0	0	0	0	0	0	0	0	0	0	0.583
CALM3	HOMER1	0	0	0	0	0	0	0	0	0	0	0.63
CALM3	FYN	0	0	0	0	0	0	0	0	0	0	0.685
CALM3	GRM5	0	0	0	0	0	0	0	0	0	0	0.688
CALM3	GRIN2C	0	0	0	0	0	0	0	0	0	0	0.758
CALM3	AKT1	0	0	0	0	0	0	0	0	0	0	0.802
CALM3	GRIN2A	0	0	0	0	0	0	0	0	0	0	0.901
CALM3	GRIN2B	0	0	0	0	0	0	0	0	0	0	0.91
CALM3	DLG4	0	0	0	0	0	0	0	0	0	0	0.989
CALM3	CALML4	0	0	0	0	0	0	0	0	0	0	0.996
CALM3	GRIN1	0	0	0	0	0	0	0	0	0	0	0.996
CALM3	CALML3	0	0	0	0	0	0	0	0	0	0	0.996
CALM3	CAMK2A	0	0	0	0	0	0	0	0	0	0	0.999
GRIN2C	MAGI2	0	0	0	0	0	0	0	0	0	0	0.409
GRIN2C	SHANK1	0	0	0	0	0	0	0	0	0	0	0.416
GRIN2C	GRM5	0	0	0	0	0	0	0	0	0	0	0.621
GRIN2C	DLG1	0	0	0	0	0	0	0	0	0	0	0.681
GRIN2C	SHISA9	0	0	0	0	0	0	0	0	0	0	0.733
GRIN2C	CAMK2A	0	0	0	0	0	0	0	0	0	0	0.735
GRIN2C	CALML3	0	0	0	0	0	0	0	0	0	0	0.741
GRIN2C	CALML4	0	0	0	0	0	0	0	0	0	0	0.741
GRIN2C	CNIH2	0	0	0	0	0	0	0	0	0	0	0.765
GRIN2C	GRIA3	0	0	0	0	0	0	0	0	0	0	0.809
GRIN2C	CACNG2	0	0	0	0	0	0	0	0	0	0	0.817
GRIN2C	DLG2	0	0	0	0	0	0	0	0	0	0	0.818
GRIN2C	GRIA2	0	0	0	0	0	0	0	0	0	0	0.822
GRIN2C	GRIA1	0	0	0	0	0	0	0	0	0	0	0.829
GRIN2C	DLG3	0	0	0	0	0	0	0	0	0	0	0.872
GRIN2C	DLG4	0	0	0	0	0	0	0	0	0	0	0.99
GRIN2C	GRIN2A	0	0	0	0	0	0	0	0	0	0	0.998
GRIN2C	GRIN2B	0	0	0	0	0	0	0	0	0	0	0.998
GRIN2C	GRIN3A	0	0	0	0	0	0	0	0	0	0	0.998
GRIN2C	GRIN1	0	0	0	0	0	0	0	0	0	0	0.999
SHANK1	GPHN	0	0	0	0	0	0	0	0	0	0	0.416
SHANK1	CACNG2	0	0	0	0	0	0	0	0	0	0	0.418
SHANK1	MAGI2	0	0	0	0	0	0	0	0	0	0	0.418
SHANK1	DLG1	0	0	0	0	0	0	0	0	0	0	0.446
SHANK1	CAMK2A	0	0	0	0	0	0	0	0	0	0	0.533
SHANK1	GRIA2	0	0	0	0	0	0	0	0	0	0	0.563
SHANK1	GRIN1	0	0	0	0	0	0	0	0	0	0	0.596
SHANK1	GRIA1	0	0	0	0	0	0	0	0	0	0	0.619
SHANK1	NRXN3	0	0	0	0	0	0	0	0	0	0	0.696
SHANK1	GRIN2A	0	0	0	0	0	0	0	0	0	0	0.742
SHANK1	GRIN2B	0	0	0	0	0	0	0	0	0	0	0.752
SHANK1	NLGN4Y	0	0	0	0	0	0	0	0	0	0	0.76
SHANK1	DLG3	0	0	0	0	0	0	0	0	0	0	0.778
SHANK1	DLGAP2	0	0	0	0	0	0	0	0	0	0	0.841
SHANK1	NLGN2	0	0	0	0	0	0	0	0	0	0	0.868
SHANK1	DLG2	0	0	0	0	0	0	0	0	0	0	0.878
SHANK1	NRXN1	0	0	0	0	0	0	0	0	0	0	0.887
SHANK1	NLGN4X	0	0	0	0	0	0	0	0	0	0	0.894
SHANK1	NLGN3	0	0	0	0	0	0	0	0	0	0	0.904
SHANK1	DLGAP3	0	0	0	0	0	0	0	0	0	0	0.92
SHANK1	NLGN1	0	0	0	0	0	0	0	0	0	0	0.926
SHANK1	HOMER2	0	0	0	0	0	0	0	0	0	0	0.927
SHANK1	GRM5	0	0	0	0	0	0	0	0	0	0	0.939
SHANK1	HOMER3	0	0	0	0	0	0	0	0	0	0	0.966
SHANK1	SHANK2	0	0	0	0	0	0	0	0	0	0	0.968
SHANK1	SHANK3	0	0	0	0	0	0	0	0	0	0	0.982
SHANK1	HOMER1	0	0	0	0	0	0	0	0	0	0	0.984
SHANK1	DLG4	0	0	0	0	0	0	0	0	0	0	0.992
SHANK1	DLGAP1	0	0	0	0	0	0	0	0	0	0	0.996
PRKCI	PIK3R1	0	0	0	0	0	0	0	0	0	0	0.919
PRKCI	PTEN	0	0	0	0	0	0	0	0	0	0	0.933
PRKCI	PRKCZ	0	0	0	0	0	0	0	0	0	0	0.989
PRKCI	LLGL1	0	0	0	0	0	0	0	0	0	0	0.993
PRKCI	LLGL2	0	0	0	0	0	0	0	0	0	0	0.996
GRIA2	DLGAP3	0	0	0	0	0	0	0	0	0	0	0.401
GRIA2	CALML4	0	0	0	0	0	0	0	0	0	0	0.404
GRIA2	PIK3R1	0	0	0	0	0	0	0	0	0	0	0.415
GRIA2	NRXN3	0	0	0	0	0	0	0	0	0	0	0.416
GRIA2	DLGAP2	0	0	0	0	0	0	0	0	0	0	0.422
GRIA2	NLGN4Y	0	0	0	0	0	0	0	0	0	0	0.426
GRIA2	NLGN4X	0	0	0	0	0	0	0	0	0	0	0.485
GRIA2	EPB41L1	0	0	0	0	0	0	0	0	0	0	0.485
GRIA2	NLGN2	0	0	0	0	0	0	0	0	0	0	0.516
GRIA2	GPHN	0	0	0	0	0	0	0	0	0	0	0.52
GRIA2	NLGN3	0	0	0	0	0	0	0	0	0	0	0.535
GRIA2	SHANK3	0	0	0	0	0	0	0	0	0	0	0.573
GRIA2	HOMER1	0	0	0	0	0	0	0	0	0	0	0.596
GRIA2	CTNNB1	0	0	0	0	0	0	0	0	0	0	0.615
GRIA2	SHANK2	0	0	0	0	0	0	0	0	0	0	0.637
GRIA2	NLGN1	0	0	0	0	0	0	0	0	0	0	0.64
GRIA2	NRXN1	0	0	0	0	0	0	0	0	0	0	0.695
GRIA2	DLGAP1	0	0	0	0	0	0	0	0	0	0	0.722
GRIA2	DLG3	0	0	0	0	0	0	0	0	0	0	0.789
GRIA2	DLG1	0	0	0	0	0	0	0	0	0	0	0.809
GRIA2	DLG2	0	0	0	0	0	0	0	0	0	0	0.815
GRIA2	GRIN3A	0	0	0	0	0	0	0	0	0	0	0.845
GRIA2	GRM5	0	0	0	0	0	0	0	0	0	0	0.852
GRIA2	SHISA9	0	0	0	0	0	0	0	0	0	0	0.855
GRIA2	GRIN2B	0	0	0	0	0	0	0	0	0	0	0.885
GRIA2	GRIN1	0	0	0	0	0	0	0	0	0	0	0.901
GRIA2	GRIN2A	0	0	0	0	0	0	0	0	0	0	0.933
GRIA2	DLG4	0	0	0	0	0	0	0	0	0	0	0.968
GRIA2	CAMK2A	0	0	0	0	0	0	0	0	0	0	0.977
GRIA2	CNIH2	0	0	0	0	0	0	0	0	0	0	0.99
GRIA2	CACNG2	0	0	0	0	0	0	0	0	0	0	0.995
GRIA2	GRIA1	0	0	0	0	0	0	0	0	0	0	0.999
GRIA2	GRIA3	0	0	0	0	0	0	0	0	0	0	0.999
CACNG2	NLGN1	0	0	0	0	0	0	0	0	0	0	0.413
CACNG2	NRXN1	0	0	0	0	0	0	0	0	0	0	0.435
CACNG2	HOMER1	0	0	0	0	0	0	0	0	0	0	0.446
CACNG2	EPB41L1	0	0	0	0	0	0	0	0	0	0	0.67
CACNG2	DLGAP1	0	0	0	0	0	0	0	0	0	0	0.751
CACNG2	DLG2	0	0	0	0	0	0	0	0	0	0	0.783
CACNG2	CAMK2A	0	0	0	0	0	0	0	0	0	0	0.808
CACNG2	GRIN3A	0	0	0	0	0	0	0	0	0	0	0.852
CACNG2	GRIN2A	0	0	0	0	0	0	0	0	0	0	0.88
CACNG2	GRIN2B	0	0	0	0	0	0	0	0	0	0	0.893
CACNG2	GRIN1	0	0	0	0	0	0	0	0	0	0	0.894
CACNG2	DLG3	0	0	0	0	0	0	0	0	0	0	0.9
CACNG2	CNIH2	0	0	0	0	0	0	0	0	0	0	0.906
CACNG2	MAGI2	0	0	0	0	0	0	0	0	0	0	0.915
CACNG2	DLG1	0	0	0	0	0	0	0	0	0	0	0.941
CACNG2	CACNB4	0	0	0	0	0	0	0	0	0	0	0.951
CACNG2	SHISA9	0	0	0	0	0	0	0	0	0	0	0.973
CACNG2	GRIA3	0	0	0	0	0	0	0	0	0	0	0.984
CACNG2	DLG4	0	0	0	0	0	0	0	0	0	0	0.999
CACNG2	GRIA1	0	0	0	0	0	0	0	0	0	0	0.999
NLGN2	CAMK2A	0	0	0	0	0	0	0	0	0	0	0.411
NLGN2	NXPH1	0	0	0	0	0	0	0	0	0	0	0.414
NLGN2	DLG1	0	0	0	0	0	0	0	0	0	0	0.44
NLGN2	PTEN	0	0	0	0	0	0	0	0	0	0	0.455
NLGN2	GRIN1	0	0	0	0	0	0	0	0	0	0	0.469
NLGN2	PRNP	0	0	0	0	0	0	0	0	0	0	0.485
NLGN2	GRIN2B	0	0	0	0	0	0	0	0	0	0	0.496
NLGN2	CTNNB1	0	0	0	0	0	0	0	0	0	0	0.499
NLGN2	GRIN2A	0	0	0	0	0	0	0	0	0	0	0.521
NLGN2	NLGN4Y	0	0	0	0	0	0	0	0	0	0	0.525
NLGN2	GRIA1	0	0	0	0	0	0	0	0	0	0	0.532
NLGN2	DAG1	0	0	0	0	0	0	0	0	0	0	0.59
NLGN2	EPB41L1	0	0	0	0	0	0	0	0	0	0	0.624
NLGN2	HOMER2	0	0	0	0	0	0	0	0	0	0	0.647
NLGN2	GRM5	0	0	0	0	0	0	0	0	0	0	0.668
NLGN2	NLGN3	0	0	0	0	0	0	0	0	0	0	0.683
NLGN2	HOMER3	0	0	0	0	0	0	0	0	0	0	0.697
NLGN2	HOMER1	0	0	0	0	0	0	0	0	0	0	0.699
NLGN2	NLGN4X	0	0	0	0	0	0	0	0	0	0	0.704
NLGN2	NLGN1	0	0	0	0	0	0	0	0	0	0	0.704
NLGN2	DLGAP3	0	0	0	0	0	0	0	0	0	0	0.709
NLGN2	DLGAP2	0	0	0	0	0	0	0	0	0	0	0.715
NLGN2	DLG2	0	0	0	0	0	0	0	0	0	0	0.784
NLGN2	MAGI2	0	0	0	0	0	0	0	0	0	0	0.813
NLGN2	DLGAP1	0	0	0	0	0	0	0	0	0	0	0.844
NLGN2	SHANK2	0	0	0	0	0	0	0	0	0	0	0.868
NLGN2	DLG3	0	0	0	0	0	0	0	0	0	0	0.883
NLGN2	SHANK3	0	0	0	0	0	0	0	0	0	0	0.935
NLGN2	GPHN	0	0	0	0	0	0	0	0	0	0	0.968
NLGN2	NRXN3	0	0	0	0	0	0	0	0	0	0	0.978
NLGN2	MDGA1	0	0	0	0	0	0	0	0	0	0	0.994
NLGN2	DLG4	0	0	0	0	0	0	0	0	0	0	0.998
NLGN2	NRXN1	0	0	0	0	0	0	0	0	0	0	0.999
HOMER2	GRIA1	0	0	0	0	0	0	0	0	0	0	0.4
HOMER2	GRIN1	0	0	0	0	0	0	0	0	0	0	0.42
HOMER2	GRIN2A	0	0	0	0	0	0	0	0	0	0	0.478
HOMER2	GRIN2B	0	0	0	0	0	0	0	0	0	0	0.502
HOMER2	CALML4	0	0	0	0	0	0	0	0	0	0	0.507
HOMER2	CALML3	0	0	0	0	0	0	0	0	0	0	0.518
HOMER2	NLGN4X	0	0	0	0	0	0	0	0	0	0	0.596
HOMER2	NRXN1	0	0	0	0	0	0	0	0	0	0	0.605
HOMER2	NLGN4Y	0	0	0	0	0	0	0	0	0	0	0.607
HOMER2	DLG2	0	0	0	0	0	0	0	0	0	0	0.61
HOMER2	DLG3	0	0	0	0	0	0	0	0	0	0	0.613
HOMER2	NLGN1	0	0	0	0	0	0	0	0	0	0	0.618
HOMER2	DLGAP2	0	0	0	0	0	0	0	0	0	0	0.637
HOMER2	AKT1	0	0	0	0	0	0	0	0	0	0	0.638
HOMER2	NLGN3	0	0	0	0	0	0	0	0	0	0	0.641
HOMER2	DLGAP3	0	0	0	0	0	0	0	0	0	0	0.666
HOMER2	NRXN3	0	0	0	0	0	0	0	0	0	0	0.691
HOMER2	SHANK3	0	0	0	0	0	0	0	0	0	0	0.758
HOMER2	DLG4	0	0	0	0	0	0	0	0	0	0	0.779
HOMER2	SHANK2	0	0	0	0	0	0	0	0	0	0	0.782
HOMER2	DLGAP1	0	0	0	0	0	0	0	0	0	0	0.857
HOMER2	GRM5	0	0	0	0	0	0	0	0	0	0	0.965
HOMER2	HOMER3	0	0	0	0	0	0	0	0	0	0	0.99
HOMER2	HOMER1	0	0	0	0	0	0	0	0	0	0	0.991
GRM5	AKT1	0	0	0	0	0	0	0	0	0	0	0.44
GRM5	FYN	0	0	0	0	0	0	0	0	0	0	0.471
GRM5	CALML4	0	0	0	0	0	0	0	0	0	0	0.49
GRM5	CALML3	0	0	0	0	0	0	0	0	0	0	0.493
GRM5	PRKCZ	0	0	0	0	0	0	0	0	0	0	0.515
GRM5	NXPH1	0	0	0	0	0	0	0	0	0	0	0.54
GRM5	GPHN	0	0	0	0	0	0	0	0	0	0	0.545
GRM5	EPB41L1	0	0	0	0	0	0	0	0	0	0	0.547
GRM5	NLGN4Y	0	0	0	0	0	0	0	0	0	0	0.611
GRM5	DLG3	0	0	0	0	0	0	0	0	0	0	0.642
GRM5	DLGAP2	0	0	0	0	0	0	0	0	0	0	0.686
GRM5	NLGN4X	0	0	0	0	0	0	0	0	0	0	0.696
GRM5	GRIN3A	0	0	0	0	0	0	0	0	0	0	0.699
GRM5	DLG2	0	0	0	0	0	0	0	0	0	0	0.702
GRM5	NLGN1	0	0	0	0	0	0	0	0	0	0	0.716
GRM5	NRXN3	0	0	0	0	0	0	0	0	0	0	0.724
GRM5	NLGN3	0	0	0	0	0	0	0	0	0	0	0.735
GRM5	NRXN1	0	0	0	0	0	0	0	0	0	0	0.766
GRM5	GRIA3	0	0	0	0	0	0	0	0	0	0	0.782
GRM5	DLGAP3	0	0	0	0	0	0	0	0	0	0	0.786
GRM5	GRIN1	0	0	0	0	0	0	0	0	0	0	0.792
GRM5	GRIN2A	0	0	0	0	0	0	0	0	0	0	0.841
GRM5	GRIN2B	0	0	0	0	0	0	0	0	0	0	0.842
GRM5	SHANK2	0	0	0	0	0	0	0	0	0	0	0.869
GRM5	SHANK3	0	0	0	0	0	0	0	0	0	0	0.88
GRM5	DLG4	0	0	0	0	0	0	0	0	0	0	0.902
GRM5	DLGAP1	0	0	0	0	0	0	0	0	0	0	0.915
GRM5	GRIA1	0	0	0	0	0	0	0	0	0	0	0.916
GRM5	HOMER3	0	0	0	0	0	0	0	0	0	0	0.929
GRM5	PRNP	0	0	0	0	0	0	0	0	0	0	0.953
GRM5	CAMK2A	0	0	0	0	0	0	0	0	0	0	0.975
GRM5	ADORA2A	0	0	0	0	0	0	0	0	0	0	0.976
GRM5	HOMER1	0	0	0	0	0	0	0	0	0	0	0.999
CNIH2	DLG3	0	0	0	0	0	0	0	0	0	0	0.552
CNIH2	GRIN3A	0	0	0	0	0	0	0	0	0	0	0.763
CNIH2	GRIN2B	0	0	0	0	0	0	0	0	0	0	0.774
CNIH2	GRIN2A	0	0	0	0	0	0	0	0	0	0	0.784
CNIH2	GRIN1	0	0	0	0	0	0	0	0	0	0	0.796
CNIH2	DLG4	0	0	0	0	0	0	0	0	0	0	0.856
CNIH2	SHISA9	0	0	0	0	0	0	0	0	0	0	0.949
CNIH2	GRIA3	0	0	0	0	0	0	0	0	0	0	0.97
CNIH2	GRIA1	0	0	0	0	0	0	0	0	0	0	0.995
CALML3	PTEN	0	0	0	0	0	0	0	0	0	0	0.437
CALML3	ADORA2A	0	0	0	0	0	0	0	0	0	0	0.455
CALML3	DLG1	0	0	0	0	0	0	0	0	0	0	0.456
CALML3	HOMER3	0	0	0	0	0	0	0	0	0	0	0.532
CALML3	GRIA1	0	0	0	0	0	0	0	0	0	0	0.581
CALML3	HOMER1	0	0	0	0	0	0	0	0	0	0	0.625
CALML3	CTNNB1	0	0	0	0	0	0	0	0	0	0	0.628
CALML3	FYN	0	0	0	0	0	0	0	0	0	0	0.682
CALML3	AKT1	0	0	0	0	0	0	0	0	0	0	0.719
CALML3	DLG4	0	0	0	0	0	0	0	0	0	0	0.891
CALML3	GRIN2A	0	0	0	0	0	0	0	0	0	0	0.895
CALML3	GRIN2B	0	0	0	0	0	0	0	0	0	0	0.927
CALML3	GRIN1	0	0	0	0	0	0	0	0	0	0	0.96
CALML3	CALML4	0	0	0	0	0	0	0	0	0	0	0.963
CALML3	CAMK2A	0	0	0	0	0	0	0	0	0	0	0.999
DLGAP1	GRIN1	0	0	0	0	0	0	0	0	0	0	0.57
DLGAP1	NRXN3	0	0	0	0	0	0	0	0	0	0	0.659
DLGAP1	CAMK2A	0	0	0	0	0	0	0	0	0	0	0.703
DLGAP1	DLGAP2	0	0	0	0	0	0	0	0	0	0	0.704
DLGAP1	DLGAP3	0	0	0	0	0	0	0	0	0	0	0.724
DLGAP1	MAGI2	0	0	0	0	0	0	0	0	0	0	0.732
DLGAP1	NRXN1	0	0	0	0	0	0	0	0	0	0	0.774
DLGAP1	NLGN4Y	0	0	0	0	0	0	0	0	0	0	0.843
DLGAP1	GRIA1	0	0	0	0	0	0	0	0	0	0	0.852
DLGAP1	NLGN3	0	0	0	0	0	0	0	0	0	0	0.855
DLGAP1	NLGN4X	0	0	0	0	0	0	0	0	0	0	0.861
DLGAP1	GRIN2A	0	0	0	0	0	0	0	0	0	0	0.885
DLGAP1	DLG3	0	0	0	0	0	0	0	0	0	0	0.887
DLGAP1	DLG2	0	0	0	0	0	0	0	0	0	0	0.89
DLGAP1	GRIN2B	0	0	0	0	0	0	0	0	0	0	0.9
DLGAP1	NLGN1	0	0	0	0	0	0	0	0	0	0	0.927
DLGAP1	HOMER3	0	0	0	0	0	0	0	0	0	0	0.943
DLGAP1	DLG1	0	0	0	0	0	0	0	0	0	0	0.952
DLGAP1	SHANK2	0	0	0	0	0	0	0	0	0	0	0.981
DLGAP1	HOMER1	0	0	0	0	0	0	0	0	0	0	0.986
DLGAP1	SHANK3	0	0	0	0	0	0	0	0	0	0	0.997
DLGAP1	DLG4	0	0	0	0	0	0	0	0	0	0	0.999
LLGL1	FYN	0	0	0	0	0	0	0	0	0	0	0.406
LLGL1	DLG2	0	0	0	0	0	0	0	0	0	0	0.84
LLGL1	UBE3A	0	0	0	0	0	0	0	0	0	0	0.905
LLGL1	DLG3	0	0	0	0	0	0	0	0	0	0	0.939
LLGL1	SCRIB	0	0	0	0	0	0	0	0	0	0	0.964
LLGL1	DLG1	0	0	0	0	0	0	0	0	0	0	0.975
LLGL1	DLG4	0	0	0	0	0	0	0	0	0	0	0.983
LLGL1	LLGL2	0	0	0	0	0	0	0	0	0	0	0.993
LLGL1	PRKCZ	0	0	0	0	0	0	0	0	0	0	0.995
GRIN2A	NLGN4X	0	0	0	0	0	0	0	0	0	0	0.471
GRIN2A	NLGN3	0	0	0	0	0	0	0	0	0	0	0.472
GRIN2A	GPHN	0	0	0	0	0	0	0	0	0	0	0.482
GRIN2A	CACNB4	0	0	0	0	0	0	0	0	0	0	0.54
GRIN2A	NLGN1	0	0	0	0	0	0	0	0	0	0	0.554
GRIN2A	SHANK2	0	0	0	0	0	0	0	0	0	0	0.555
GRIN2A	DLGAP3	0	0	0	0	0	0	0	0	0	0	0.574
GRIN2A	MAGI2	0	0	0	0	0	0	0	0	0	0	0.575
GRIN2A	DLGAP2	0	0	0	0	0	0	0	0	0	0	0.577
GRIN2A	NRXN1	0	0	0	0	0	0	0	0	0	0	0.617
GRIN2A	SHANK3	0	0	0	0	0	0	0	0	0	0	0.638
GRIN2A	AKT1	0	0	0	0	0	0	0	0	0	0	0.659
GRIN2A	HOMER1	0	0	0	0	0	0	0	0	0	0	0.768
GRIN2A	SHISA9	0	0	0	0	0	0	0	0	0	0	0.786
GRIN2A	GRIA3	0	0	0	0	0	0	0	0	0	0	0.886
GRIN2A	CALML4	0	0	0	0	0	0	0	0	0	0	0.897
GRIN2A	GRIA1	0	0	0	0	0	0	0	0	0	0	0.926
GRIN2A	CAMK2A	0	0	0	0	0	0	0	0	0	0	0.968
GRIN2A	DLG1	0	0	0	0	0	0	0	0	0	0	0.979
GRIN2A	FYN	0	0	0	0	0	0	0	0	0	0	0.981
GRIN2A	DLG2	0	0	0	0	0	0	0	0	0	0	0.997
GRIN2A	DLG3	0	0	0	0	0	0	0	0	0	0	0.998
GRIN2A	GRIN1	0	0	0	0	0	0	0	0	0	0	0.999
GRIN2A	GRIN2B	0	0	0	0	0	0	0	0	0	0	0.999
GRIN2A	GRIN3A	0	0	0	0	0	0	0	0	0	0	0.999
GRIN2A	DLG4	0	0	0	0	0	0	0	0	0	0	0.999
HOMER1	GRIA3	0	0	0	0	0	0	0	0	0	0	0.43
HOMER1	PRNP	0	0	0	0	0	0	0	0	0	0	0.521
HOMER1	DLG1	0	0	0	0	0	0	0	0	0	0	0.553
HOMER1	NRXN3	0	0	0	0	0	0	0	0	0	0	0.608
HOMER1	CALML4	0	0	0	0	0	0	0	0	0	0	0.618
HOMER1	GRIN1	0	0	0	0	0	0	0	0	0	0	0.641
HOMER1	NLGN4Y	0	0	0	0	0	0	0	0	0	0	0.649
HOMER1	GRIN2B	0	0	0	0	0	0	0	0	0	0	0.675
HOMER1	NLGN4X	0	0	0	0	0	0	0	0	0	0	0.69
HOMER1	NRXN1	0	0	0	0	0	0	0	0	0	0	0.706
HOMER1	DLG3	0	0	0	0	0	0	0	0	0	0	0.707
HOMER1	NLGN3	0	0	0	0	0	0	0	0	0	0	0.721
HOMER1	NLGN1	0	0	0	0	0	0	0	0	0	0	0.726
HOMER1	GPHN	0	0	0	0	0	0	0	0	0	0	0.733
HOMER1	DLGAP2	0	0	0	0	0	0	0	0	0	0	0.734
HOMER1	CAMK2A	0	0	0	0	0	0	0	0	0	0	0.735
HOMER1	EPB41L1	0	0	0	0	0	0	0	0	0	0	0.747
HOMER1	DLGAP3	0	0	0	0	0	0	0	0	0	0	0.816
HOMER1	DLG2	0	0	0	0	0	0	0	0	0	0	0.821
HOMER1	GRIA1	0	0	0	0	0	0	0	0	0	0	0.873
HOMER1	SHANK2	0	0	0	0	0	0	0	0	0	0	0.937
HOMER1	SHANK3	0	0	0	0	0	0	0	0	0	0	0.957
HOMER1	DLG4	0	0	0	0	0	0	0	0	0	0	0.988
HOMER1	HOMER3	0	0	0	0	0	0	0	0	0	0	0.993
EPB41L1	DLG3	0	0	0	0	0	0	0	0	0	0	0.471
EPB41L1	NRXN3	0	0	0	0	0	0	0	0	0	0	0.528
EPB41L1	NLGN3	0	0	0	0	0	0	0	0	0	0	0.543
EPB41L1	NLGN4Y	0	0	0	0	0	0	0	0	0	0	0.547
EPB41L1	CAMK2A	0	0	0	0	0	0	0	0	0	0	0.571
EPB41L1	NLGN4X	0	0	0	0	0	0	0	0	0	0	0.578
EPB41L1	NRXN1	0	0	0	0	0	0	0	0	0	0	0.592
EPB41L1	NLGN1	0	0	0	0	0	0	0	0	0	0	0.639
EPB41L1	GRIA3	0	0	0	0	0	0	0	0	0	0	0.66
EPB41L1	DLG4	0	0	0	0	0	0	0	0	0	0	0.793
EPB41L1	DLG1	0	0	0	0	0	0	0	0	0	0	0.815
EPB41L1	GRIA1	0	0	0	0	0	0	0	0	0	0	0.997
PTK2	DAG1	0	0	0	0	0	0	0	0	0	0	0.434
PTK2	CTNNB1	0	0	0	0	0	0	0	0	0	0	0.802
PTK2	AKT1	0	0	0	0	0	0	0	0	0	0	0.879
PTK2	PIK3R1	0	0	0	0	0	0	0	0	0	0	0.988
PTK2	PTEN	0	0	0	0	0	0	0	0	0	0	0.995
PTK2	FYN	0	0	0	0	0	0	0	0	0	0	0.998
SHANK2	MAGI2	0	0	0	0	0	0	0	0	0	0	0.413
SHANK2	DLG1	0	0	0	0	0	0	0	0	0	0	0.416
SHANK2	CAMK2A	0	0	0	0	0	0	0	0	0	0	0.442
SHANK2	GRIN1	0	0	0	0	0	0	0	0	0	0	0.475
SHANK2	UBE3A	0	0	0	0	0	0	0	0	0	0	0.486
SHANK2	GPHN	0	0	0	0	0	0	0	0	0	0	0.486
SHANK2	AKT1	0	0	0	0	0	0	0	0	0	0	0.539
SHANK2	GRIN3A	0	0	0	0	0	0	0	0	0	0	0.575
SHANK2	GRIN2B	0	0	0	0	0	0	0	0	0	0	0.628
SHANK2	NRXN3	0	0	0	0	0	0	0	0	0	0	0.725
SHANK2	DLG3	0	0	0	0	0	0	0	0	0	0	0.744
SHANK2	GRIA1	0	0	0	0	0	0	0	0	0	0	0.75
SHANK2	HOMER3	0	0	0	0	0	0	0	0	0	0	0.799
SHANK2	DLG2	0	0	0	0	0	0	0	0	0	0	0.811
SHANK2	NLGN4Y	0	0	0	0	0	0	0	0	0	0	0.85
SHANK2	NRXN1	0	0	0	0	0	0	0	0	0	0	0.914
SHANK2	NLGN1	0	0	0	0	0	0	0	0	0	0	0.914
SHANK2	DLGAP3	0	0	0	0	0	0	0	0	0	0	0.917
SHANK2	NLGN3	0	0	0	0	0	0	0	0	0	0	0.958
SHANK2	NLGN4X	0	0	0	0	0	0	0	0	0	0	0.964
SHANK2	DLGAP2	0	0	0	0	0	0	0	0	0	0	0.969
SHANK2	SHANK3	0	0	0	0	0	0	0	0	0	0	0.98
SHANK2	DLG4	0	0	0	0	0	0	0	0	0	0	0.993
DLG1	NLGN4Y	0	0	0	0	0	0	0	0	0	0	0.402
DLG1	NLGN4X	0	0	0	0	0	0	0	0	0	0	0.414
DLG1	NLGN3	0	0	0	0	0	0	0	0	0	0	0.436
DLG1	CALML4	0	0	0	0	0	0	0	0	0	0	0.457
DLG1	NRXN1	0	0	0	0	0	0	0	0	0	0	0.472
DLG1	NLGN1	0	0	0	0	0	0	0	0	0	0	0.483
DLG1	MAST2	0	0	0	0	0	0	0	0	0	0	0.531
DLG1	MAGI2	0	0	0	0	0	0	0	0	0	0	0.579
DLG1	SHANK3	0	0	0	0	0	0	0	0	0	0	0.587
DLG1	GRIA3	0	0	0	0	0	0	0	0	0	0	0.697
DLG1	DLGAP2	0	0	0	0	0	0	0	0	0	0	0.714
DLG1	CAMK2A	0	0	0	0	0	0	0	0	0	0	0.721
DLG1	CTNNB1	0	0	0	0	0	0	0	0	0	0	0.786
DLG1	GRIN1	0	0	0	0	0	0	0	0	0	0	0.878
DLG1	LLGL2	0	0	0	0	0	0	0	0	0	0	0.916
DLG1	SCRIB	0	0	0	0	0	0	0	0	0	0	0.917
DLG1	DLG4	0	0	0	0	0	0	0	0	0	0	0.956
DLG1	DLG2	0	0	0	0	0	0	0	0	0	0	0.962
DLG1	UBE3A	0	0	0	0	0	0	0	0	0	0	0.974
DLG1	DLG3	0	0	0	0	0	0	0	0	0	0	0.974
DLG1	GRIN2B	0	0	0	0	0	0	0	0	0	0	0.992
DLG1	PTEN	0	0	0	0	0	0	0	0	0	0	0.996
DLG1	GRIA1	0	0	0	0	0	0	0	0	0	0	0.999
MAGI2	GRIA1	0	0	0	0	0	0	0	0	0	0	0.408
MAGI2	DLGAP2	0	0	0	0	0	0	0	0	0	0	0.42
MAGI2	NRXN1	0	0	0	0	0	0	0	0	0	0	0.461
MAGI2	GRIN2B	0	0	0	0	0	0	0	0	0	0	0.595
MAGI2	DLG4	0	0	0	0	0	0	0	0	0	0	0.616
MAGI2	DLGAP3	0	0	0	0	0	0	0	0	0	0	0.633
MAGI2	DAG1	0	0	0	0	0	0	0	0	0	0	0.669
MAGI2	NLGN4Y	0	0	0	0	0	0	0	0	0	0	0.743
MAGI2	NLGN4X	0	0	0	0	0	0	0	0	0	0	0.763
MAGI2	NLGN3	0	0	0	0	0	0	0	0	0	0	0.779
MAGI2	MAST2	0	0	0	0	0	0	0	0	0	0	0.84
MAGI2	NLGN1	0	0	0	0	0	0	0	0	0	0	0.893
MAGI2	CTNNB1	0	0	0	0	0	0	0	0	0	0	0.986
MAGI2	PTEN	0	0	0	0	0	0	0	0	0	0	0.998
FYN	GRIA1	0	0	0	0	0	0	0	0	0	0	0.451
FYN	DAG1	0	0	0	0	0	0	0	0	0	0	0.484
FYN	PTEN	0	0	0	0	0	0	0	0	0	0	0.657
FYN	CALML4	0	0	0	0	0	0	0	0	0	0	0.679
FYN	DLG3	0	0	0	0	0	0	0	0	0	0	0.705
FYN	GRIN1	0	0	0	0	0	0	0	0	0	0	0.743
FYN	DLG2	0	0	0	0	0	0	0	0	0	0	0.766
FYN	AKT1	0	0	0	0	0	0	0	0	0	0	0.834
FYN	CTNNB1	0	0	0	0	0	0	0	0	0	0	0.986
FYN	PIK3R1	0	0	0	0	0	0	0	0	0	0	0.988
FYN	PRNP	0	0	0	0	0	0	0	0	0	0	0.99
FYN	GRIN2B	0	0	0	0	0	0	0	0	0	0	0.993
FYN	DLG4	0	0	0	0	0	0	0	0	0	0	0.996
NLGN4Y	GRIA1	0	0	0	0	0	0	0	0	0	0	0.412
NLGN4Y	GRIN2B	0	0	0	0	0	0	0	0	0	0	0.448
NLGN4Y	PTEN	0	0	0	0	0	0	0	0	0	0	0.464
NLGN4Y	GPHN	0	0	0	0	0	0	0	0	0	0	0.478
NLGN4Y	PRNP	0	0	0	0	0	0	0	0	0	0	0.487
NLGN4Y	CTNNB1	0	0	0	0	0	0	0	0	0	0	0.498
NLGN4Y	MDGA1	0	0	0	0	0	0	0	0	0	0	0.505
NLGN4Y	NLGN4X	0	0	0	0	0	0	0	0	0	0	0.519
NLGN4Y	NLGN1	0	0	0	0	0	0	0	0	0	0	0.523
NLGN4Y	HOMER3	0	0	0	0	0	0	0	0	0	0	0.608
NLGN4Y	DLGAP3	0	0	0	0	0	0	0	0	0	0	0.66
NLGN4Y	DLGAP2	0	0	0	0	0	0	0	0	0	0	0.669
NLGN4Y	DLG2	0	0	0	0	0	0	0	0	0	0	0.696
NLGN4Y	NLGN3	0	0	0	0	0	0	0	0	0	0	0.697
NLGN4Y	NRXN3	0	0	0	0	0	0	0	0	0	0	0.827
NLGN4Y	DLG3	0	0	0	0	0	0	0	0	0	0	0.848
NLGN4Y	SHANK3	0	0	0	0	0	0	0	0	0	0	0.899
NLGN4Y	DLG4	0	0	0	0	0	0	0	0	0	0	0.986
NLGN4Y	NRXN1	0	0	0	0	0	0	0	0	0	0	0.999
SCRIB	GRIN2B	0	0	0	0	0	0	0	0	0	0	0.494
SCRIB	PRKCZ	0	0	0	0	0	0	0	0	0	0	0.657
SCRIB	AKT1	0	0	0	0	0	0	0	0	0	0	0.712
SCRIB	PTEN	0	0	0	0	0	0	0	0	0	0	0.834
SCRIB	DLG2	0	0	0	0	0	0	0	0	0	0	0.856
SCRIB	CTNNB1	0	0	0	0	0	0	0	0	0	0	0.88
SCRIB	DLG3	0	0	0	0	0	0	0	0	0	0	0.908
SCRIB	DLG4	0	0	0	0	0	0	0	0	0	0	0.921
SCRIB	LLGL2	0	0	0	0	0	0	0	0	0	0	0.959
SCRIB	UBE3A	0	0	0	0	0	0	0	0	0	0	0.98
NLGN3	NXPH1	0	0	0	0	0	0	0	0	0	0	0.418
NLGN3	GRIN1	0	0	0	0	0	0	0	0	0	0	0.446
NLGN3	PRNP	0	0	0	0	0	0	0	0	0	0	0.48
NLGN3	CTNNB1	0	0	0	0	0	0	0	0	0	0	0.513
NLGN3	GRIA1	0	0	0	0	0	0	0	0	0	0	0.536
NLGN3	GRIN2B	0	0	0	0	0	0	0	0	0	0	0.573
NLGN3	PTEN	0	0	0	0	0	0	0	0	0	0	0.591
NLGN3	GPHN	0	0	0	0	0	0	0	0	0	0	0.648
NLGN3	HOMER3	0	0	0	0	0	0	0	0	0	0	0.65
NLGN3	UBE3A	0	0	0	0	0	0	0	0	0	0	0.667
NLGN3	MDGA1	0	0	0	0	0	0	0	0	0	0	0.686
NLGN3	DLGAP3	0	0	0	0	0	0	0	0	0	0	0.763
NLGN3	DLG2	0	0	0	0	0	0	0	0	0	0	0.776
NLGN3	NLGN4X	0	0	0	0	0	0	0	0	0	0	0.796
NLGN3	NLGN1	0	0	0	0	0	0	0	0	0	0	0.799
NLGN3	DLGAP2	0	0	0	0	0	0	0	0	0	0	0.839
NLGN3	DLG3	0	0	0	0	0	0	0	0	0	0	0.885
NLGN3	NRXN3	0	0	0	0	0	0	0	0	0	0	0.94
NLGN3	SHANK3	0	0	0	0	0	0	0	0	0	0	0.993
NLGN3	DLG4	0	0	0	0	0	0	0	0	0	0	0.995
NLGN3	NRXN1	0	0	0	0	0	0	0	0	0	0	0.999
MAST2	PTEN	0	0	0	0	0	0	0	0	0	0	0.993
GRIN3A	DLG3	0	0	0	0	0	0	0	0	0	0	0.68
GRIN3A	SHISA9	0	0	0	0	0	0	0	0	0	0	0.784
GRIN3A	GRIA3	0	0	0	0	0	0	0	0	0	0	0.802
GRIN3A	GRIA1	0	0	0	0	0	0	0	0	0	0	0.815
GRIN3A	DLG4	0	0	0	0	0	0	0	0	0	0	0.966
GRIN3A	GRIN1	0	0	0	0	0	0	0	0	0	0	0.999
GRIN3A	GRIN2B	0	0	0	0	0	0	0	0	0	0	0.999
PSMD4	SPOP	0	0	0	0	0	0	0	0	0	0	0.425
PSMD4	UBE2L3	0	0	0	0	0	0	0	0	0	0	0.434
PSMD4	UBE2D2	0	0	0	0	0	0	0	0	0	0	0.501
PSMD4	PTEN	0	0	0	0	0	0	0	0	0	0	0.606
PSMD4	UBE2D1	0	0	0	0	0	0	0	0	0	0	0.668
PSMD4	PRNP	0	0	0	0	0	0	0	0	0	0	0.68
PSMD4	UBE3A	0	0	0	0	0	0	0	0	0	0	0.994
PSMD4	RAD23A	0	0	0	0	0	0	0	0	0	0	0.999
GRIN1	NLGN4X	0	0	0	0	0	0	0	0	0	0	0.422
GRIN1	DLGAP2	0	0	0	0	0	0	0	0	0	0	0.442
GRIN1	GPHN	0	0	0	0	0	0	0	0	0	0	0.446
GRIN1	NRXN1	0	0	0	0	0	0	0	0	0	0	0.449
GRIN1	DLGAP3	0	0	0	0	0	0	0	0	0	0	0.507
GRIN1	SHANK3	0	0	0	0	0	0	0	0	0	0	0.568
GRIN1	NLGN1	0	0	0	0	0	0	0	0	0	0	0.611
GRIN1	SHISA9	0	0	0	0	0	0	0	0	0	0	0.75
GRIN1	DLG2	0	0	0	0	0	0	0	0	0	0	0.761
GRIN1	GRIA3	0	0	0	0	0	0	0	0	0	0	0.877
GRIN1	DLG3	0	0	0	0	0	0	0	0	0	0	0.879
GRIN1	GRIA1	0	0	0	0	0	0	0	0	0	0	0.907
GRIN1	CAMK2A	0	0	0	0	0	0	0	0	0	0	0.911
GRIN1	CALML4	0	0	0	0	0	0	0	0	0	0	0.964
GRIN1	DLG4	0	0	0	0	0	0	0	0	0	0	0.998
GRIN1	GRIN2B	0	0	0	0	0	0	0	0	0	0	0.999
PTEN	UBE2D2	0	0	0	0	0	0	0	0	0	0	0.407
PTEN	CALML4	0	0	0	0	0	0	0	0	0	0	0.413
PTEN	SHANK3	0	0	0	0	0	0	0	0	0	0	0.483
PTEN	NLGN1	0	0	0	0	0	0	0	0	0	0	0.496
PTEN	GRIN2B	0	0	0	0	0	0	0	0	0	0	0.547
PTEN	NLGN4X	0	0	0	0	0	0	0	0	0	0	0.556
PTEN	UBE2L3	0	0	0	0	0	0	0	0	0	0	0.571
PTEN	DLG4	0	0	0	0	0	0	0	0	0	0	0.745
PTEN	CTNNB1	0	0	0	0	0	0	0	0	0	0	0.943
PTEN	PRKCZ	0	0	0	0	0	0	0	0	0	0	0.958
PTEN	UBE3A	0	0	0	0	0	0	0	0	0	0	0.96
PTEN	AKT1	0	0	0	0	0	0	0	0	0	0	0.988
PTEN	SPOP	0	0	0	0	0	0	0	0	0	0	0.99
PTEN	PIK3R1	0	0	0	0	0	0	0	0	0	0	0.997
DLGAP3	CAMK2A	0	0	0	0	0	0	0	0	0	0	0.451
DLGAP3	GRIA1	0	0	0	0	0	0	0	0	0	0	0.507
DLGAP3	NRXN3	0	0	0	0	0	0	0	0	0	0	0.634
DLGAP3	HOMER3	0	0	0	0	0	0	0	0	0	0	0.72
DLGAP3	NRXN1	0	0	0	0	0	0	0	0	0	0	0.733
DLGAP3	NLGN4X	0	0	0	0	0	0	0	0	0	0	0.737
DLGAP3	NLGN1	0	0	0	0	0	0	0	0	0	0	0.737
DLGAP3	GRIN2B	0	0	0	0	0	0	0	0	0	0	0.753
DLGAP3	DLG3	0	0	0	0	0	0	0	0	0	0	0.835
DLGAP3	DLG2	0	0	0	0	0	0	0	0	0	0	0.847
DLGAP3	DLGAP2	0	0	0	0	0	0	0	0	0	0	0.868
DLGAP3	SHANK3	0	0	0	0	0	0	0	0	0	0	0.992
DLGAP3	DLG4	0	0	0	0	0	0	0	0	0	0	0.993
UBE2D1	CTNNB1	0	0	0	0	0	0	0	0	0	0	0.456
UBE2D1	SPOP	0	0	0	0	0	0	0	0	0	0	0.505
UBE2D1	UBE2L3	0	0	0	0	0	0	0	0	0	0	0.654
UBE2D1	UBE2D2	0	0	0	0	0	0	0	0	0	0	0.943
UBE2D1	UBE3A	0	0	0	0	0	0	0	0	0	0	0.984
DLG3	GPHN	0	0	0	0	0	0	0	0	0	0	0.472
DLG3	SHISA9	0	0	0	0	0	0	0	0	0	0	0.513
DLG3	NRXN3	0	0	0	0	0	0	0	0	0	0	0.593
DLG3	HOMER3	0	0	0	0	0	0	0	0	0	0	0.633
DLG3	GRIA3	0	0	0	0	0	0	0	0	0	0	0.644
DLG3	CAMK2A	0	0	0	0	0	0	0	0	0	0	0.688
DLG3	NRXN1	0	0	0	0	0	0	0	0	0	0	0.717
DLG3	SHANK3	0	0	0	0	0	0	0	0	0	0	0.759
DLG3	GRIA1	0	0	0	0	0	0	0	0	0	0	0.815
DLG3	NLGN4X	0	0	0	0	0	0	0	0	0	0	0.863
DLG3	DLGAP2	0	0	0	0	0	0	0	0	0	0	0.872
DLG3	LLGL2	0	0	0	0	0	0	0	0	0	0	0.887
DLG3	NLGN1	0	0	0	0	0	0	0	0	0	0	0.892
DLG3	UBE3A	0	0	0	0	0	0	0	0	0	0	0.913
DLG3	DLG2	0	0	0	0	0	0	0	0	0	0	0.984
DLG3	DLG4	0	0	0	0	0	0	0	0	0	0	0.997
DLG3	GRIN2B	0	0	0	0	0	0	0	0	0	0	0.998
DLG2	CACNB4	0	0	0	0	0	0	0	0	0	0	0.455
DLG2	GPHN	0	0	0	0	0	0	0	0	0	0	0.607
DLG2	HOMER3	0	0	0	0	0	0	0	0	0	0	0.645
DLG2	GRIA3	0	0	0	0	0	0	0	0	0	0	0.655
DLG2	NRXN3	0	0	0	0	0	0	0	0	0	0	0.682
DLG2	CAMK2A	0	0	0	0	0	0	0	0	0	0	0.688
DLG2	NLGN4X	0	0	0	0	0	0	0	0	0	0	0.713
DLG2	NRXN1	0	0	0	0	0	0	0	0	0	0	0.778
DLG2	DLGAP2	0	0	0	0	0	0	0	0	0	0	0.811
DLG2	LLGL2	0	0	0	0	0	0	0	0	0	0	0.844
DLG2	NLGN1	0	0	0	0	0	0	0	0	0	0	0.868
DLG2	GRIA1	0	0	0	0	0	0	0	0	0	0	0.908
DLG2	UBE3A	0	0	0	0	0	0	0	0	0	0	0.913
DLG2	SHANK3	0	0	0	0	0	0	0	0	0	0	0.919
DLG2	DLG4	0	0	0	0	0	0	0	0	0	0	0.969
DLG2	GRIN2B	0	0	0	0	0	0	0	0	0	0	0.996
PRKCZ	CTNNB1	0	0	0	0	0	0	0	0	0	0	0.653
PRKCZ	PIK3R1	0	0	0	0	0	0	0	0	0	0	0.933
PRKCZ	AKT1	0	0	0	0	0	0	0	0	0	0	0.974
PRKCZ	LLGL2	0	0	0	0	0	0	0	0	0	0	0.994
NLGN4X	NXPH1	0	0	0	0	0	0	0	0	0	0	0.407
NLGN4X	PRNP	0	0	0	0	0	0	0	0	0	0	0.475
NLGN4X	CTNNB1	0	0	0	0	0	0	0	0	0	0	0.508
NLGN4X	GRIA1	0	0	0	0	0	0	0	0	0	0	0.514
NLGN4X	GRIN2B	0	0	0	0	0	0	0	0	0	0	0.546
NLGN4X	NLGN1	0	0	0	0	0	0	0	0	0	0	0.548
NLGN4X	MDGA1	0	0	0	0	0	0	0	0	0	0	0.613
NLGN4X	HOMER3	0	0	0	0	0	0	0	0	0	0	0.619
NLGN4X	UBE3A	0	0	0	0	0	0	0	0	0	0	0.633
NLGN4X	GPHN	0	0	0	0	0	0	0	0	0	0	0.767
NLGN4X	DLGAP2	0	0	0	0	0	0	0	0	0	0	0.841
NLGN4X	NRXN3	0	0	0	0	0	0	0	0	0	0	0.859
NLGN4X	SHANK3	0	0	0	0	0	0	0	0	0	0	0.995
NLGN4X	DLG4	0	0	0	0	0	0	0	0	0	0	0.995
NLGN4X	NRXN1	0	0	0	0	0	0	0	0	0	0	0.999
LLGL2	UBE3A	0	0	0	0	0	0	0	0	0	0	0.901
LLGL2	DLG4	0	0	0	0	0	0	0	0	0	0	0.982
SPOP	CTNNB1	0	0	0	0	0	0	0	0	0	0	0.407
SPOP	PIK3R1	0	0	0	0	0	0	0	0	0	0	0.421
SPOP	UBE2D2	0	0	0	0	0	0	0	0	0	0	0.662
UBE2D2	RAD23A	0	0	0	0	0	0	0	0	0	0	0.404
UBE2D2	CTNNB1	0	0	0	0	0	0	0	0	0	0	0.429
UBE2D2	UBE2L3	0	0	0	0	0	0	0	0	0	0	0.683
UBE2D2	UBE3A	0	0	0	0	0	0	0	0	0	0	0.984
NXPH1	NLGN1	0	0	0	0	0	0	0	0	0	0	0.525
NXPH1	NRXN3	0	0	0	0	0	0	0	0	0	0	0.671
NXPH1	NRXN1	0	0	0	0	0	0	0	0	0	0	0.973
NRXN1	GRIA3	0	0	0	0	0	0	0	0	0	0	0.509
NRXN1	UBE3A	0	0	0	0	0	0	0	0	0	0	0.532
NRXN1	CAMK2A	0	0	0	0	0	0	0	0	0	0	0.542
NRXN1	MDGA1	0	0	0	0	0	0	0	0	0	0	0.592
NRXN1	GRIA1	0	0	0	0	0	0	0	0	0	0	0.6
NRXN1	HOMER3	0	0	0	0	0	0	0	0	0	0	0.619
NRXN1	NRXN3	0	0	0	0	0	0	0	0	0	0	0.752
NRXN1	DLGAP2	0	0	0	0	0	0	0	0	0	0	0.803
NRXN1	GPHN	0	0	0	0	0	0	0	0	0	0	0.831
NRXN1	GRIN2B	0	0	0	0	0	0	0	0	0	0	0.832
NRXN1	SHANK3	0	0	0	0	0	0	0	0	0	0	0.961
NRXN1	DLG4	0	0	0	0	0	0	0	0	0	0	0.991
NRXN1	DAG1	0	0	0	0	0	0	0	0	0	0	0.998
NRXN1	NLGN1	0	0	0	0	0	0	0	0	0	0	0.999
NLGN1	CAMK2A	0	0	0	0	0	0	0	0	0	0	0.414
NLGN1	PRNP	0	0	0	0	0	0	0	0	0	0	0.538
NLGN1	UBE3A	0	0	0	0	0	0	0	0	0	0	0.548
NLGN1	CTNNB1	0	0	0	0	0	0	0	0	0	0	0.553
NLGN1	GRIA1	0	0	0	0	0	0	0	0	0	0	0.633
NLGN1	HOMER3	0	0	0	0	0	0	0	0	0	0	0.643
NLGN1	MDGA1	0	0	0	0	0	0	0	0	0	0	0.676
NLGN1	GPHN	0	0	0	0	0	0	0	0	0	0	0.722
NLGN1	GRIN2B	0	0	0	0	0	0	0	0	0	0	0.755
NLGN1	DLGAP2	0	0	0	0	0	0	0	0	0	0	0.811
NLGN1	NRXN3	0	0	0	0	0	0	0	0	0	0	0.964
NLGN1	SHANK3	0	0	0	0	0	0	0	0	0	0	0.978
NLGN1	DLG4	0	0	0	0	0	0	0	0	0	0	0.999
PRNP	AKT1	0	0	0	0	0	0	0	0	0	0	0.424
PRNP	GRIN2B	0	0	0	0	0	0	0	0	0	0	0.452
PRNP	DLG4	0	0	0	0	0	0	0	0	0	0	0.507
UBE2L3	RAD23A	0	0	0	0	0	0	0	0	0	0	0.437
UBE2L3	UBE3A	0	0	0	0	0	0	0	0	0	0	0.999
GPHN	NRXN3	0	0	0	0	0	0	0	0	0	0	0.404
GPHN	CAMK2A	0	0	0	0	0	0	0	0	0	0	0.418
GPHN	AKT1	0	0	0	0	0	0	0	0	0	0	0.472
GPHN	GRIN2B	0	0	0	0	0	0	0	0	0	0	0.526
GPHN	SHANK3	0	0	0	0	0	0	0	0	0	0	0.541
GPHN	GRIA1	0	0	0	0	0	0	0	0	0	0	0.621
GPHN	DLG4	0	0	0	0	0	0	0	0	0	0	0.884
CALML4	ADORA2A	0	0	0	0	0	0	0	0	0	0	0.446
CALML4	HOMER3	0	0	0	0	0	0	0	0	0	0	0.527
CALML4	GRIA1	0	0	0	0	0	0	0	0	0	0	0.586
CALML4	CTNNB1	0	0	0	0	0	0	0	0	0	0	0.631
CALML4	AKT1	0	0	0	0	0	0	0	0	0	0	0.713
CALML4	DLG4	0	0	0	0	0	0	0	0	0	0	0.892
CALML4	GRIN2B	0	0	0	0	0	0	0	0	0	0	0.926
CALML4	CAMK2A	0	0	0	0	0	0	0	0	0	0	0.999
PIK3R1	CTNNB1	0	0	0	0	0	0	0	0	0	0	0.858
PIK3R1	AKT1	0	0	0	0	0	0	0	0	0	0	0.995
GRIA1	NRXN3	0	0	0	0	0	0	0	0	0	0	0.404
GRIA1	DLGAP2	0	0	0	0	0	0	0	0	0	0	0.427
GRIA1	CACNB4	0	0	0	0	0	0	0	0	0	0	0.45
GRIA1	AKT1	0	0	0	0	0	0	0	0	0	0	0.48
GRIA1	UBE3A	0	0	0	0	0	0	0	0	0	0	0.592
GRIA1	SHANK3	0	0	0	0	0	0	0	0	0	0	0.623
GRIA1	GRIN2B	0	0	0	0	0	0	0	0	0	0	0.934
GRIA1	SHISA9	0	0	0	0	0	0	0	0	0	0	0.984
GRIA1	DLG4	0	0	0	0	0	0	0	0	0	0	0.994
GRIA1	GRIA3	0	0	0	0	0	0	0	0	0	0	0.999
GRIA1	CAMK2A	0	0	0	0	0	0	0	0	0	0	0.999
CACNB4	CAMK2A	0	0	0	0	0	0	0	0	0	0	0.717
HOMER3	AKT1	0	0	0	0	0	0	0	0	0	0	0.421
HOMER3	GRIN2B	0	0	0	0	0	0	0	0	0	0	0.466
HOMER3	NRXN3	0	0	0	0	0	0	0	0	0	0	0.516
HOMER3	DLGAP2	0	0	0	0	0	0	0	0	0	0	0.698
HOMER3	DLG4	0	0	0	0	0	0	0	0	0	0	0.868
HOMER3	SHANK3	0	0	0	0	0	0	0	0	0	0	0.884
DAG1	NRXN3	0	0	0	0	0	0	0	0	0	0	0.47
AKT1	ADORA2A	0	0	0	0	0	0	0	0	0	0	0.428
AKT1	GRIN2B	0	0	0	0	0	0	0	0	0	0	0.51
AKT1	SHANK3	0	0	0	0	0	0	0	0	0	0	0.548
AKT1	DLG4	0	0	0	0	0	0	0	0	0	0	0.747
AKT1	CTNNB1	0	0	0	0	0	0	0	0	0	0	0.979
SHISA9	GRIN2B	0	0	0	0	0	0	0	0	0	0	0.779
SHISA9	GRIA3	0	0	0	0	0	0	0	0	0	0	0.824
SHISA9	DLG4	0	0	0	0	0	0	0	0	0	0	0.858
RAD23A	UBE3A	0	0	0	0	0	0	0	0	0	0	0.974
GRIN2B	ADORA2A	0	0	0	0	0	0	0	0	0	0	0.414
GRIN2B	NRXN3	0	0	0	0	0	0	0	0	0	0	0.414
GRIN2B	DLGAP2	0	0	0	0	0	0	0	0	0	0	0.514
GRIN2B	CTNNB1	0	0	0	0	0	0	0	0	0	0	0.757
GRIN2B	SHANK3	0	0	0	0	0	0	0	0	0	0	0.785
GRIN2B	GRIA3	0	0	0	0	0	0	0	0	0	0	0.823
GRIN2B	DLG4	0	0	0	0	0	0	0	0	0	0	0.999
GRIN2B	CAMK2A	0	0	0	0	0	0	0	0	0	0	0.999
GRIA3	CAMK2A	0	0	0	0	0	0	0	0	0	0	0.808
GRIA3	DLG4	0	0	0	0	0	0	0	0	0	0	0.873
SHANK3	CAMK2A	0	0	0	0	0	0	0	0	0	0	0.509
SHANK3	UBE3A	0	0	0	0	0	0	0	0	0	0	0.647
SHANK3	NRXN3	0	0	0	0	0	0	0	0	0	0	0.703
SHANK3	DLGAP2	0	0	0	0	0	0	0	0	0	0	0.988
SHANK3	DLG4	0	0	0	0	0	0	0	0	0	0	0.996
NRXN3	CAMK2A	0	0	0	0	0	0	0	0	0	0	0.404
NRXN3	DLGAP2	0	0	0	0	0	0	0	0	0	0	0.645
NRXN3	DLG4	0	0	0	0	0	0	0	0	0	0	0.858
DLGAP2	CAMK2A	0	0	0	0	0	0	0	0	0	0	0.436
DLGAP2	DLG4	0	0	0	0	0	0	0	0	0	0	0.891
CTNNB1	DLG4	0	0	0	0	0	0	0	0	0	0	0.538
CTNNB1	UBE3A	0	0	0	0	0	0	0	0	0	0	0.974
UBE3A	DLG4	0	0	0	0	0	0	0	0	0	0	0.447
DLG4	CAMK2A	0	0	0	0	0	0	0	0	0	0	0.92
CBLN1	DLG4	0	0	0	0	0	0	0	0	0	0	0.402
CBLN1	NLGN3	0	0	0	0	0	0	0	0	0	0	0.507
CBLN1	NLGN2	0	0	0	0	0	0	0	0	0	0	0.559
CBLN1	NLGN4X	0	0	0	0	0	0	0	0	0	0	0.56
CBLN1	NRXN3	0	0	0	0	0	0	0	0	0	0	0.565
CBLN1	NLGN1	0	0	0	0	0	0	0	0	0	0	0.611
CBLN1	LRRTM2	0	0	0	0	0	0	0	0	0	0	0.717
CBLN1	NRXN2	0	0	0	0	0	0	0	0	0	0	0.989
CBLN1	NRXN1	0	0	0	0	0	0	0	0	0	0	0.994
TSC2	NLGN4X	0	0	0	0	0	0	0	0	0	0	0.459
TSC2	NLGN3	0	0	0	0	0	0	0	0	0	0	0.471
TSC2	PTK2	0	0	0	0	0	0	0	0	0	0	0.476
TSC2	CTNNB1	0	0	0	0	0	0	0	0	0	0	0.517
TSC2	PIK3R1	0	0	0	0	0	0	0	0	0	0	0.524
TSC2	SHANK3	0	0	0	0	0	0	0	0	0	0	0.537
TSC2	PIK3CA	0	0	0	0	0	0	0	0	0	0	0.687
TSC2	TP53	0	0	0	0	0	0	0	0	0	0	0.713
TSC2	PTEN	0	0	0	0	0	0	0	0	0	0	0.889
TSC2	UBE3A	0	0	0	0	0	0	0	0	0	0	0.981
TSC2	AKT1	0	0	0	0	0	0	0	0	0	0	0.99
CACNG1	CAMK2A	0	0	0	0	0	0	0	0	0	0	0.725
CACNG1	CACNB4	0	0	0	0	0	0	0	0	0	0	0.935
CACNG1	CACNG2	0	0	0	0	0	0	0	0	0	0	0.962
CACNG1	CACNG8	0	0	0	0	0	0	0	0	0	0	0.968
GRIN3B	GRM5	0	0	0	0	0	0	0	0	0	0	0.419
GRIN3B	GRM1	0	0	0	0	0	0	0	0	0	0	0.466
GRIN3B	DLG3	0	0	0	0	0	0	0	0	0	0	0.598
GRIN3B	CNIH2	0	0	0	0	0	0	0	0	0	0	0.746
GRIN3B	SHISA9	0	0	0	0	0	0	0	0	0	0	0.748
GRIN3B	CACNG8	0	0	0	0	0	0	0	0	0	0	0.758
GRIN3B	GRIA2	0	0	0	0	0	0	0	0	0	0	0.787
GRIN3B	GRIA3	0	0	0	0	0	0	0	0	0	0	0.791
GRIN3B	GRIA4	0	0	0	0	0	0	0	0	0	0	0.811
GRIN3B	GRIA1	0	0	0	0	0	0	0	0	0	0	0.84
GRIN3B	CACNG2	0	0	0	0	0	0	0	0	0	0	0.845
GRIN3B	DLG4	0	0	0	0	0	0	0	0	0	0	0.942
GRIN3B	GRIN3A	0	0	0	0	0	0	0	0	0	0	0.995
GRIN3B	GRIN2C	0	0	0	0	0	0	0	0	0	0	0.996
GRIN3B	GRIN2B	0	0	0	0	0	0	0	0	0	0	0.996
GRIN3B	GRIN2D	0	0	0	0	0	0	0	0	0	0	0.996
GRIN3B	GRIN2A	0	0	0	0	0	0	0	0	0	0	0.998
GRIN3B	GRIN1	0	0	0	0	0	0	0	0	0	0	0.999
GRIN2D	DLGAP3	0	0	0	0	0	0	0	0	0	0	0.451
GRIN2D	GRM5	0	0	0	0	0	0	0	0	0	0	0.556
GRIN2D	DLG1	0	0	0	0	0	0	0	0	0	0	0.604
GRIN2D	CAMK2A	0	0	0	0	0	0	0	0	0	0	0.607
GRIN2D	DLGAP1	0	0	0	0	0	0	0	0	0	0	0.617
GRIN2D	DLG2	0	0	0	0	0	0	0	0	0	0	0.634
GRIN2D	DLG3	0	0	0	0	0	0	0	0	0	0	0.659
GRIN2D	GRM1	0	0	0	0	0	0	0	0	0	0	0.678
GRIN2D	CALML4	0	0	0	0	0	0	0	0	0	0	0.74
GRIN2D	CALML3	0	0	0	0	0	0	0	0	0	0	0.74
GRIN2D	CALM3	0	0	0	0	0	0	0	0	0	0	0.755
GRIN2D	CNIH2	0	0	0	0	0	0	0	0	0	0	0.761
GRIN2D	SHISA9	0	0	0	0	0	0	0	0	0	0	0.767
GRIN2D	CACNG8	0	0	0	0	0	0	0	0	0	0	0.778
GRIN2D	PRNP	0	0	0	0	0	0	0	0	0	0	0.779
GRIN2D	CACNG2	0	0	0	0	0	0	0	0	0	0	0.795
GRIN2D	GRIA3	0	0	0	0	0	0	0	0	0	0	0.799
GRIN2D	GRIA2	0	0	0	0	0	0	0	0	0	0	0.8
GRIN2D	GRIA1	0	0	0	0	0	0	0	0	0	0	0.816
GRIN2D	GRIA4	0	0	0	0	0	0	0	0	0	0	0.864
GRIN2D	DLG4	0	0	0	0	0	0	0	0	0	0	0.976
GRIN2D	GRIN3A	0	0	0	0	0	0	0	0	0	0	0.998
GRIN2D	GRIN2B	0	0	0	0	0	0	0	0	0	0	0.998
GRIN2D	GRIN2A	0	0	0	0	0	0	0	0	0	0	0.998
GRIN2D	GRIN2C	0	0	0	0	0	0	0	0	0	0	0.998
GRIN2D	GRIN1	0	0	0	0	0	0	0	0	0	0	0.999
PIK3CA	CALML4	0	0	0	0	0	0	0	0	0	0	0.517
PIK3CA	CALML3	0	0	0	0	0	0	0	0	0	0	0.518
PIK3CA	SPOP	0	0	0	0	0	0	0	0	0	0	0.523
PIK3CA	DLG1	0	0	0	0	0	0	0	0	0	0	0.569
PIK3CA	PREX2	0	0	0	0	0	0	0	0	0	0	0.58
PIK3CA	GNAQ	0	0	0	0	0	0	0	0	0	0	0.901
PIK3CA	CTNNB1	0	0	0	0	0	0	0	0	0	0	0.901
PIK3CA	PRKCZ	0	0	0	0	0	0	0	0	0	0	0.925
PIK3CA	TP53	0	0	0	0	0	0	0	0	0	0	0.941
PIK3CA	FYN	0	0	0	0	0	0	0	0	0	0	0.951
PIK3CA	PRKCI	0	0	0	0	0	0	0	0	0	0	0.952
PIK3CA	PTK2	0	0	0	0	0	0	0	0	0	0	0.97
PIK3CA	PTEN	0	0	0	0	0	0	0	0	0	0	0.995
PIK3CA	AKT1	0	0	0	0	0	0	0	0	0	0	0.998
PIK3CA	PIK3R1	0	0	0	0	0	0	0	0	0	0	0.999
NRXN2	CACNG2	0	0	0	0	0	0	0	0	0	0	0.408
NRXN2	GRIN1	0	0	0	0	0	0	0	0	0	0	0.436
NRXN2	GRIN2A	0	0	0	0	0	0	0	0	0	0	0.452
NRXN2	DLG1	0	0	0	0	0	0	0	0	0	0	0.457
NRXN2	CAMK2A	0	0	0	0	0	0	0	0	0	0	0.507
NRXN2	GRIN2B	0	0	0	0	0	0	0	0	0	0	0.516
NRXN2	GRIA1	0	0	0	0	0	0	0	0	0	0	0.538
NRXN2	NRXN3	0	0	0	0	0	0	0	0	0	0	0.585
NRXN2	HOMER2	0	0	0	0	0	0	0	0	0	0	0.592
NRXN2	EPB41L1	0	0	0	0	0	0	0	0	0	0	0.599
NRXN2	GRIA2	0	0	0	0	0	0	0	0	0	0	0.607
NRXN2	MDGA1	0	0	0	0	0	0	0	0	0	0	0.612
NRXN2	HOMER3	0	0	0	0	0	0	0	0	0	0	0.619
NRXN2	GRM1	0	0	0	0	0	0	0	0	0	0	0.676
NRXN2	GRIA4	0	0	0	0	0	0	0	0	0	0	0.684
NRXN2	HOMER1	0	0	0	0	0	0	0	0	0	0	0.687
NRXN2	DLG3	0	0	0	0	0	0	0	0	0	0	0.713
NRXN2	GRM5	0	0	0	0	0	0	0	0	0	0	0.713
NRXN2	DLGAP2	0	0	0	0	0	0	0	0	0	0	0.714
NRXN2	DLGAP3	0	0	0	0	0	0	0	0	0	0	0.719
NRXN2	DLG2	0	0	0	0	0	0	0	0	0	0	0.741
NRXN2	DLGAP1	0	0	0	0	0	0	0	0	0	0	0.743
NRXN2	NXPH1	0	0	0	0	0	0	0	0	0	0	0.827
NRXN2	GPHN	0	0	0	0	0	0	0	0	0	0	0.831
NRXN2	SHANK1	0	0	0	0	0	0	0	0	0	0	0.876
NRXN2	SHANK2	0	0	0	0	0	0	0	0	0	0	0.88
NRXN2	SHANK3	0	0	0	0	0	0	0	0	0	0	0.897
NRXN2	NRXN1	0	0	0	0	0	0	0	0	0	0	0.922
NRXN2	DLG4	0	0	0	0	0	0	0	0	0	0	0.987
NRXN2	LRRTM2	0	0	0	0	0	0	0	0	0	0	0.993
NRXN2	DAG1	0	0	0	0	0	0	0	0	0	0	0.997
NRXN2	NLGN2	0	0	0	0	0	0	0	0	0	0	0.999
NRXN2	NLGN1	0	0	0	0	0	0	0	0	0	0	0.999
NRXN2	NLGN3	0	0	0	0	0	0	0	0	0	0	0.999
NRXN2	NLGN4Y	0	0	0	0	0	0	0	0	0	0	0.999
NRXN2	NLGN4X	0	0	0	0	0	0	0	0	0	0	0.999
TP53	GNAQ	0	0	0	0	0	0	0	0	0	0	0.479
TP53	UBE2L3	0	0	0	0	0	0	0	0	0	0	0.5
TP53	CALM3	0	0	0	0	0	0	0	0	0	0	0.508
TP53	UBE2D2	0	0	0	0	0	0	0	0	0	0	0.531
TP53	DLG1	0	0	0	0	0	0	0	0	0	0	0.533
TP53	SPOP	0	0	0	0	0	0	0	0	0	0	0.571
TP53	UBE2D1	0	0	0	0	0	0	0	0	0	0	0.578
TP53	SCRIB	0	0	0	0	0	0	0	0	0	0	0.587
TP53	CALML4	0	0	0	0	0	0	0	0	0	0	0.657
TP53	RAD23A	0	0	0	0	0	0	0	0	0	0	0.657
TP53	CALML3	0	0	0	0	0	0	0	0	0	0	0.657
TP53	FYN	0	0	0	0	0	0	0	0	0	0	0.657
TP53	PRKCI	0	0	0	0	0	0	0	0	0	0	0.661
TP53	DLG4	0	0	0	0	0	0	0	0	0	0	0.734
TP53	PIK3R1	0	0	0	0	0	0	0	0	0	0	0.853
TP53	PSMD4	0	0	0	0	0	0	0	0	0	0	0.88
TP53	CTNNB1	0	0	0	0	0	0	0	0	0	0	0.927
TP53	PTK2	0	0	0	0	0	0	0	0	0	0	0.928
TP53	PRKCZ	0	0	0	0	0	0	0	0	0	0	0.933
TP53	AKT1	0	0	0	0	0	0	0	0	0	0	0.994
TP53	UBE3A	0	0	0	0	0	0	0	0	0	0	0.999
TP53	PTEN	0	0	0	0	0	0	0	0	0	0	0.999
CACNG8	EPB41L1	0	0	0	0	0	0	0	0	0	0	0.46
CACNG8	NLGN1	0	0	0	0	0	0	0	0	0	0	0.514
CACNG8	DLG1	0	0	0	0	0	0	0	0	0	0	0.584
CACNG8	DLG3	0	0	0	0	0	0	0	0	0	0	0.649
CACNG8	GRIN3A	0	0	0	0	0	0	0	0	0	0	0.743
CACNG8	CACNG2	0	0	0	0	0	0	0	0	0	0	0.748
CACNG8	GRIN2C	0	0	0	0	0	0	0	0	0	0	0.761
CACNG8	CAMK2A	0	0	0	0	0	0	0	0	0	0	0.782
CACNG8	GRIN1	0	0	0	0	0	0	0	0	0	0	0.799
CACNG8	GRIN2A	0	0	0	0	0	0	0	0	0	0	0.812
CACNG8	GRIN2B	0	0	0	0	0	0	0	0	0	0	0.822
CACNG8	DLG4	0	0	0	0	0	0	0	0	0	0	0.901
CACNG8	GRIA3	0	0	0	0	0	0	0	0	0	0	0.936
CACNG8	GRIA4	0	0	0	0	0	0	0	0	0	0	0.936
CACNG8	CACNB4	0	0	0	0	0	0	0	0	0	0	0.94
CACNG8	SHISA9	0	0	0	0	0	0	0	0	0	0	0.948
CACNG8	CNIH2	0	0	0	0	0	0	0	0	0	0	0.99
CACNG8	GRIA2	0	0	0	0	0	0	0	0	0	0	0.994
CACNG8	GRIA1	0	0	0	0	0	0	0	0	0	0	0.996
LRRTM2	MDGA1	0	0	0	0	0	0	0	0	0	0	0.419
LRRTM2	GPHN	0	0	0	0	0	0	0	0	0	0	0.464
LRRTM2	NLGN4Y	0	0	0	0	0	0	0	0	0	0	0.474
LRRTM2	GRIA1	0	0	0	0	0	0	0	0	0	0	0.493
LRRTM2	NLGN2	0	0	0	0	0	0	0	0	0	0	0.65
LRRTM2	GRIA2	0	0	0	0	0	0	0	0	0	0	0.681
LRRTM2	NLGN4X	0	0	0	0	0	0	0	0	0	0	0.724
LRRTM2	NLGN3	0	0	0	0	0	0	0	0	0	0	0.725
LRRTM2	NLGN1	0	0	0	0	0	0	0	0	0	0	0.815
LRRTM2	DLG4	0	0	0	0	0	0	0	0	0	0	0.902
LRRTM2	NRXN3	0	0	0	0	0	0	0	0	0	0	0.92
LRRTM2	NRXN1	0	0	0	0	0	0	0	0	0	0	0.997
GRIA4	HOMER1	0	0	0	0	0	0	0	0	0	0	0.42
GRIA4	NXPH1	0	0	0	0	0	0	0	0	0	0	0.421
GRIA4	DLGAP1	0	0	0	0	0	0	0	0	0	0	0.423
GRIA4	SHANK1	0	0	0	0	0	0	0	0	0	0	0.45
GRIA4	NLGN1	0	0	0	0	0	0	0	0	0	0	0.496
GRIA4	SHANK2	0	0	0	0	0	0	0	0	0	0	0.579
GRIA4	DLG3	0	0	0	0	0	0	0	0	0	0	0.646
GRIA4	GRM1	0	0	0	0	0	0	0	0	0	0	0.653
GRIA4	GRM5	0	0	0	0	0	0	0	0	0	0	0.667
GRIA4	NRXN1	0	0	0	0	0	0	0	0	0	0	0.688
GRIA4	DLG2	0	0	0	0	0	0	0	0	0	0	0.698
GRIA4	EPB41L1	0	0	0	0	0	0	0	0	0	0	0.807
GRIA4	CAMK2A	0	0	0	0	0	0	0	0	0	0	0.814
GRIA4	GRIN2C	0	0	0	0	0	0	0	0	0	0	0.824
GRIA4	DLG1	0	0	0	0	0	0	0	0	0	0	0.828
GRIA4	DLG4	0	0	0	0	0	0	0	0	0	0	0.829
GRIA4	GRIN2B	0	0	0	0	0	0	0	0	0	0	0.853
GRIA4	GRIN3A	0	0	0	0	0	0	0	0	0	0	0.878
GRIA4	GRIN1	0	0	0	0	0	0	0	0	0	0	0.886
GRIA4	GRIN2A	0	0	0	0	0	0	0	0	0	0	0.898
GRIA4	SHISA9	0	0	0	0	0	0	0	0	0	0	0.919
GRIA4	CNIH2	0	0	0	0	0	0	0	0	0	0	0.94
GRIA4	CACNG2	0	0	0	0	0	0	0	0	0	0	0.975
GRIA4	GRIA3	0	0	0	0	0	0	0	0	0	0	0.997
GRIA4	GRIA1	0	0	0	0	0	0	0	0	0	0	0.997
GRIA4	GRIA2	0	0	0	0	0	0	0	0	0	0	0.999
GRM1	AKT1	0	0	0	0	0	0	0	0	0	0	0.421
GRM1	CALML4	0	0	0	0	0	0	0	0	0	0	0.427
GRM1	CALML3	0	0	0	0	0	0	0	0	0	0	0.432
GRM1	CALM3	0	0	0	0	0	0	0	0	0	0	0.445
GRM1	FYN	0	0	0	0	0	0	0	0	0	0	0.45
GRM1	DLG1	0	0	0	0	0	0	0	0	0	0	0.46
GRM1	PIK3R1	0	0	0	0	0	0	0	0	0	0	0.48
GRM1	GRIN3A	0	0	0	0	0	0	0	0	0	0	0.537
GRM1	NLGN4Y	0	0	0	0	0	0	0	0	0	0	0.573
GRM1	DLG3	0	0	0	0	0	0	0	0	0	0	0.598
GRM1	GRIA3	0	0	0	0	0	0	0	0	0	0	0.602
GRM1	NLGN2	0	0	0	0	0	0	0	0	0	0	0.61
GRM1	GRIN2C	0	0	0	0	0	0	0	0	0	0	0.616
GRM1	NLGN4X	0	0	0	0	0	0	0	0	0	0	0.624
GRM1	DLGAP2	0	0	0	0	0	0	0	0	0	0	0.628
GRM1	DLG2	0	0	0	0	0	0	0	0	0	0	0.64
GRM1	NLGN3	0	0	0	0	0	0	0	0	0	0	0.648
GRM1	NLGN1	0	0	0	0	0	0	0	0	0	0	0.652
GRM1	GRIN1	0	0	0	0	0	0	0	0	0	0	0.659
GRM1	NRXN3	0	0	0	0	0	0	0	0	0	0	0.687
GRM1	DLGAP3	0	0	0	0	0	0	0	0	0	0	0.688
GRM1	NRXN1	0	0	0	0	0	0	0	0	0	0	0.705
GRM1	SHANK2	0	0	0	0	0	0	0	0	0	0	0.714
GRM1	GRIN2A	0	0	0	0	0	0	0	0	0	0	0.738
GRM1	GRIN2B	0	0	0	0	0	0	0	0	0	0	0.758
GRM1	SHANK3	0	0	0	0	0	0	0	0	0	0	0.788
GRM1	GRIA2	0	0	0	0	0	0	0	0	0	0	0.809
GRM1	GRIA1	0	0	0	0	0	0	0	0	0	0	0.849
GRM1	DLG4	0	0	0	0	0	0	0	0	0	0	0.862
GRM1	SHANK1	0	0	0	0	0	0	0	0	0	0	0.899
GRM1	DLGAP1	0	0	0	0	0	0	0	0	0	0	0.938
GRM1	CAMK2A	0	0	0	0	0	0	0	0	0	0	0.968
GRM1	GRM5	0	0	0	0	0	0	0	0	0	0	0.977
GRM1	HOMER2	0	0	0	0	0	0	0	0	0	0	0.989
GRM1	HOMER3	0	0	0	0	0	0	0	0	0	0	0.99
GRM1	GNAQ	0	0	0	0	0	0	0	0	0	0	0.998
GRM1	HOMER1	0	0	0	0	0	0	0	0	0	0	0.998
GNAQ	CTNNB1	0	0	0	0	0	0	0	0	0	0	0.56
GNAQ	PTEN	0	0	0	0	0	0	0	0	0	0	0.567
GNAQ	CALML4	0	0	0	0	0	0	0	0	0	0	0.57
GNAQ	CALML3	0	0	0	0	0	0	0	0	0	0	0.581
GNAQ	CALM3	0	0	0	0	0	0	0	0	0	0	0.593
GNAQ	AKT1	0	0	0	0	0	0	0	0	0	0	0.775
GNAQ	PIK3R1	0	0	0	0	0	0	0	0	0	0	0.854
GNAQ	ADORA2A	0	0	0	0	0	0	0	0	0	0	0.959
GNAQ	GRM5	0	0	0	0	0	0	0	0	0	0	0.999
PREX2	AKT1	0	0	0	0	0	0	0	0	0	0	0.444
PREX2	PTEN	0	0	0	0	0	0	0	0	0	0	0.99
CALM3	GRIA2	0	0	0	0	0	0	0	0	0	0	0.434
CALM3	PTEN	0	0	0	0	0	0	0	0	0	0	0.451
CALM3	DLG1	0	0	0	0	0	0	0	0	0	0	0.457
CALM3	CACNB4	0	0	0	0	0	0	0	0	0	0	0.463
CALM3	MAST2	0	0	0	0	0	0	0	0	0	0	0.471
CALM3	PIK3R1	0	0	0	0	0	0	0	0	0	0	0.513
CALM3	GRIN3A	0	0	0	0	0	0	0	0	0	0	0.515
CALM3	ADORA2A	0	0	0	0	0	0	0	0	0	0	0.515
CALM3	HOMER2	0	0	0	0	0	0	0	0	0	0	0.517
CALM3	CTNNB1	0	0	0	0	0	0	0	0	0	0	0.528
CALM3	HOMER3	0	0	0	0	0	0	0	0	0	0	0.533
CALM3	GRIA1	0	0	0	0	0	0	0	0	0	0	0.583
CALM3	HOMER1	0	0	0	0	0	0	0	0	0	0	0.63
CALM3	FYN	0	0	0	0	0	0	0	0	0	0	0.685
CALM3	GRM5	0	0	0	0	0	0	0	0	0	0	0.688
CALM3	GRIN2C	0	0	0	0	0	0	0	0	0	0	0.758
CALM3	AKT1	0	0	0	0	0	0	0	0	0	0	0.802
CALM3	GRIN2A	0	0	0	0	0	0	0	0	0	0	0.901
CALM3	GRIN2B	0	0	0	0	0	0	0	0	0	0	0.91
CALM3	DLG4	0	0	0	0	0	0	0	0	0	0	0.989
CALM3	CALML4	0	0	0	0	0	0	0	0	0	0	0.996
CALM3	GRIN1	0	0	0	0	0	0	0	0	0	0	0.996
CALM3	CALML3	0	0	0	0	0	0	0	0	0	0	0.996
CALM3	CAMK2A	0	0	0	0	0	0	0	0	0	0	0.999
GRIN2C	MAGI2	0	0	0	0	0	0	0	0	0	0	0.409
GRIN2C	SHANK1	0	0	0	0	0	0	0	0	0	0	0.416
GRIN2C	GRM5	0	0	0	0	0	0	0	0	0	0	0.621
GRIN2C	DLG1	0	0	0	0	0	0	0	0	0	0	0.681
GRIN2C	SHISA9	0	0	0	0	0	0	0	0	0	0	0.733
GRIN2C	CAMK2A	0	0	0	0	0	0	0	0	0	0	0.735
GRIN2C	CALML3	0	0	0	0	0	0	0	0	0	0	0.741
GRIN2C	CALML4	0	0	0	0	0	0	0	0	0	0	0.741
GRIN2C	CNIH2	0	0	0	0	0	0	0	0	0	0	0.765
GRIN2C	GRIA3	0	0	0	0	0	0	0	0	0	0	0.809
GRIN2C	CACNG2	0	0	0	0	0	0	0	0	0	0	0.817
GRIN2C	DLG2	0	0	0	0	0	0	0	0	0	0	0.818
GRIN2C	GRIA2	0	0	0	0	0	0	0	0	0	0	0.822
GRIN2C	GRIA1	0	0	0	0	0	0	0	0	0	0	0.829
GRIN2C	DLG3	0	0	0	0	0	0	0	0	0	0	0.872
GRIN2C	DLG4	0	0	0	0	0	0	0	0	0	0	0.99
GRIN2C	GRIN2A	0	0	0	0	0	0	0	0	0	0	0.998
GRIN2C	GRIN2B	0	0	0	0	0	0	0	0	0	0	0.998
GRIN2C	GRIN3A	0	0	0	0	0	0	0	0	0	0	0.998
GRIN2C	GRIN1	0	0	0	0	0	0	0	0	0	0	0.999
SHANK1	GPHN	0	0	0	0	0	0	0	0	0	0	0.416
SHANK1	CACNG2	0	0	0	0	0	0	0	0	0	0	0.418
SHANK1	MAGI2	0	0	0	0	0	0	0	0	0	0	0.418
SHANK1	DLG1	0	0	0	0	0	0	0	0	0	0	0.446
SHANK1	CAMK2A	0	0	0	0	0	0	0	0	0	0	0.533
SHANK1	GRIA2	0	0	0	0	0	0	0	0	0	0	0.563
SHANK1	GRIN1	0	0	0	0	0	0	0	0	0	0	0.596
SHANK1	GRIA1	0	0	0	0	0	0	0	0	0	0	0.619
SHANK1	NRXN3	0	0	0	0	0	0	0	0	0	0	0.696
SHANK1	GRIN2A	0	0	0	0	0	0	0	0	0	0	0.742
SHANK1	GRIN2B	0	0	0	0	0	0	0	0	0	0	0.752
SHANK1	NLGN4Y	0	0	0	0	0	0	0	0	0	0	0.76
SHANK1	DLG3	0	0	0	0	0	0	0	0	0	0	0.778
SHANK1	DLGAP2	0	0	0	0	0	0	0	0	0	0	0.841
SHANK1	NLGN2	0	0	0	0	0	0	0	0	0	0	0.868
SHANK1	DLG2	0	0	0	0	0	0	0	0	0	0	0.878
SHANK1	NRXN1	0	0	0	0	0	0	0	0	0	0	0.887
SHANK1	NLGN4X	0	0	0	0	0	0	0	0	0	0	0.894
SHANK1	NLGN3	0	0	0	0	0	0	0	0	0	0	0.904
SHANK1	DLGAP3	0	0	0	0	0	0	0	0	0	0	0.92
SHANK1	NLGN1	0	0	0	0	0	0	0	0	0	0	0.926
SHANK1	HOMER2	0	0	0	0	0	0	0	0	0	0	0.927
SHANK1	GRM5	0	0	0	0	0	0	0	0	0	0	0.939
SHANK1	HOMER3	0	0	0	0	0	0	0	0	0	0	0.966
SHANK1	SHANK2	0	0	0	0	0	0	0	0	0	0	0.968
SHANK1	SHANK3	0	0	0	0	0	0	0	0	0	0	0.982
SHANK1	HOMER1	0	0	0	0	0	0	0	0	0	0	0.984
SHANK1	DLG4	0	0	0	0	0	0	0	0	0	0	0.992
SHANK1	DLGAP1	0	0	0	0	0	0	0	0	0	0	0.996
PRKCI	PIK3R1	0	0	0	0	0	0	0	0	0	0	0.919
PRKCI	PTEN	0	0	0	0	0	0	0	0	0	0	0.933
PRKCI	PRKCZ	0	0	0	0	0	0	0	0	0	0	0.989
PRKCI	LLGL1	0	0	0	0	0	0	0	0	0	0	0.993
PRKCI	LLGL2	0	0	0	0	0	0	0	0	0	0	0.996
GRIA2	DLGAP3	0	0	0	0	0	0	0	0	0	0	0.401
GRIA2	CALML4	0	0	0	0	0	0	0	0	0	0	0.404
GRIA2	PIK3R1	0	0	0	0	0	0	0	0	0	0	0.415
GRIA2	NRXN3	0	0	0	0	0	0	0	0	0	0	0.416
GRIA2	DLGAP2	0	0	0	0	0	0	0	0	0	0	0.422
GRIA2	NLGN4Y	0	0	0	0	0	0	0	0	0	0	0.426
GRIA2	NLGN4X	0	0	0	0	0	0	0	0	0	0	0.485
GRIA2	EPB41L1	0	0	0	0	0	0	0	0	0	0	0.485
GRIA2	NLGN2	0	0	0	0	0	0	0	0	0	0	0.516
GRIA2	GPHN	0	0	0	0	0	0	0	0	0	0	0.52
GRIA2	NLGN3	0	0	0	0	0	0	0	0	0	0	0.535
GRIA2	SHANK3	0	0	0	0	0	0	0	0	0	0	0.573
GRIA2	HOMER1	0	0	0	0	0	0	0	0	0	0	0.596
GRIA2	CTNNB1	0	0	0	0	0	0	0	0	0	0	0.615
GRIA2	SHANK2	0	0	0	0	0	0	0	0	0	0	0.637
GRIA2	NLGN1	0	0	0	0	0	0	0	0	0	0	0.64
GRIA2	NRXN1	0	0	0	0	0	0	0	0	0	0	0.695
GRIA2	DLGAP1	0	0	0	0	0	0	0	0	0	0	0.722
GRIA2	DLG3	0	0	0	0	0	0	0	0	0	0	0.789
GRIA2	DLG1	0	0	0	0	0	0	0	0	0	0	0.809
GRIA2	DLG2	0	0	0	0	0	0	0	0	0	0	0.815
GRIA2	GRIN3A	0	0	0	0	0	0	0	0	0	0	0.845
GRIA2	GRM5	0	0	0	0	0	0	0	0	0	0	0.852
GRIA2	SHISA9	0	0	0	0	0	0	0	0	0	0	0.855
GRIA2	GRIN2B	0	0	0	0	0	0	0	0	0	0	0.885
GRIA2	GRIN1	0	0	0	0	0	0	0	0	0	0	0.901
GRIA2	GRIN2A	0	0	0	0	0	0	0	0	0	0	0.933
GRIA2	DLG4	0	0	0	0	0	0	0	0	0	0	0.968
GRIA2	CAMK2A	0	0	0	0	0	0	0	0	0	0	0.977
GRIA2	CNIH2	0	0	0	0	0	0	0	0	0	0	0.99
GRIA2	CACNG2	0	0	0	0	0	0	0	0	0	0	0.995
GRIA2	GRIA1	0	0	0	0	0	0	0	0	0	0	0.999
GRIA2	GRIA3	0	0	0	0	0	0	0	0	0	0	0.999
CACNG2	NLGN1	0	0	0	0	0	0	0	0	0	0	0.413
CACNG2	NRXN1	0	0	0	0	0	0	0	0	0	0	0.435
CACNG2	HOMER1	0	0	0	0	0	0	0	0	0	0	0.446
CACNG2	EPB41L1	0	0	0	0	0	0	0	0	0	0	0.67
CACNG2	DLGAP1	0	0	0	0	0	0	0	0	0	0	0.751
CACNG2	DLG2	0	0	0	0	0	0	0	0	0	0	0.783
CACNG2	CAMK2A	0	0	0	0	0	0	0	0	0	0	0.808
CACNG2	GRIN3A	0	0	0	0	0	0	0	0	0	0	0.852
CACNG2	GRIN2A	0	0	0	0	0	0	0	0	0	0	0.88
CACNG2	GRIN2B	0	0	0	0	0	0	0	0	0	0	0.893
CACNG2	GRIN1	0	0	0	0	0	0	0	0	0	0	0.894
CACNG2	DLG3	0	0	0	0	0	0	0	0	0	0	0.9
CACNG2	CNIH2	0	0	0	0	0	0	0	0	0	0	0.906
CACNG2	MAGI2	0	0	0	0	0	0	0	0	0	0	0.915
CACNG2	DLG1	0	0	0	0	0	0	0	0	0	0	0.941
CACNG2	CACNB4	0	0	0	0	0	0	0	0	0	0	0.951
CACNG2	SHISA9	0	0	0	0	0	0	0	0	0	0	0.973
CACNG2	GRIA3	0	0	0	0	0	0	0	0	0	0	0.984
CACNG2	DLG4	0	0	0	0	0	0	0	0	0	0	0.999
CACNG2	GRIA1	0	0	0	0	0	0	0	0	0	0	0.999
NLGN2	CAMK2A	0	0	0	0	0	0	0	0	0	0	0.411
NLGN2	NXPH1	0	0	0	0	0	0	0	0	0	0	0.414
NLGN2	DLG1	0	0	0	0	0	0	0	0	0	0	0.44
NLGN2	PTEN	0	0	0	0	0	0	0	0	0	0	0.455
NLGN2	GRIN1	0	0	0	0	0	0	0	0	0	0	0.469
NLGN2	PRNP	0	0	0	0	0	0	0	0	0	0	0.485
NLGN2	GRIN2B	0	0	0	0	0	0	0	0	0	0	0.496
NLGN2	CTNNB1	0	0	0	0	0	0	0	0	0	0	0.499
NLGN2	GRIN2A	0	0	0	0	0	0	0	0	0	0	0.521
NLGN2	NLGN4Y	0	0	0	0	0	0	0	0	0	0	0.525
NLGN2	GRIA1	0	0	0	0	0	0	0	0	0	0	0.532
NLGN2	DAG1	0	0	0	0	0	0	0	0	0	0	0.59
NLGN2	EPB41L1	0	0	0	0	0	0	0	0	0	0	0.624
NLGN2	HOMER2	0	0	0	0	0	0	0	0	0	0	0.647
NLGN2	GRM5	0	0	0	0	0	0	0	0	0	0	0.668
NLGN2	NLGN3	0	0	0	0	0	0	0	0	0	0	0.683
NLGN2	HOMER3	0	0	0	0	0	0	0	0	0	0	0.697
NLGN2	HOMER1	0	0	0	0	0	0	0	0	0	0	0.699
NLGN2	NLGN4X	0	0	0	0	0	0	0	0	0	0	0.704
NLGN2	NLGN1	0	0	0	0	0	0	0	0	0	0	0.704
NLGN2	DLGAP3	0	0	0	0	0	0	0	0	0	0	0.709
NLGN2	DLGAP2	0	0	0	0	0	0	0	0	0	0	0.715
NLGN2	DLG2	0	0	0	0	0	0	0	0	0	0	0.784
NLGN2	MAGI2	0	0	0	0	0	0	0	0	0	0	0.813
NLGN2	DLGAP1	0	0	0	0	0	0	0	0	0	0	0.844
NLGN2	SHANK2	0	0	0	0	0	0	0	0	0	0	0.868
NLGN2	DLG3	0	0	0	0	0	0	0	0	0	0	0.883
NLGN2	SHANK3	0	0	0	0	0	0	0	0	0	0	0.935
NLGN2	GPHN	0	0	0	0	0	0	0	0	0	0	0.968
NLGN2	NRXN3	0	0	0	0	0	0	0	0	0	0	0.978
NLGN2	MDGA1	0	0	0	0	0	0	0	0	0	0	0.994
NLGN2	DLG4	0	0	0	0	0	0	0	0	0	0	0.998
NLGN2	NRXN1	0	0	0	0	0	0	0	0	0	0	0.999
HOMER2	GRIA1	0	0	0	0	0	0	0	0	0	0	0.4
HOMER2	GRIN1	0	0	0	0	0	0	0	0	0	0	0.42
HOMER2	GRIN2A	0	0	0	0	0	0	0	0	0	0	0.478
HOMER2	GRIN2B	0	0	0	0	0	0	0	0	0	0	0.502
HOMER2	CALML4	0	0	0	0	0	0	0	0	0	0	0.507
HOMER2	CALML3	0	0	0	0	0	0	0	0	0	0	0.518
HOMER2	NLGN4X	0	0	0	0	0	0	0	0	0	0	0.596
HOMER2	NRXN1	0	0	0	0	0	0	0	0	0	0	0.605
HOMER2	NLGN4Y	0	0	0	0	0	0	0	0	0	0	0.607
HOMER2	DLG2	0	0	0	0	0	0	0	0	0	0	0.61
HOMER2	DLG3	0	0	0	0	0	0	0	0	0	0	0.613
HOMER2	NLGN1	0	0	0	0	0	0	0	0	0	0	0.618
HOMER2	DLGAP2	0	0	0	0	0	0	0	0	0	0	0.637
HOMER2	AKT1	0	0	0	0	0	0	0	0	0	0	0.638
HOMER2	NLGN3	0	0	0	0	0	0	0	0	0	0	0.641
HOMER2	DLGAP3	0	0	0	0	0	0	0	0	0	0	0.666
HOMER2	NRXN3	0	0	0	0	0	0	0	0	0	0	0.691
HOMER2	SHANK3	0	0	0	0	0	0	0	0	0	0	0.758
HOMER2	DLG4	0	0	0	0	0	0	0	0	0	0	0.779
HOMER2	SHANK2	0	0	0	0	0	0	0	0	0	0	0.782
HOMER2	DLGAP1	0	0	0	0	0	0	0	0	0	0	0.857
HOMER2	GRM5	0	0	0	0	0	0	0	0	0	0	0.965
HOMER2	HOMER3	0	0	0	0	0	0	0	0	0	0	0.99
HOMER2	HOMER1	0	0	0	0	0	0	0	0	0	0	0.991
GRM5	AKT1	0	0	0	0	0	0	0	0	0	0	0.44
GRM5	FYN	0	0	0	0	0	0	0	0	0	0	0.471
GRM5	CALML4	0	0	0	0	0	0	0	0	0	0	0.49
GRM5	CALML3	0	0	0	0	0	0	0	0	0	0	0.493
GRM5	PRKCZ	0	0	0	0	0	0	0	0	0	0	0.515
GRM5	NXPH1	0	0	0	0	0	0	0	0	0	0	0.54
GRM5	GPHN	0	0	0	0	0	0	0	0	0	0	0.545
GRM5	EPB41L1	0	0	0	0	0	0	0	0	0	0	0.547
GRM5	NLGN4Y	0	0	0	0	0	0	0	0	0	0	0.611
GRM5	DLG3	0	0	0	0	0	0	0	0	0	0	0.642
GRM5	DLGAP2	0	0	0	0	0	0	0	0	0	0	0.686
GRM5	NLGN4X	0	0	0	0	0	0	0	0	0	0	0.696
GRM5	GRIN3A	0	0	0	0	0	0	0	0	0	0	0.699
GRM5	DLG2	0	0	0	0	0	0	0	0	0	0	0.702
GRM5	NLGN1	0	0	0	0	0	0	0	0	0	0	0.716
GRM5	NRXN3	0	0	0	0	0	0	0	0	0	0	0.724
GRM5	NLGN3	0	0	0	0	0	0	0	0	0	0	0.735
GRM5	NRXN1	0	0	0	0	0	0	0	0	0	0	0.766
GRM5	GRIA3	0	0	0	0	0	0	0	0	0	0	0.782
GRM5	DLGAP3	0	0	0	0	0	0	0	0	0	0	0.786
GRM5	GRIN1	0	0	0	0	0	0	0	0	0	0	0.792
GRM5	GRIN2A	0	0	0	0	0	0	0	0	0	0	0.841
GRM5	GRIN2B	0	0	0	0	0	0	0	0	0	0	0.842
GRM5	SHANK2	0	0	0	0	0	0	0	0	0	0	0.869
GRM5	SHANK3	0	0	0	0	0	0	0	0	0	0	0.88
GRM5	DLG4	0	0	0	0	0	0	0	0	0	0	0.902
GRM5	DLGAP1	0	0	0	0	0	0	0	0	0	0	0.915
GRM5	GRIA1	0	0	0	0	0	0	0	0	0	0	0.916
GRM5	HOMER3	0	0	0	0	0	0	0	0	0	0	0.929
GRM5	PRNP	0	0	0	0	0	0	0	0	0	0	0.953
GRM5	CAMK2A	0	0	0	0	0	0	0	0	0	0	0.975
GRM5	ADORA2A	0	0	0	0	0	0	0	0	0	0	0.976
GRM5	HOMER1	0	0	0	0	0	0	0	0	0	0	0.999
CNIH2	DLG3	0	0	0	0	0	0	0	0	0	0	0.552
CNIH2	GRIN3A	0	0	0	0	0	0	0	0	0	0	0.763
CNIH2	GRIN2B	0	0	0	0	0	0	0	0	0	0	0.774
CNIH2	GRIN2A	0	0	0	0	0	0	0	0	0	0	0.784
CNIH2	GRIN1	0	0	0	0	0	0	0	0	0	0	0.796
CNIH2	DLG4	0	0	0	0	0	0	0	0	0	0	0.856
CNIH2	SHISA9	0	0	0	0	0	0	0	0	0	0	0.949
CNIH2	GRIA3	0	0	0	0	0	0	0	0	0	0	0.97
CNIH2	GRIA1	0	0	0	0	0	0	0	0	0	0	0.995
CALML3	PTEN	0	0	0	0	0	0	0	0	0	0	0.437
CALML3	ADORA2A	0	0	0	0	0	0	0	0	0	0	0.455
CALML3	DLG1	0	0	0	0	0	0	0	0	0	0	0.456
CALML3	HOMER3	0	0	0	0	0	0	0	0	0	0	0.532
CALML3	GRIA1	0	0	0	0	0	0	0	0	0	0	0.581
CALML3	HOMER1	0	0	0	0	0	0	0	0	0	0	0.625
CALML3	CTNNB1	0	0	0	0	0	0	0	0	0	0	0.628
CALML3	FYN	0	0	0	0	0	0	0	0	0	0	0.682
CALML3	AKT1	0	0	0	0	0	0	0	0	0	0	0.719
CALML3	DLG4	0	0	0	0	0	0	0	0	0	0	0.891
CALML3	GRIN2A	0	0	0	0	0	0	0	0	0	0	0.895
CALML3	GRIN2B	0	0	0	0	0	0	0	0	0	0	0.927
CALML3	GRIN1	0	0	0	0	0	0	0	0	0	0	0.96
CALML3	CALML4	0	0	0	0	0	0	0	0	0	0	0.963
CALML3	CAMK2A	0	0	0	0	0	0	0	0	0	0	0.999
DLGAP1	GRIN1	0	0	0	0	0	0	0	0	0	0	0.57
DLGAP1	NRXN3	0	0	0	0	0	0	0	0	0	0	0.659
DLGAP1	CAMK2A	0	0	0	0	0	0	0	0	0	0	0.703
DLGAP1	DLGAP2	0	0	0	0	0	0	0	0	0	0	0.704
DLGAP1	DLGAP3	0	0	0	0	0	0	0	0	0	0	0.724
DLGAP1	MAGI2	0	0	0	0	0	0	0	0	0	0	0.732
DLGAP1	NRXN1	0	0	0	0	0	0	0	0	0	0	0.774
DLGAP1	NLGN4Y	0	0	0	0	0	0	0	0	0	0	0.843
DLGAP1	GRIA1	0	0	0	0	0	0	0	0	0	0	0.852
DLGAP1	NLGN3	0	0	0	0	0	0	0	0	0	0	0.855
DLGAP1	NLGN4X	0	0	0	0	0	0	0	0	0	0	0.861
DLGAP1	GRIN2A	0	0	0	0	0	0	0	0	0	0	0.885
DLGAP1	DLG3	0	0	0	0	0	0	0	0	0	0	0.887
DLGAP1	DLG2	0	0	0	0	0	0	0	0	0	0	0.89
DLGAP1	GRIN2B	0	0	0	0	0	0	0	0	0	0	0.9
DLGAP1	NLGN1	0	0	0	0	0	0	0	0	0	0	0.927
DLGAP1	HOMER3	0	0	0	0	0	0	0	0	0	0	0.943
DLGAP1	DLG1	0	0	0	0	0	0	0	0	0	0	0.952
DLGAP1	SHANK2	0	0	0	0	0	0	0	0	0	0	0.981
DLGAP1	HOMER1	0	0	0	0	0	0	0	0	0	0	0.986
DLGAP1	SHANK3	0	0	0	0	0	0	0	0	0	0	0.997
DLGAP1	DLG4	0	0	0	0	0	0	0	0	0	0	0.999
LLGL1	FYN	0	0	0	0	0	0	0	0	0	0	0.406
LLGL1	DLG2	0	0	0	0	0	0	0	0	0	0	0.84
LLGL1	UBE3A	0	0	0	0	0	0	0	0	0	0	0.905
LLGL1	DLG3	0	0	0	0	0	0	0	0	0	0	0.939
LLGL1	SCRIB	0	0	0	0	0	0	0	0	0	0	0.964
LLGL1	DLG1	0	0	0	0	0	0	0	0	0	0	0.975
LLGL1	DLG4	0	0	0	0	0	0	0	0	0	0	0.983
LLGL1	LLGL2	0	0	0	0	0	0	0	0	0	0	0.993
LLGL1	PRKCZ	0	0	0	0	0	0	0	0	0	0	0.995
GRIN2A	NLGN4X	0	0	0	0	0	0	0	0	0	0	0.471
GRIN2A	NLGN3	0	0	0	0	0	0	0	0	0	0	0.472
GRIN2A	GPHN	0	0	0	0	0	0	0	0	0	0	0.482
GRIN2A	CACNB4	0	0	0	0	0	0	0	0	0	0	0.54
GRIN2A	NLGN1	0	0	0	0	0	0	0	0	0	0	0.554
GRIN2A	SHANK2	0	0	0	0	0	0	0	0	0	0	0.555
GRIN2A	DLGAP3	0	0	0	0	0	0	0	0	0	0	0.574
GRIN2A	MAGI2	0	0	0	0	0	0	0	0	0	0	0.575
GRIN2A	DLGAP2	0	0	0	0	0	0	0	0	0	0	0.577
GRIN2A	NRXN1	0	0	0	0	0	0	0	0	0	0	0.617
GRIN2A	SHANK3	0	0	0	0	0	0	0	0	0	0	0.638
GRIN2A	AKT1	0	0	0	0	0	0	0	0	0	0	0.659
GRIN2A	HOMER1	0	0	0	0	0	0	0	0	0	0	0.768
GRIN2A	SHISA9	0	0	0	0	0	0	0	0	0	0	0.786
GRIN2A	GRIA3	0	0	0	0	0	0	0	0	0	0	0.886
GRIN2A	CALML4	0	0	0	0	0	0	0	0	0	0	0.897
GRIN2A	GRIA1	0	0	0	0	0	0	0	0	0	0	0.926
GRIN2A	CAMK2A	0	0	0	0	0	0	0	0	0	0	0.968
GRIN2A	DLG1	0	0	0	0	0	0	0	0	0	0	0.979
GRIN2A	FYN	0	0	0	0	0	0	0	0	0	0	0.981
GRIN2A	DLG2	0	0	0	0	0	0	0	0	0	0	0.997
GRIN2A	DLG3	0	0	0	0	0	0	0	0	0	0	0.998
GRIN2A	GRIN1	0	0	0	0	0	0	0	0	0	0	0.999
GRIN2A	GRIN2B	0	0	0	0	0	0	0	0	0	0	0.999
GRIN2A	GRIN3A	0	0	0	0	0	0	0	0	0	0	0.999
GRIN2A	DLG4	0	0	0	0	0	0	0	0	0	0	0.999
HOMER1	GRIA3	0	0	0	0	0	0	0	0	0	0	0.43
HOMER1	PRNP	0	0	0	0	0	0	0	0	0	0	0.521
HOMER1	DLG1	0	0	0	0	0	0	0	0	0	0	0.553
HOMER1	NRXN3	0	0	0	0	0	0	0	0	0	0	0.608
HOMER1	CALML4	0	0	0	0	0	0	0	0	0	0	0.618
HOMER1	GRIN1	0	0	0	0	0	0	0	0	0	0	0.641
HOMER1	NLGN4Y	0	0	0	0	0	0	0	0	0	0	0.649
HOMER1	GRIN2B	0	0	0	0	0	0	0	0	0	0	0.675
HOMER1	NLGN4X	0	0	0	0	0	0	0	0	0	0	0.69
HOMER1	NRXN1	0	0	0	0	0	0	0	0	0	0	0.706
HOMER1	DLG3	0	0	0	0	0	0	0	0	0	0	0.707
HOMER1	NLGN3	0	0	0	0	0	0	0	0	0	0	0.721
HOMER1	NLGN1	0	0	0	0	0	0	0	0	0	0	0.726
HOMER1	GPHN	0	0	0	0	0	0	0	0	0	0	0.733
HOMER1	DLGAP2	0	0	0	0	0	0	0	0	0	0	0.734
HOMER1	CAMK2A	0	0	0	0	0	0	0	0	0	0	0.735
HOMER1	EPB41L1	0	0	0	0	0	0	0	0	0	0	0.747
HOMER1	DLGAP3	0	0	0	0	0	0	0	0	0	0	0.816
HOMER1	DLG2	0	0	0	0	0	0	0	0	0	0	0.821
HOMER1	GRIA1	0	0	0	0	0	0	0	0	0	0	0.873
HOMER1	SHANK2	0	0	0	0	0	0	0	0	0	0	0.937
HOMER1	SHANK3	0	0	0	0	0	0	0	0	0	0	0.957
HOMER1	DLG4	0	0	0	0	0	0	0	0	0	0	0.988
HOMER1	HOMER3	0	0	0	0	0	0	0	0	0	0	0.993
EPB41L1	DLG3	0	0	0	0	0	0	0	0	0	0	0.471
EPB41L1	NRXN3	0	0	0	0	0	0	0	0	0	0	0.528
EPB41L1	NLGN3	0	0	0	0	0	0	0	0	0	0	0.543
EPB41L1	NLGN4Y	0	0	0	0	0	0	0	0	0	0	0.547
EPB41L1	CAMK2A	0	0	0	0	0	0	0	0	0	0	0.571
EPB41L1	NLGN4X	0	0	0	0	0	0	0	0	0	0	0.578
EPB41L1	NRXN1	0	0	0	0	0	0	0	0	0	0	0.592
EPB41L1	NLGN1	0	0	0	0	0	0	0	0	0	0	0.639
EPB41L1	GRIA3	0	0	0	0	0	0	0	0	0	0	0.66
EPB41L1	DLG4	0	0	0	0	0	0	0	0	0	0	0.793
EPB41L1	DLG1	0	0	0	0	0	0	0	0	0	0	0.815
EPB41L1	GRIA1	0	0	0	0	0	0	0	0	0	0	0.997
PTK2	DAG1	0	0	0	0	0	0	0	0	0	0	0.434
PTK2	CTNNB1	0	0	0	0	0	0	0	0	0	0	0.802
PTK2	AKT1	0	0	0	0	0	0	0	0	0	0	0.879
PTK2	PIK3R1	0	0	0	0	0	0	0	0	0	0	0.988
PTK2	PTEN	0	0	0	0	0	0	0	0	0	0	0.995
PTK2	FYN	0	0	0	0	0	0	0	0	0	0	0.998
SHANK2	MAGI2	0	0	0	0	0	0	0	0	0	0	0.413
SHANK2	DLG1	0	0	0	0	0	0	0	0	0	0	0.416
SHANK2	CAMK2A	0	0	0	0	0	0	0	0	0	0	0.442
SHANK2	GRIN1	0	0	0	0	0	0	0	0	0	0	0.475
SHANK2	UBE3A	0	0	0	0	0	0	0	0	0	0	0.486
SHANK2	GPHN	0	0	0	0	0	0	0	0	0	0	0.486
SHANK2	AKT1	0	0	0	0	0	0	0	0	0	0	0.539
SHANK2	GRIN3A	0	0	0	0	0	0	0	0	0	0	0.575
SHANK2	GRIN2B	0	0	0	0	0	0	0	0	0	0	0.628
SHANK2	NRXN3	0	0	0	0	0	0	0	0	0	0	0.725
SHANK2	DLG3	0	0	0	0	0	0	0	0	0	0	0.744
SHANK2	GRIA1	0	0	0	0	0	0	0	0	0	0	0.75
SHANK2	HOMER3	0	0	0	0	0	0	0	0	0	0	0.799
SHANK2	DLG2	0	0	0	0	0	0	0	0	0	0	0.811
SHANK2	NLGN4Y	0	0	0	0	0	0	0	0	0	0	0.85
SHANK2	NRXN1	0	0	0	0	0	0	0	0	0	0	0.914
SHANK2	NLGN1	0	0	0	0	0	0	0	0	0	0	0.914
SHANK2	DLGAP3	0	0	0	0	0	0	0	0	0	0	0.917
SHANK2	NLGN3	0	0	0	0	0	0	0	0	0	0	0.958
SHANK2	NLGN4X	0	0	0	0	0	0	0	0	0	0	0.964
SHANK2	DLGAP2	0	0	0	0	0	0	0	0	0	0	0.969
SHANK2	SHANK3	0	0	0	0	0	0	0	0	0	0	0.98
SHANK2	DLG4	0	0	0	0	0	0	0	0	0	0	0.993
DLG1	NLGN4Y	0	0	0	0	0	0	0	0	0	0	0.402
DLG1	NLGN4X	0	0	0	0	0	0	0	0	0	0	0.414
DLG1	NLGN3	0	0	0	0	0	0	0	0	0	0	0.436
DLG1	CALML4	0	0	0	0	0	0	0	0	0	0	0.457
DLG1	NRXN1	0	0	0	0	0	0	0	0	0	0	0.472
DLG1	NLGN1	0	0	0	0	0	0	0	0	0	0	0.483
DLG1	MAST2	0	0	0	0	0	0	0	0	0	0	0.531
DLG1	MAGI2	0	0	0	0	0	0	0	0	0	0	0.579
DLG1	SHANK3	0	0	0	0	0	0	0	0	0	0	0.587
DLG1	GRIA3	0	0	0	0	0	0	0	0	0	0	0.697
DLG1	DLGAP2	0	0	0	0	0	0	0	0	0	0	0.714
DLG1	CAMK2A	0	0	0	0	0	0	0	0	0	0	0.721
DLG1	CTNNB1	0	0	0	0	0	0	0	0	0	0	0.786
DLG1	GRIN1	0	0	0	0	0	0	0	0	0	0	0.878
DLG1	LLGL2	0	0	0	0	0	0	0	0	0	0	0.916
DLG1	SCRIB	0	0	0	0	0	0	0	0	0	0	0.917
DLG1	DLG4	0	0	0	0	0	0	0	0	0	0	0.956
DLG1	DLG2	0	0	0	0	0	0	0	0	0	0	0.962
DLG1	UBE3A	0	0	0	0	0	0	0	0	0	0	0.974
DLG1	DLG3	0	0	0	0	0	0	0	0	0	0	0.974
DLG1	GRIN2B	0	0	0	0	0	0	0	0	0	0	0.992
DLG1	PTEN	0	0	0	0	0	0	0	0	0	0	0.996
DLG1	GRIA1	0	0	0	0	0	0	0	0	0	0	0.999
MAGI2	GRIA1	0	0	0	0	0	0	0	0	0	0	0.408
MAGI2	DLGAP2	0	0	0	0	0	0	0	0	0	0	0.42
MAGI2	NRXN1	0	0	0	0	0	0	0	0	0	0	0.461
MAGI2	GRIN2B	0	0	0	0	0	0	0	0	0	0	0.595
MAGI2	DLG4	0	0	0	0	0	0	0	0	0	0	0.616
MAGI2	DLGAP3	0	0	0	0	0	0	0	0	0	0	0.633
MAGI2	DAG1	0	0	0	0	0	0	0	0	0	0	0.669
MAGI2	NLGN4Y	0	0	0	0	0	0	0	0	0	0	0.743
MAGI2	NLGN4X	0	0	0	0	0	0	0	0	0	0	0.763
MAGI2	NLGN3	0	0	0	0	0	0	0	0	0	0	0.779
MAGI2	MAST2	0	0	0	0	0	0	0	0	0	0	0.84
MAGI2	NLGN1	0	0	0	0	0	0	0	0	0	0	0.893
MAGI2	CTNNB1	0	0	0	0	0	0	0	0	0	0	0.986
MAGI2	PTEN	0	0	0	0	0	0	0	0	0	0	0.998
FYN	GRIA1	0	0	0	0	0	0	0	0	0	0	0.451
FYN	DAG1	0	0	0	0	0	0	0	0	0	0	0.484
FYN	PTEN	0	0	0	0	0	0	0	0	0	0	0.657
FYN	CALML4	0	0	0	0	0	0	0	0	0	0	0.679
FYN	DLG3	0	0	0	0	0	0	0	0	0	0	0.705
FYN	GRIN1	0	0	0	0	0	0	0	0	0	0	0.743
FYN	DLG2	0	0	0	0	0	0	0	0	0	0	0.766
FYN	AKT1	0	0	0	0	0	0	0	0	0	0	0.834
FYN	CTNNB1	0	0	0	0	0	0	0	0	0	0	0.986
FYN	PIK3R1	0	0	0	0	0	0	0	0	0	0	0.988
FYN	PRNP	0	0	0	0	0	0	0	0	0	0	0.99
FYN	GRIN2B	0	0	0	0	0	0	0	0	0	0	0.993
FYN	DLG4	0	0	0	0	0	0	0	0	0	0	0.996
NLGN4Y	GRIA1	0	0	0	0	0	0	0	0	0	0	0.412
NLGN4Y	GRIN2B	0	0	0	0	0	0	0	0	0	0	0.448
NLGN4Y	PTEN	0	0	0	0	0	0	0	0	0	0	0.464
NLGN4Y	GPHN	0	0	0	0	0	0	0	0	0	0	0.478
NLGN4Y	PRNP	0	0	0	0	0	0	0	0	0	0	0.487
NLGN4Y	CTNNB1	0	0	0	0	0	0	0	0	0	0	0.498
NLGN4Y	MDGA1	0	0	0	0	0	0	0	0	0	0	0.505
NLGN4Y	NLGN4X	0	0	0	0	0	0	0	0	0	0	0.519
NLGN4Y	NLGN1	0	0	0	0	0	0	0	0	0	0	0.523
NLGN4Y	HOMER3	0	0	0	0	0	0	0	0	0	0	0.608
NLGN4Y	DLGAP3	0	0	0	0	0	0	0	0	0	0	0.66
NLGN4Y	DLGAP2	0	0	0	0	0	0	0	0	0	0	0.669
NLGN4Y	DLG2	0	0	0	0	0	0	0	0	0	0	0.696
NLGN4Y	NLGN3	0	0	0	0	0	0	0	0	0	0	0.697
NLGN4Y	NRXN3	0	0	0	0	0	0	0	0	0	0	0.827
NLGN4Y	DLG3	0	0	0	0	0	0	0	0	0	0	0.848
NLGN4Y	SHANK3	0	0	0	0	0	0	0	0	0	0	0.899
NLGN4Y	DLG4	0	0	0	0	0	0	0	0	0	0	0.986
NLGN4Y	NRXN1	0	0	0	0	0	0	0	0	0	0	0.999
SCRIB	GRIN2B	0	0	0	0	0	0	0	0	0	0	0.494
SCRIB	PRKCZ	0	0	0	0	0	0	0	0	0	0	0.657
SCRIB	AKT1	0	0	0	0	0	0	0	0	0	0	0.712
SCRIB	PTEN	0	0	0	0	0	0	0	0	0	0	0.834
SCRIB	DLG2	0	0	0	0	0	0	0	0	0	0	0.856
SCRIB	CTNNB1	0	0	0	0	0	0	0	0	0	0	0.88
SCRIB	DLG3	0	0	0	0	0	0	0	0	0	0	0.908
SCRIB	DLG4	0	0	0	0	0	0	0	0	0	0	0.921
SCRIB	LLGL2	0	0	0	0	0	0	0	0	0	0	0.959
SCRIB	UBE3A	0	0	0	0	0	0	0	0	0	0	0.98
NLGN3	NXPH1	0	0	0	0	0	0	0	0	0	0	0.418
NLGN3	GRIN1	0	0	0	0	0	0	0	0	0	0	0.446
NLGN3	PRNP	0	0	0	0	0	0	0	0	0	0	0.48
NLGN3	CTNNB1	0	0	0	0	0	0	0	0	0	0	0.513
NLGN3	GRIA1	0	0	0	0	0	0	0	0	0	0	0.536
NLGN3	GRIN2B	0	0	0	0	0	0	0	0	0	0	0.573
NLGN3	PTEN	0	0	0	0	0	0	0	0	0	0	0.591
NLGN3	GPHN	0	0	0	0	0	0	0	0	0	0	0.648
NLGN3	HOMER3	0	0	0	0	0	0	0	0	0	0	0.65
NLGN3	UBE3A	0	0	0	0	0	0	0	0	0	0	0.667
NLGN3	MDGA1	0	0	0	0	0	0	0	0	0	0	0.686
NLGN3	DLGAP3	0	0	0	0	0	0	0	0	0	0	0.763
NLGN3	DLG2	0	0	0	0	0	0	0	0	0	0	0.776
NLGN3	NLGN4X	0	0	0	0	0	0	0	0	0	0	0.796
NLGN3	NLGN1	0	0	0	0	0	0	0	0	0	0	0.799
NLGN3	DLGAP2	0	0	0	0	0	0	0	0	0	0	0.839
NLGN3	DLG3	0	0	0	0	0	0	0	0	0	0	0.885
NLGN3	NRXN3	0	0	0	0	0	0	0	0	0	0	0.94
NLGN3	SHANK3	0	0	0	0	0	0	0	0	0	0	0.993
NLGN3	DLG4	0	0	0	0	0	0	0	0	0	0	0.995
NLGN3	NRXN1	0	0	0	0	0	0	0	0	0	0	0.999
MAST2	PTEN	0	0	0	0	0	0	0	0	0	0	0.993
GRIN3A	DLG3	0	0	0	0	0	0	0	0	0	0	0.68
GRIN3A	SHISA9	0	0	0	0	0	0	0	0	0	0	0.784
GRIN3A	GRIA3	0	0	0	0	0	0	0	0	0	0	0.802
GRIN3A	GRIA1	0	0	0	0	0	0	0	0	0	0	0.815
GRIN3A	DLG4	0	0	0	0	0	0	0	0	0	0	0.966
GRIN3A	GRIN1	0	0	0	0	0	0	0	0	0	0	0.999
GRIN3A	GRIN2B	0	0	0	0	0	0	0	0	0	0	0.999
PSMD4	SPOP	0	0	0	0	0	0	0	0	0	0	0.425
PSMD4	UBE2L3	0	0	0	0	0	0	0	0	0	0	0.434
PSMD4	UBE2D2	0	0	0	0	0	0	0	0	0	0	0.501
PSMD4	PTEN	0	0	0	0	0	0	0	0	0	0	0.606
PSMD4	UBE2D1	0	0	0	0	0	0	0	0	0	0	0.668
PSMD4	PRNP	0	0	0	0	0	0	0	0	0	0	0.68
PSMD4	UBE3A	0	0	0	0	0	0	0	0	0	0	0.994
PSMD4	RAD23A	0	0	0	0	0	0	0	0	0	0	0.999
GRIN1	NLGN4X	0	0	0	0	0	0	0	0	0	0	0.422
GRIN1	DLGAP2	0	0	0	0	0	0	0	0	0	0	0.442
GRIN1	GPHN	0	0	0	0	0	0	0	0	0	0	0.446
GRIN1	NRXN1	0	0	0	0	0	0	0	0	0	0	0.449
GRIN1	DLGAP3	0	0	0	0	0	0	0	0	0	0	0.507
GRIN1	SHANK3	0	0	0	0	0	0	0	0	0	0	0.568
GRIN1	NLGN1	0	0	0	0	0	0	0	0	0	0	0.611
GRIN1	SHISA9	0	0	0	0	0	0	0	0	0	0	0.75
GRIN1	DLG2	0	0	0	0	0	0	0	0	0	0	0.761
GRIN1	GRIA3	0	0	0	0	0	0	0	0	0	0	0.877
GRIN1	DLG3	0	0	0	0	0	0	0	0	0	0	0.879
GRIN1	GRIA1	0	0	0	0	0	0	0	0	0	0	0.907
GRIN1	CAMK2A	0	0	0	0	0	0	0	0	0	0	0.911
GRIN1	CALML4	0	0	0	0	0	0	0	0	0	0	0.964
GRIN1	DLG4	0	0	0	0	0	0	0	0	0	0	0.998
GRIN1	GRIN2B	0	0	0	0	0	0	0	0	0	0	0.999
PTEN	UBE2D2	0	0	0	0	0	0	0	0	0	0	0.407
PTEN	CALML4	0	0	0	0	0	0	0	0	0	0	0.413
PTEN	SHANK3	0	0	0	0	0	0	0	0	0	0	0.483
PTEN	NLGN1	0	0	0	0	0	0	0	0	0	0	0.496
PTEN	GRIN2B	0	0	0	0	0	0	0	0	0	0	0.547
PTEN	NLGN4X	0	0	0	0	0	0	0	0	0	0	0.556
PTEN	UBE2L3	0	0	0	0	0	0	0	0	0	0	0.571
PTEN	DLG4	0	0	0	0	0	0	0	0	0	0	0.745
PTEN	CTNNB1	0	0	0	0	0	0	0	0	0	0	0.943
PTEN	PRKCZ	0	0	0	0	0	0	0	0	0	0	0.958
PTEN	UBE3A	0	0	0	0	0	0	0	0	0	0	0.96
PTEN	AKT1	0	0	0	0	0	0	0	0	0	0	0.988
PTEN	SPOP	0	0	0	0	0	0	0	0	0	0	0.99
PTEN	PIK3R1	0	0	0	0	0	0	0	0	0	0	0.997
DLGAP3	CAMK2A	0	0	0	0	0	0	0	0	0	0	0.451
DLGAP3	GRIA1	0	0	0	0	0	0	0	0	0	0	0.507
DLGAP3	NRXN3	0	0	0	0	0	0	0	0	0	0	0.634
DLGAP3	HOMER3	0	0	0	0	0	0	0	0	0	0	0.72
DLGAP3	NRXN1	0	0	0	0	0	0	0	0	0	0	0.733
DLGAP3	NLGN4X	0	0	0	0	0	0	0	0	0	0	0.737
DLGAP3	NLGN1	0	0	0	0	0	0	0	0	0	0	0.737
DLGAP3	GRIN2B	0	0	0	0	0	0	0	0	0	0	0.753
DLGAP3	DLG3	0	0	0	0	0	0	0	0	0	0	0.835
DLGAP3	DLG2	0	0	0	0	0	0	0	0	0	0	0.847
DLGAP3	DLGAP2	0	0	0	0	0	0	0	0	0	0	0.868
DLGAP3	SHANK3	0	0	0	0	0	0	0	0	0	0	0.992
DLGAP3	DLG4	0	0	0	0	0	0	0	0	0	0	0.993
UBE2D1	CTNNB1	0	0	0	0	0	0	0	0	0	0	0.456
UBE2D1	SPOP	0	0	0	0	0	0	0	0	0	0	0.505
UBE2D1	UBE2L3	0	0	0	0	0	0	0	0	0	0	0.654
UBE2D1	UBE2D2	0	0	0	0	0	0	0	0	0	0	0.943
UBE2D1	UBE3A	0	0	0	0	0	0	0	0	0	0	0.984
DLG3	GPHN	0	0	0	0	0	0	0	0	0	0	0.472
DLG3	SHISA9	0	0	0	0	0	0	0	0	0	0	0.513
DLG3	NRXN3	0	0	0	0	0	0	0	0	0	0	0.593
DLG3	HOMER3	0	0	0	0	0	0	0	0	0	0	0.633
DLG3	GRIA3	0	0	0	0	0	0	0	0	0	0	0.644
DLG3	CAMK2A	0	0	0	0	0	0	0	0	0	0	0.688
DLG3	NRXN1	0	0	0	0	0	0	0	0	0	0	0.717
DLG3	SHANK3	0	0	0	0	0	0	0	0	0	0	0.759
DLG3	GRIA1	0	0	0	0	0	0	0	0	0	0	0.815
DLG3	NLGN4X	0	0	0	0	0	0	0	0	0	0	0.863
DLG3	DLGAP2	0	0	0	0	0	0	0	0	0	0	0.872
DLG3	LLGL2	0	0	0	0	0	0	0	0	0	0	0.887
DLG3	NLGN1	0	0	0	0	0	0	0	0	0	0	0.892
DLG3	UBE3A	0	0	0	0	0	0	0	0	0	0	0.913
DLG3	DLG2	0	0	0	0	0	0	0	0	0	0	0.984
DLG3	DLG4	0	0	0	0	0	0	0	0	0	0	0.997
DLG3	GRIN2B	0	0	0	0	0	0	0	0	0	0	0.998
DLG2	CACNB4	0	0	0	0	0	0	0	0	0	0	0.455
DLG2	GPHN	0	0	0	0	0	0	0	0	0	0	0.607
DLG2	HOMER3	0	0	0	0	0	0	0	0	0	0	0.645
DLG2	GRIA3	0	0	0	0	0	0	0	0	0	0	0.655
DLG2	NRXN3	0	0	0	0	0	0	0	0	0	0	0.682
DLG2	CAMK2A	0	0	0	0	0	0	0	0	0	0	0.688
DLG2	NLGN4X	0	0	0	0	0	0	0	0	0	0	0.713
DLG2	NRXN1	0	0	0	0	0	0	0	0	0	0	0.778
DLG2	DLGAP2	0	0	0	0	0	0	0	0	0	0	0.811
DLG2	LLGL2	0	0	0	0	0	0	0	0	0	0	0.844
DLG2	NLGN1	0	0	0	0	0	0	0	0	0	0	0.868
DLG2	GRIA1	0	0	0	0	0	0	0	0	0	0	0.908
DLG2	UBE3A	0	0	0	0	0	0	0	0	0	0	0.913
DLG2	SHANK3	0	0	0	0	0	0	0	0	0	0	0.919
DLG2	DLG4	0	0	0	0	0	0	0	0	0	0	0.969
DLG2	GRIN2B	0	0	0	0	0	0	0	0	0	0	0.996
PRKCZ	CTNNB1	0	0	0	0	0	0	0	0	0	0	0.653
PRKCZ	PIK3R1	0	0	0	0	0	0	0	0	0	0	0.933
PRKCZ	AKT1	0	0	0	0	0	0	0	0	0	0	0.974
PRKCZ	LLGL2	0	0	0	0	0	0	0	0	0	0	0.994
NLGN4X	NXPH1	0	0	0	0	0	0	0	0	0	0	0.407
NLGN4X	PRNP	0	0	0	0	0	0	0	0	0	0	0.475
NLGN4X	CTNNB1	0	0	0	0	0	0	0	0	0	0	0.508
NLGN4X	GRIA1	0	0	0	0	0	0	0	0	0	0	0.514
NLGN4X	GRIN2B	0	0	0	0	0	0	0	0	0	0	0.546
NLGN4X	NLGN1	0	0	0	0	0	0	0	0	0	0	0.548
NLGN4X	MDGA1	0	0	0	0	0	0	0	0	0	0	0.613
NLGN4X	HOMER3	0	0	0	0	0	0	0	0	0	0	0.619
NLGN4X	UBE3A	0	0	0	0	0	0	0	0	0	0	0.633
NLGN4X	GPHN	0	0	0	0	0	0	0	0	0	0	0.767
NLGN4X	DLGAP2	0	0	0	0	0	0	0	0	0	0	0.841
NLGN4X	NRXN3	0	0	0	0	0	0	0	0	0	0	0.859
NLGN4X	SHANK3	0	0	0	0	0	0	0	0	0	0	0.995
NLGN4X	DLG4	0	0	0	0	0	0	0	0	0	0	0.995
NLGN4X	NRXN1	0	0	0	0	0	0	0	0	0	0	0.999
LLGL2	UBE3A	0	0	0	0	0	0	0	0	0	0	0.901
LLGL2	DLG4	0	0	0	0	0	0	0	0	0	0	0.982
SPOP	CTNNB1	0	0	0	0	0	0	0	0	0	0	0.407
SPOP	PIK3R1	0	0	0	0	0	0	0	0	0	0	0.421
SPOP	UBE2D2	0	0	0	0	0	0	0	0	0	0	0.662
UBE2D2	RAD23A	0	0	0	0	0	0	0	0	0	0	0.404
UBE2D2	CTNNB1	0	0	0	0	0	0	0	0	0	0	0.429
UBE2D2	UBE2L3	0	0	0	0	0	0	0	0	0	0	0.683
UBE2D2	UBE3A	0	0	0	0	0	0	0	0	0	0	0.984
NXPH1	NLGN1	0	0	0	0	0	0	0	0	0	0	0.525
NXPH1	NRXN3	0	0	0	0	0	0	0	0	0	0	0.671
NXPH1	NRXN1	0	0	0	0	0	0	0	0	0	0	0.973
NRXN1	GRIA3	0	0	0	0	0	0	0	0	0	0	0.509
NRXN1	UBE3A	0	0	0	0	0	0	0	0	0	0	0.532
NRXN1	CAMK2A	0	0	0	0	0	0	0	0	0	0	0.542
NRXN1	MDGA1	0	0	0	0	0	0	0	0	0	0	0.592
NRXN1	GRIA1	0	0	0	0	0	0	0	0	0	0	0.6
NRXN1	HOMER3	0	0	0	0	0	0	0	0	0	0	0.619
NRXN1	NRXN3	0	0	0	0	0	0	0	0	0	0	0.752
NRXN1	DLGAP2	0	0	0	0	0	0	0	0	0	0	0.803
NRXN1	GPHN	0	0	0	0	0	0	0	0	0	0	0.831
NRXN1	GRIN2B	0	0	0	0	0	0	0	0	0	0	0.832
NRXN1	SHANK3	0	0	0	0	0	0	0	0	0	0	0.961
NRXN1	DLG4	0	0	0	0	0	0	0	0	0	0	0.991
NRXN1	DAG1	0	0	0	0	0	0	0	0	0	0	0.998
NRXN1	NLGN1	0	0	0	0	0	0	0	0	0	0	0.999
NLGN1	CAMK2A	0	0	0	0	0	0	0	0	0	0	0.414
NLGN1	PRNP	0	0	0	0	0	0	0	0	0	0	0.538
NLGN1	UBE3A	0	0	0	0	0	0	0	0	0	0	0.548
NLGN1	CTNNB1	0	0	0	0	0	0	0	0	0	0	0.553
NLGN1	GRIA1	0	0	0	0	0	0	0	0	0	0	0.633
NLGN1	HOMER3	0	0	0	0	0	0	0	0	0	0	0.643
NLGN1	MDGA1	0	0	0	0	0	0	0	0	0	0	0.676
NLGN1	GPHN	0	0	0	0	0	0	0	0	0	0	0.722
NLGN1	GRIN2B	0	0	0	0	0	0	0	0	0	0	0.755
NLGN1	DLGAP2	0	0	0	0	0	0	0	0	0	0	0.811
NLGN1	NRXN3	0	0	0	0	0	0	0	0	0	0	0.964
NLGN1	SHANK3	0	0	0	0	0	0	0	0	0	0	0.978
NLGN1	DLG4	0	0	0	0	0	0	0	0	0	0	0.999
PRNP	AKT1	0	0	0	0	0	0	0	0	0	0	0.424
PRNP	GRIN2B	0	0	0	0	0	0	0	0	0	0	0.452
PRNP	DLG4	0	0	0	0	0	0	0	0	0	0	0.507
UBE2L3	RAD23A	0	0	0	0	0	0	0	0	0	0	0.437
UBE2L3	UBE3A	0	0	0	0	0	0	0	0	0	0	0.999
GPHN	NRXN3	0	0	0	0	0	0	0	0	0	0	0.404
GPHN	CAMK2A	0	0	0	0	0	0	0	0	0	0	0.418
GPHN	AKT1	0	0	0	0	0	0	0	0	0	0	0.472
GPHN	GRIN2B	0	0	0	0	0	0	0	0	0	0	0.526
GPHN	SHANK3	0	0	0	0	0	0	0	0	0	0	0.541
GPHN	GRIA1	0	0	0	0	0	0	0	0	0	0	0.621
GPHN	DLG4	0	0	0	0	0	0	0	0	0	0	0.884
CALML4	ADORA2A	0	0	0	0	0	0	0	0	0	0	0.446
CALML4	HOMER3	0	0	0	0	0	0	0	0	0	0	0.527
CALML4	GRIA1	0	0	0	0	0	0	0	0	0	0	0.586
CALML4	CTNNB1	0	0	0	0	0	0	0	0	0	0	0.631
CALML4	AKT1	0	0	0	0	0	0	0	0	0	0	0.713
CALML4	DLG4	0	0	0	0	0	0	0	0	0	0	0.892
CALML4	GRIN2B	0	0	0	0	0	0	0	0	0	0	0.926
CALML4	CAMK2A	0	0	0	0	0	0	0	0	0	0	0.999
PIK3R1	CTNNB1	0	0	0	0	0	0	0	0	0	0	0.858
PIK3R1	AKT1	0	0	0	0	0	0	0	0	0	0	0.995
GRIA1	NRXN3	0	0	0	0	0	0	0	0	0	0	0.404
GRIA1	DLGAP2	0	0	0	0	0	0	0	0	0	0	0.427
GRIA1	CACNB4	0	0	0	0	0	0	0	0	0	0	0.45
GRIA1	AKT1	0	0	0	0	0	0	0	0	0	0	0.48
GRIA1	UBE3A	0	0	0	0	0	0	0	0	0	0	0.592
GRIA1	SHANK3	0	0	0	0	0	0	0	0	0	0	0.623
GRIA1	GRIN2B	0	0	0	0	0	0	0	0	0	0	0.934
GRIA1	SHISA9	0	0	0	0	0	0	0	0	0	0	0.984
GRIA1	DLG4	0	0	0	0	0	0	0	0	0	0	0.994
GRIA1	GRIA3	0	0	0	0	0	0	0	0	0	0	0.999
GRIA1	CAMK2A	0	0	0	0	0	0	0	0	0	0	0.999
CACNB4	CAMK2A	0	0	0	0	0	0	0	0	0	0	0.717
HOMER3	AKT1	0	0	0	0	0	0	0	0	0	0	0.421
HOMER3	GRIN2B	0	0	0	0	0	0	0	0	0	0	0.466
HOMER3	NRXN3	0	0	0	0	0	0	0	0	0	0	0.516
HOMER3	DLGAP2	0	0	0	0	0	0	0	0	0	0	0.698
HOMER3	DLG4	0	0	0	0	0	0	0	0	0	0	0.868
HOMER3	SHANK3	0	0	0	0	0	0	0	0	0	0	0.884
DAG1	NRXN3	0	0	0	0	0	0	0	0	0	0	0.47
AKT1	ADORA2A	0	0	0	0	0	0	0	0	0	0	0.428
AKT1	GRIN2B	0	0	0	0	0	0	0	0	0	0	0.51
AKT1	SHANK3	0	0	0	0	0	0	0	0	0	0	0.548
AKT1	DLG4	0	0	0	0	0	0	0	0	0	0	0.747
AKT1	CTNNB1	0	0	0	0	0	0	0	0	0	0	0.979
SHISA9	GRIN2B	0	0	0	0	0	0	0	0	0	0	0.779
SHISA9	GRIA3	0	0	0	0	0	0	0	0	0	0	0.824
SHISA9	DLG4	0	0	0	0	0	0	0	0	0	0	0.858
RAD23A	UBE3A	0	0	0	0	0	0	0	0	0	0	0.974
GRIN2B	ADORA2A	0	0	0	0	0	0	0	0	0	0	0.414
GRIN2B	NRXN3	0	0	0	0	0	0	0	0	0	0	0.414
GRIN2B	DLGAP2	0	0	0	0	0	0	0	0	0	0	0.514
GRIN2B	CTNNB1	0	0	0	0	0	0	0	0	0	0	0.757
GRIN2B	SHANK3	0	0	0	0	0	0	0	0	0	0	0.785
GRIN2B	GRIA3	0	0	0	0	0	0	0	0	0	0	0.823
GRIN2B	DLG4	0	0	0	0	0	0	0	0	0	0	0.999
GRIN2B	CAMK2A	0	0	0	0	0	0	0	0	0	0	0.999
GRIA3	CAMK2A	0	0	0	0	0	0	0	0	0	0	0.808
GRIA3	DLG4	0	0	0	0	0	0	0	0	0	0	0.873
SHANK3	CAMK2A	0	0	0	0	0	0	0	0	0	0	0.509
SHANK3	UBE3A	0	0	0	0	0	0	0	0	0	0	0.647
SHANK3	NRXN3	0	0	0	0	0	0	0	0	0	0	0.703
SHANK3	DLGAP2	0	0	0	0	0	0	0	0	0	0	0.988
SHANK3	DLG4	0	0	0	0	0	0	0	0	0	0	0.996
NRXN3	CAMK2A	0	0	0	0	0	0	0	0	0	0	0.404
NRXN3	DLGAP2	0	0	0	0	0	0	0	0	0	0	0.645
NRXN3	DLG4	0	0	0	0	0	0	0	0	0	0	0.858
DLGAP2	CAMK2A	0	0	0	0	0	0	0	0	0	0	0.436
DLGAP2	DLG4	0	0	0	0	0	0	0	0	0	0	0.891
CTNNB1	DLG4	0	0	0	0	0	0	0	0	0	0	0.538
CTNNB1	UBE3A	0	0	0	0	0	0	0	0	0	0	0.974
UBE3A	DLG4	0	0	0	0	0	0	0	0	0	0	0.447
DLG4	CAMK2A	0	0	0	0	0	0	0	0	0	0	0.92
SHANK1	DLG1	0	0	0	0	0	0	0	0	0	0	0.446
SHANK1	DLG3	0	0	0	0	0	0	0	0	0	0	0.778
SHANK1	DLGAP2	0	0	0	0	0	0	0	0	0	0	0.841
SHANK1	DLG2	0	0	0	0	0	0	0	0	0	0	0.878
SHANK1	DLGAP3	0	0	0	0	0	0	0	0	0	0	0.92
SHANK1	HOMER2	0	0	0	0	0	0	0	0	0	0	0.927
SHANK1	HOMER3	0	0	0	0	0	0	0	0	0	0	0.966
SHANK1	SHANK2	0	0	0	0	0	0	0	0	0	0	0.968
SHANK1	SHANK3	0	0	0	0	0	0	0	0	0	0	0.982
SHANK1	HOMER1	0	0	0	0	0	0	0	0	0	0	0.984
SHANK1	DLG4	0	0	0	0	0	0	0	0	0	0	0.992
SHANK1	DLGAP1	0	0	0	0	0	0	0	0	0	0	0.996
HOMER2	DLG2	0	0	0	0	0	0	0	0	0	0	0.61
HOMER2	DLG3	0	0	0	0	0	0	0	0	0	0	0.613
HOMER2	DLGAP2	0	0	0	0	0	0	0	0	0	0	0.637
HOMER2	DLGAP3	0	0	0	0	0	0	0	0	0	0	0.666
HOMER2	SHANK3	0	0	0	0	0	0	0	0	0	0	0.758
HOMER2	DLG4	0	0	0	0	0	0	0	0	0	0	0.779
HOMER2	SHANK2	0	0	0	0	0	0	0	0	0	0	0.782
HOMER2	DLGAP1	0	0	0	0	0	0	0	0	0	0	0.857
HOMER2	HOMER3	0	0	0	0	0	0	0	0	0	0	0.99
HOMER2	HOMER1	0	0	0	0	0	0	0	0	0	0	0.991
DLGAP1	DLGAP2	0	0	0	0	0	0	0	0	0	0	0.704
DLGAP1	DLGAP3	0	0	0	0	0	0	0	0	0	0	0.724
DLGAP1	DLG3	0	0	0	0	0	0	0	0	0	0	0.887
DLGAP1	DLG2	0	0	0	0	0	0	0	0	0	0	0.89
DLGAP1	HOMER3	0	0	0	0	0	0	0	0	0	0	0.943
DLGAP1	DLG1	0	0	0	0	0	0	0	0	0	0	0.952
DLGAP1	SHANK2	0	0	0	0	0	0	0	0	0	0	0.981
DLGAP1	HOMER1	0	0	0	0	0	0	0	0	0	0	0.986
DLGAP1	SHANK3	0	0	0	0	0	0	0	0	0	0	0.997
DLGAP1	DLG4	0	0	0	0	0	0	0	0	0	0	0.999
HOMER1	DLG1	0	0	0	0	0	0	0	0	0	0	0.553
HOMER1	DLG3	0	0	0	0	0	0	0	0	0	0	0.707
HOMER1	DLGAP2	0	0	0	0	0	0	0	0	0	0	0.734
HOMER1	DLGAP3	0	0	0	0	0	0	0	0	0	0	0.816
HOMER1	DLG2	0	0	0	0	0	0	0	0	0	0	0.821
HOMER1	SHANK2	0	0	0	0	0	0	0	0	0	0	0.937
HOMER1	SHANK3	0	0	0	0	0	0	0	0	0	0	0.957
HOMER1	DLG4	0	0	0	0	0	0	0	0	0	0	0.988
HOMER1	HOMER3	0	0	0	0	0	0	0	0	0	0	0.993
SHANK2	DLG1	0	0	0	0	0	0	0	0	0	0	0.416
SHANK2	DLG3	0	0	0	0	0	0	0	0	0	0	0.744
SHANK2	HOMER3	0	0	0	0	0	0	0	0	0	0	0.799
SHANK2	DLG2	0	0	0	0	0	0	0	0	0	0	0.811
SHANK2	DLGAP3	0	0	0	0	0	0	0	0	0	0	0.917
SHANK2	DLGAP2	0	0	0	0	0	0	0	0	0	0	0.969
SHANK2	SHANK3	0	0	0	0	0	0	0	0	0	0	0.98
SHANK2	DLG4	0	0	0	0	0	0	0	0	0	0	0.993
DLG1	SHANK3	0	0	0	0	0	0	0	0	0	0	0.587
DLG1	DLGAP2	0	0	0	0	0	0	0	0	0	0	0.714
DLG1	DLG4	0	0	0	0	0	0	0	0	0	0	0.956
DLG1	DLG2	0	0	0	0	0	0	0	0	0	0	0.962
DLG1	DLG3	0	0	0	0	0	0	0	0	0	0	0.974
DLGAP3	HOMER3	0	0	0	0	0	0	0	0	0	0	0.72
DLGAP3	DLG3	0	0	0	0	0	0	0	0	0	0	0.835
DLGAP3	DLG2	0	0	0	0	0	0	0	0	0	0	0.847
DLGAP3	DLGAP2	0	0	0	0	0	0	0	0	0	0	0.868
DLGAP3	SHANK3	0	0	0	0	0	0	0	0	0	0	0.992
DLGAP3	DLG4	0	0	0	0	0	0	0	0	0	0	0.993
DLG3	HOMER3	0	0	0	0	0	0	0	0	0	0	0.633
DLG3	SHANK3	0	0	0	0	0	0	0	0	0	0	0.759
DLG3	DLGAP2	0	0	0	0	0	0	0	0	0	0	0.872
DLG3	DLG2	0	0	0	0	0	0	0	0	0	0	0.984
DLG3	DLG4	0	0	0	0	0	0	0	0	0	0	0.997
DLG2	HOMER3	0	0	0	0	0	0	0	0	0	0	0.645
DLG2	DLGAP2	0	0	0	0	0	0	0	0	0	0	0.811
DLG2	SHANK3	0	0	0	0	0	0	0	0	0	0	0.919
DLG2	DLG4	0	0	0	0	0	0	0	0	0	0	0.969
HOMER3	DLGAP2	0	0	0	0	0	0	0	0	0	0	0.698
HOMER3	DLG4	0	0	0	0	0	0	0	0	0	0	0.868
HOMER3	SHANK3	0	0	0	0	0	0	0	0	0	0	0.884
SHANK3	DLGAP2	0	0	0	0	0	0	0	0	0	0	0.988
SHANK3	DLG4	0	0	0	0	0	0	0	0	0	0	0.996
DLGAP2	DLG4	0	0	0	0	0	0	0	0	0	0	0.891
SHANK1	DLG1	0	0	0	0	0	0	0	0	0	0	0.446
SHANK1	DLG3	0	0	0	0	0	0	0	0	0	0	0.778
SHANK1	DLGAP2	0	0	0	0	0	0	0	0	0	0	0.841
SHANK1	DLG2	0	0	0	0	0	0	0	0	0	0	0.878
SHANK1	DLGAP3	0	0	0	0	0	0	0	0	0	0	0.92
SHANK1	HOMER2	0	0	0	0	0	0	0	0	0	0	0.927
SHANK1	HOMER3	0	0	0	0	0	0	0	0	0	0	0.966
SHANK1	SHANK2	0	0	0	0	0	0	0	0	0	0	0.968
SHANK1	SHANK3	0	0	0	0	0	0	0	0	0	0	0.982
SHANK1	HOMER1	0	0	0	0	0	0	0	0	0	0	0.984
SHANK1	DLG4	0	0	0	0	0	0	0	0	0	0	0.992
SHANK1	DLGAP1	0	0	0	0	0	0	0	0	0	0	0.996
HOMER2	DLG2	0	0	0	0	0	0	0	0	0	0	0.61
HOMER2	DLG3	0	0	0	0	0	0	0	0	0	0	0.613
HOMER2	DLGAP2	0	0	0	0	0	0	0	0	0	0	0.637
HOMER2	DLGAP3	0	0	0	0	0	0	0	0	0	0	0.666
HOMER2	SHANK3	0	0	0	0	0	0	0	0	0	0	0.758
HOMER2	DLG4	0	0	0	0	0	0	0	0	0	0	0.779
HOMER2	SHANK2	0	0	0	0	0	0	0	0	0	0	0.782
HOMER2	DLGAP1	0	0	0	0	0	0	0	0	0	0	0.857
HOMER2	HOMER3	0	0	0	0	0	0	0	0	0	0	0.99
HOMER2	HOMER1	0	0	0	0	0	0	0	0	0	0	0.991
DLGAP1	DLGAP2	0	0	0	0	0	0	0	0	0	0	0.704
DLGAP1	DLGAP3	0	0	0	0	0	0	0	0	0	0	0.724
DLGAP1	DLG3	0	0	0	0	0	0	0	0	0	0	0.887
DLGAP1	DLG2	0	0	0	0	0	0	0	0	0	0	0.89
DLGAP1	HOMER3	0	0	0	0	0	0	0	0	0	0	0.943
DLGAP1	DLG1	0	0	0	0	0	0	0	0	0	0	0.952
DLGAP1	SHANK2	0	0	0	0	0	0	0	0	0	0	0.981
DLGAP1	HOMER1	0	0	0	0	0	0	0	0	0	0	0.986
DLGAP1	SHANK3	0	0	0	0	0	0	0	0	0	0	0.997
DLGAP1	DLG4	0	0	0	0	0	0	0	0	0	0	0.999
HOMER1	DLG1	0	0	0	0	0	0	0	0	0	0	0.553
HOMER1	DLG3	0	0	0	0	0	0	0	0	0	0	0.707
HOMER1	DLGAP2	0	0	0	0	0	0	0	0	0	0	0.734
HOMER1	DLGAP3	0	0	0	0	0	0	0	0	0	0	0.816
HOMER1	DLG2	0	0	0	0	0	0	0	0	0	0	0.821
HOMER1	SHANK2	0	0	0	0	0	0	0	0	0	0	0.937
HOMER1	SHANK3	0	0	0	0	0	0	0	0	0	0	0.957
HOMER1	DLG4	0	0	0	0	0	0	0	0	0	0	0.988
HOMER1	HOMER3	0	0	0	0	0	0	0	0	0	0	0.993
SHANK2	DLG1	0	0	0	0	0	0	0	0	0	0	0.416
SHANK2	DLG3	0	0	0	0	0	0	0	0	0	0	0.744
SHANK2	HOMER3	0	0	0	0	0	0	0	0	0	0	0.799
SHANK2	DLG2	0	0	0	0	0	0	0	0	0	0	0.811
SHANK2	DLGAP3	0	0	0	0	0	0	0	0	0	0	0.917
SHANK2	DLGAP2	0	0	0	0	0	0	0	0	0	0	0.969
SHANK2	SHANK3	0	0	0	0	0	0	0	0	0	0	0.98
SHANK2	DLG4	0	0	0	0	0	0	0	0	0	0	0.993
DLG1	SHANK3	0	0	0	0	0	0	0	0	0	0	0.587
DLG1	DLGAP2	0	0	0	0	0	0	0	0	0	0	0.714
DLG1	DLG4	0	0	0	0	0	0	0	0	0	0	0.956
DLG1	DLG2	0	0	0	0	0	0	0	0	0	0	0.962
DLG1	DLG3	0	0	0	0	0	0	0	0	0	0	0.974
DLGAP3	HOMER3	0	0	0	0	0	0	0	0	0	0	0.72
DLGAP3	DLG3	0	0	0	0	0	0	0	0	0	0	0.835
DLGAP3	DLG2	0	0	0	0	0	0	0	0	0	0	0.847
DLGAP3	DLGAP2	0	0	0	0	0	0	0	0	0	0	0.868
DLGAP3	SHANK3	0	0	0	0	0	0	0	0	0	0	0.992
DLGAP3	DLG4	0	0	0	0	0	0	0	0	0	0	0.993
DLG3	HOMER3	0	0	0	0	0	0	0	0	0	0	0.633
DLG3	SHANK3	0	0	0	0	0	0	0	0	0	0	0.759
DLG3	DLGAP2	0	0	0	0	0	0	0	0	0	0	0.872
DLG3	DLG2	0	0	0	0	0	0	0	0	0	0	0.984
DLG3	DLG4	0	0	0	0	0	0	0	0	0	0	0.997
DLG2	HOMER3	0	0	0	0	0	0	0	0	0	0	0.645
DLG2	DLGAP2	0	0	0	0	0	0	0	0	0	0	0.811
DLG2	SHANK3	0	0	0	0	0	0	0	0	0	0	0.919
DLG2	DLG4	0	0	0	0	0	0	0	0	0	0	0.969
HOMER3	DLGAP2	0	0	0	0	0	0	0	0	0	0	0.698
HOMER3	DLG4	0	0	0	0	0	0	0	0	0	0	0.868
HOMER3	SHANK3	0	0	0	0	0	0	0	0	0	0	0.884
SHANK3	DLGAP2	0	0	0	0	0	0	0	0	0	0	0.988
SHANK3	DLG4	0	0	0	0	0	0	0	0	0	0	0.996
DLGAP2	DLG4	0	0	0	0	0	0	0	0	0	0	0.891
CBLN1	DLG4	0	0	0	0	0	0	0	0	0	0	0.402
CBLN1	NLGN3	0	0	0	0	0	0	0	0	0	0	0.507
CBLN1	NLGN2	0	0	0	0	0	0	0	0	0	0	0.559
CBLN1	NLGN4X	0	0	0	0	0	0	0	0	0	0	0.56
CBLN1	NRXN3	0	0	0	0	0	0	0	0	0	0	0.565
CBLN1	NLGN1	0	0	0	0	0	0	0	0	0	0	0.611
CBLN1	LRRTM2	0	0	0	0	0	0	0	0	0	0	0.717
CBLN1	NRXN2	0	0	0	0	0	0	0	0	0	0	0.989
CBLN1	NRXN1	0	0	0	0	0	0	0	0	0	0	0.994
TSC2	NLGN4X	0	0	0	0	0	0	0	0	0	0	0.459
TSC2	NLGN3	0	0	0	0	0	0	0	0	0	0	0.471
TSC2	PTK2	0	0	0	0	0	0	0	0	0	0	0.476
TSC2	CTNNB1	0	0	0	0	0	0	0	0	0	0	0.517
TSC2	PIK3R1	0	0	0	0	0	0	0	0	0	0	0.524
TSC2	SHANK3	0	0	0	0	0	0	0	0	0	0	0.537
TSC2	PIK3CA	0	0	0	0	0	0	0	0	0	0	0.687
TSC2	TP53	0	0	0	0	0	0	0	0	0	0	0.713
TSC2	PTEN	0	0	0	0	0	0	0	0	0	0	0.889
TSC2	UBE3A	0	0	0	0	0	0	0	0	0	0	0.981
TSC2	AKT1	0	0	0	0	0	0	0	0	0	0	0.99
CACNG1	CAMK2A	0	0	0	0	0	0	0	0	0	0	0.725
CACNG1	CACNB4	0	0	0	0	0	0	0	0	0	0	0.935
CACNG1	CACNG2	0	0	0	0	0	0	0	0	0	0	0.962
CACNG1	CACNG8	0	0	0	0	0	0	0	0	0	0	0.968
GRIN3B	GRM5	0	0	0	0	0	0	0	0	0	0	0.419
GRIN3B	GRM1	0	0	0	0	0	0	0	0	0	0	0.466
GRIN3B	DLG3	0	0	0	0	0	0	0	0	0	0	0.598
GRIN3B	CNIH2	0	0	0	0	0	0	0	0	0	0	0.746
GRIN3B	SHISA9	0	0	0	0	0	0	0	0	0	0	0.748
GRIN3B	CACNG8	0	0	0	0	0	0	0	0	0	0	0.758
GRIN3B	GRIA2	0	0	0	0	0	0	0	0	0	0	0.787
GRIN3B	GRIA3	0	0	0	0	0	0	0	0	0	0	0.791
GRIN3B	GRIA4	0	0	0	0	0	0	0	0	0	0	0.811
GRIN3B	GRIA1	0	0	0	0	0	0	0	0	0	0	0.84
GRIN3B	CACNG2	0	0	0	0	0	0	0	0	0	0	0.845
GRIN3B	DLG4	0	0	0	0	0	0	0	0	0	0	0.942
GRIN3B	GRIN3A	0	0	0	0	0	0	0	0	0	0	0.995
GRIN3B	GRIN2C	0	0	0	0	0	0	0	0	0	0	0.996
GRIN3B	GRIN2B	0	0	0	0	0	0	0	0	0	0	0.996
GRIN3B	GRIN2D	0	0	0	0	0	0	0	0	0	0	0.996
GRIN3B	GRIN2A	0	0	0	0	0	0	0	0	0	0	0.998
GRIN3B	GRIN1	0	0	0	0	0	0	0	0	0	0	0.999
GRIN2D	DLGAP3	0	0	0	0	0	0	0	0	0	0	0.451
GRIN2D	GRM5	0	0	0	0	0	0	0	0	0	0	0.556
GRIN2D	DLG1	0	0	0	0	0	0	0	0	0	0	0.604
GRIN2D	CAMK2A	0	0	0	0	0	0	0	0	0	0	0.607
GRIN2D	DLGAP1	0	0	0	0	0	0	0	0	0	0	0.617
GRIN2D	DLG2	0	0	0	0	0	0	0	0	0	0	0.634
GRIN2D	DLG3	0	0	0	0	0	0	0	0	0	0	0.659
GRIN2D	GRM1	0	0	0	0	0	0	0	0	0	0	0.678
GRIN2D	CALML4	0	0	0	0	0	0	0	0	0	0	0.74
GRIN2D	CALML3	0	0	0	0	0	0	0	0	0	0	0.74
GRIN2D	CALM3	0	0	0	0	0	0	0	0	0	0	0.755
GRIN2D	CNIH2	0	0	0	0	0	0	0	0	0	0	0.761
GRIN2D	SHISA9	0	0	0	0	0	0	0	0	0	0	0.767
GRIN2D	CACNG8	0	0	0	0	0	0	0	0	0	0	0.778
GRIN2D	PRNP	0	0	0	0	0	0	0	0	0	0	0.779
GRIN2D	CACNG2	0	0	0	0	0	0	0	0	0	0	0.795
GRIN2D	GRIA3	0	0	0	0	0	0	0	0	0	0	0.799
GRIN2D	GRIA2	0	0	0	0	0	0	0	0	0	0	0.8
GRIN2D	GRIA1	0	0	0	0	0	0	0	0	0	0	0.816
GRIN2D	GRIA4	0	0	0	0	0	0	0	0	0	0	0.864
GRIN2D	DLG4	0	0	0	0	0	0	0	0	0	0	0.976
GRIN2D	GRIN3A	0	0	0	0	0	0	0	0	0	0	0.998
GRIN2D	GRIN2B	0	0	0	0	0	0	0	0	0	0	0.998
GRIN2D	GRIN2A	0	0	0	0	0	0	0	0	0	0	0.998
GRIN2D	GRIN2C	0	0	0	0	0	0	0	0	0	0	0.998
GRIN2D	GRIN1	0	0	0	0	0	0	0	0	0	0	0.999
PIK3CA	CALML4	0	0	0	0	0	0	0	0	0	0	0.517
PIK3CA	CALML3	0	0	0	0	0	0	0	0	0	0	0.518
PIK3CA	SPOP	0	0	0	0	0	0	0	0	0	0	0.523
PIK3CA	DLG1	0	0	0	0	0	0	0	0	0	0	0.569
PIK3CA	PREX2	0	0	0	0	0	0	0	0	0	0	0.58
PIK3CA	GNAQ	0	0	0	0	0	0	0	0	0	0	0.901
PIK3CA	CTNNB1	0	0	0	0	0	0	0	0	0	0	0.901
PIK3CA	PRKCZ	0	0	0	0	0	0	0	0	0	0	0.925
PIK3CA	TP53	0	0	0	0	0	0	0	0	0	0	0.941
PIK3CA	FYN	0	0	0	0	0	0	0	0	0	0	0.951
PIK3CA	PRKCI	0	0	0	0	0	0	0	0	0	0	0.952
PIK3CA	PTK2	0	0	0	0	0	0	0	0	0	0	0.97
PIK3CA	PTEN	0	0	0	0	0	0	0	0	0	0	0.995
PIK3CA	AKT1	0	0	0	0	0	0	0	0	0	0	0.998
PIK3CA	PIK3R1	0	0	0	0	0	0	0	0	0	0	0.999
NRXN2	CACNG2	0	0	0	0	0	0	0	0	0	0	0.408
NRXN2	GRIN1	0	0	0	0	0	0	0	0	0	0	0.436
NRXN2	GRIN2A	0	0	0	0	0	0	0	0	0	0	0.452
NRXN2	DLG1	0	0	0	0	0	0	0	0	0	0	0.457
NRXN2	CAMK2A	0	0	0	0	0	0	0	0	0	0	0.507
NRXN2	GRIN2B	0	0	0	0	0	0	0	0	0	0	0.516
NRXN2	GRIA1	0	0	0	0	0	0	0	0	0	0	0.538
NRXN2	NRXN3	0	0	0	0	0	0	0	0	0	0	0.585
NRXN2	HOMER2	0	0	0	0	0	0	0	0	0	0	0.592
NRXN2	EPB41L1	0	0	0	0	0	0	0	0	0	0	0.599
NRXN2	GRIA2	0	0	0	0	0	0	0	0	0	0	0.607
NRXN2	MDGA1	0	0	0	0	0	0	0	0	0	0	0.612
NRXN2	HOMER3	0	0	0	0	0	0	0	0	0	0	0.619
NRXN2	GRM1	0	0	0	0	0	0	0	0	0	0	0.676
NRXN2	GRIA4	0	0	0	0	0	0	0	0	0	0	0.684
NRXN2	HOMER1	0	0	0	0	0	0	0	0	0	0	0.687
NRXN2	DLG3	0	0	0	0	0	0	0	0	0	0	0.713
NRXN2	GRM5	0	0	0	0	0	0	0	0	0	0	0.713
NRXN2	DLGAP2	0	0	0	0	0	0	0	0	0	0	0.714
NRXN2	DLGAP3	0	0	0	0	0	0	0	0	0	0	0.719
NRXN2	DLG2	0	0	0	0	0	0	0	0	0	0	0.741
NRXN2	DLGAP1	0	0	0	0	0	0	0	0	0	0	0.743
NRXN2	NXPH1	0	0	0	0	0	0	0	0	0	0	0.827
NRXN2	GPHN	0	0	0	0	0	0	0	0	0	0	0.831
NRXN2	SHANK1	0	0	0	0	0	0	0	0	0	0	0.876
NRXN2	SHANK2	0	0	0	0	0	0	0	0	0	0	0.88
NRXN2	SHANK3	0	0	0	0	0	0	0	0	0	0	0.897
NRXN2	NRXN1	0	0	0	0	0	0	0	0	0	0	0.922
NRXN2	DLG4	0	0	0	0	0	0	0	0	0	0	0.987
NRXN2	LRRTM2	0	0	0	0	0	0	0	0	0	0	0.993
NRXN2	DAG1	0	0	0	0	0	0	0	0	0	0	0.997
NRXN2	NLGN2	0	0	0	0	0	0	0	0	0	0	0.999
NRXN2	NLGN1	0	0	0	0	0	0	0	0	0	0	0.999
NRXN2	NLGN3	0	0	0	0	0	0	0	0	0	0	0.999
NRXN2	NLGN4Y	0	0	0	0	0	0	0	0	0	0	0.999
NRXN2	NLGN4X	0	0	0	0	0	0	0	0	0	0	0.999
TP53	GNAQ	0	0	0	0	0	0	0	0	0	0	0.479
TP53	UBE2L3	0	0	0	0	0	0	0	0	0	0	0.5
TP53	CALM3	0	0	0	0	0	0	0	0	0	0	0.508
TP53	UBE2D2	0	0	0	0	0	0	0	0	0	0	0.531
TP53	DLG1	0	0	0	0	0	0	0	0	0	0	0.533
TP53	SPOP	0	0	0	0	0	0	0	0	0	0	0.571
TP53	UBE2D1	0	0	0	0	0	0	0	0	0	0	0.578
TP53	SCRIB	0	0	0	0	0	0	0	0	0	0	0.587
TP53	CALML4	0	0	0	0	0	0	0	0	0	0	0.657
TP53	RAD23A	0	0	0	0	0	0	0	0	0	0	0.657
TP53	CALML3	0	0	0	0	0	0	0	0	0	0	0.657
TP53	FYN	0	0	0	0	0	0	0	0	0	0	0.657
TP53	PRKCI	0	0	0	0	0	0	0	0	0	0	0.661
TP53	DLG4	0	0	0	0	0	0	0	0	0	0	0.734
TP53	PIK3R1	0	0	0	0	0	0	0	0	0	0	0.853
TP53	PSMD4	0	0	0	0	0	0	0	0	0	0	0.88
TP53	CTNNB1	0	0	0	0	0	0	0	0	0	0	0.927
TP53	PTK2	0	0	0	0	0	0	0	0	0	0	0.928
TP53	PRKCZ	0	0	0	0	0	0	0	0	0	0	0.933
TP53	AKT1	0	0	0	0	0	0	0	0	0	0	0.994
TP53	UBE3A	0	0	0	0	0	0	0	0	0	0	0.999
TP53	PTEN	0	0	0	0	0	0	0	0	0	0	0.999
CACNG8	EPB41L1	0	0	0	0	0	0	0	0	0	0	0.46
CACNG8	NLGN1	0	0	0	0	0	0	0	0	0	0	0.514
CACNG8	DLG1	0	0	0	0	0	0	0	0	0	0	0.584
CACNG8	DLG3	0	0	0	0	0	0	0	0	0	0	0.649
CACNG8	GRIN3A	0	0	0	0	0	0	0	0	0	0	0.743
CACNG8	CACNG2	0	0	0	0	0	0	0	0	0	0	0.748
CACNG8	GRIN2C	0	0	0	0	0	0	0	0	0	0	0.761
CACNG8	CAMK2A	0	0	0	0	0	0	0	0	0	0	0.782
CACNG8	GRIN1	0	0	0	0	0	0	0	0	0	0	0.799
CACNG8	GRIN2A	0	0	0	0	0	0	0	0	0	0	0.812
CACNG8	GRIN2B	0	0	0	0	0	0	0	0	0	0	0.822
CACNG8	DLG4	0	0	0	0	0	0	0	0	0	0	0.901
CACNG8	GRIA3	0	0	0	0	0	0	0	0	0	0	0.936
CACNG8	GRIA4	0	0	0	0	0	0	0	0	0	0	0.936
CACNG8	CACNB4	0	0	0	0	0	0	0	0	0	0	0.94
CACNG8	SHISA9	0	0	0	0	0	0	0	0	0	0	0.948
CACNG8	CNIH2	0	0	0	0	0	0	0	0	0	0	0.99
CACNG8	GRIA2	0	0	0	0	0	0	0	0	0	0	0.994
CACNG8	GRIA1	0	0	0	0	0	0	0	0	0	0	0.996
LRRTM2	MDGA1	0	0	0	0	0	0	0	0	0	0	0.419
LRRTM2	GPHN	0	0	0	0	0	0	0	0	0	0	0.464
LRRTM2	NLGN4Y	0	0	0	0	0	0	0	0	0	0	0.474
LRRTM2	GRIA1	0	0	0	0	0	0	0	0	0	0	0.493
LRRTM2	NLGN2	0	0	0	0	0	0	0	0	0	0	0.65
LRRTM2	GRIA2	0	0	0	0	0	0	0	0	0	0	0.681
LRRTM2	NLGN4X	0	0	0	0	0	0	0	0	0	0	0.724
LRRTM2	NLGN3	0	0	0	0	0	0	0	0	0	0	0.725
LRRTM2	NLGN1	0	0	0	0	0	0	0	0	0	0	0.815
LRRTM2	DLG4	0	0	0	0	0	0	0	0	0	0	0.902
LRRTM2	NRXN3	0	0	0	0	0	0	0	0	0	0	0.92
LRRTM2	NRXN1	0	0	0	0	0	0	0	0	0	0	0.997
GRIA4	HOMER1	0	0	0	0	0	0	0	0	0	0	0.42
GRIA4	NXPH1	0	0	0	0	0	0	0	0	0	0	0.421
GRIA4	DLGAP1	0	0	0	0	0	0	0	0	0	0	0.423
GRIA4	SHANK1	0	0	0	0	0	0	0	0	0	0	0.45
GRIA4	NLGN1	0	0	0	0	0	0	0	0	0	0	0.496
GRIA4	SHANK2	0	0	0	0	0	0	0	0	0	0	0.579
GRIA4	DLG3	0	0	0	0	0	0	0	0	0	0	0.646
GRIA4	GRM1	0	0	0	0	0	0	0	0	0	0	0.653
GRIA4	GRM5	0	0	0	0	0	0	0	0	0	0	0.667
GRIA4	NRXN1	0	0	0	0	0	0	0	0	0	0	0.688
GRIA4	DLG2	0	0	0	0	0	0	0	0	0	0	0.698
GRIA4	EPB41L1	0	0	0	0	0	0	0	0	0	0	0.807
GRIA4	CAMK2A	0	0	0	0	0	0	0	0	0	0	0.814
GRIA4	GRIN2C	0	0	0	0	0	0	0	0	0	0	0.824
GRIA4	DLG1	0	0	0	0	0	0	0	0	0	0	0.828
GRIA4	DLG4	0	0	0	0	0	0	0	0	0	0	0.829
GRIA4	GRIN2B	0	0	0	0	0	0	0	0	0	0	0.853
GRIA4	GRIN3A	0	0	0	0	0	0	0	0	0	0	0.878
GRIA4	GRIN1	0	0	0	0	0	0	0	0	0	0	0.886
GRIA4	GRIN2A	0	0	0	0	0	0	0	0	0	0	0.898
GRIA4	SHISA9	0	0	0	0	0	0	0	0	0	0	0.919
GRIA4	CNIH2	0	0	0	0	0	0	0	0	0	0	0.94
GRIA4	CACNG2	0	0	0	0	0	0	0	0	0	0	0.975
GRIA4	GRIA3	0	0	0	0	0	0	0	0	0	0	0.997
GRIA4	GRIA1	0	0	0	0	0	0	0	0	0	0	0.997
GRIA4	GRIA2	0	0	0	0	0	0	0	0	0	0	0.999
GRM1	AKT1	0	0	0	0	0	0	0	0	0	0	0.421
GRM1	CALML4	0	0	0	0	0	0	0	0	0	0	0.427
GRM1	CALML3	0	0	0	0	0	0	0	0	0	0	0.432
GRM1	CALM3	0	0	0	0	0	0	0	0	0	0	0.445
GRM1	FYN	0	0	0	0	0	0	0	0	0	0	0.45
GRM1	DLG1	0	0	0	0	0	0	0	0	0	0	0.46
GRM1	PIK3R1	0	0	0	0	0	0	0	0	0	0	0.48
GRM1	GRIN3A	0	0	0	0	0	0	0	0	0	0	0.537
GRM1	NLGN4Y	0	0	0	0	0	0	0	0	0	0	0.573
GRM1	DLG3	0	0	0	0	0	0	0	0	0	0	0.598
GRM1	GRIA3	0	0	0	0	0	0	0	0	0	0	0.602
GRM1	NLGN2	0	0	0	0	0	0	0	0	0	0	0.61
GRM1	GRIN2C	0	0	0	0	0	0	0	0	0	0	0.616
GRM1	NLGN4X	0	0	0	0	0	0	0	0	0	0	0.624
GRM1	DLGAP2	0	0	0	0	0	0	0	0	0	0	0.628
GRM1	DLG2	0	0	0	0	0	0	0	0	0	0	0.64
GRM1	NLGN3	0	0	0	0	0	0	0	0	0	0	0.648
GRM1	NLGN1	0	0	0	0	0	0	0	0	0	0	0.652
GRM1	GRIN1	0	0	0	0	0	0	0	0	0	0	0.659
GRM1	NRXN3	0	0	0	0	0	0	0	0	0	0	0.687
GRM1	DLGAP3	0	0	0	0	0	0	0	0	0	0	0.688
GRM1	NRXN1	0	0	0	0	0	0	0	0	0	0	0.705
GRM1	SHANK2	0	0	0	0	0	0	0	0	0	0	0.714
GRM1	GRIN2A	0	0	0	0	0	0	0	0	0	0	0.738
GRM1	GRIN2B	0	0	0	0	0	0	0	0	0	0	0.758
GRM1	SHANK3	0	0	0	0	0	0	0	0	0	0	0.788
GRM1	GRIA2	0	0	0	0	0	0	0	0	0	0	0.809
GRM1	GRIA1	0	0	0	0	0	0	0	0	0	0	0.849
GRM1	DLG4	0	0	0	0	0	0	0	0	0	0	0.862
GRM1	SHANK1	0	0	0	0	0	0	0	0	0	0	0.899
GRM1	DLGAP1	0	0	0	0	0	0	0	0	0	0	0.938
GRM1	CAMK2A	0	0	0	0	0	0	0	0	0	0	0.968
GRM1	GRM5	0	0	0	0	0	0	0	0	0	0	0.977
GRM1	HOMER2	0	0	0	0	0	0	0	0	0	0	0.989
GRM1	HOMER3	0	0	0	0	0	0	0	0	0	0	0.99
GRM1	GNAQ	0	0	0	0	0	0	0	0	0	0	0.998
GRM1	HOMER1	0	0	0	0	0	0	0	0	0	0	0.998
GNAQ	CTNNB1	0	0	0	0	0	0	0	0	0	0	0.56
GNAQ	PTEN	0	0	0	0	0	0	0	0	0	0	0.567
GNAQ	CALML4	0	0	0	0	0	0	0	0	0	0	0.57
GNAQ	CALML3	0	0	0	0	0	0	0	0	0	0	0.581
GNAQ	CALM3	0	0	0	0	0	0	0	0	0	0	0.593
GNAQ	AKT1	0	0	0	0	0	0	0	0	0	0	0.775
GNAQ	PIK3R1	0	0	0	0	0	0	0	0	0	0	0.854
GNAQ	ADORA2A	0	0	0	0	0	0	0	0	0	0	0.959
GNAQ	GRM5	0	0	0	0	0	0	0	0	0	0	0.999
PREX2	AKT1	0	0	0	0	0	0	0	0	0	0	0.444
PREX2	PTEN	0	0	0	0	0	0	0	0	0	0	0.99
CALM3	GRIA2	0	0	0	0	0	0	0	0	0	0	0.434
CALM3	PTEN	0	0	0	0	0	0	0	0	0	0	0.451
CALM3	DLG1	0	0	0	0	0	0	0	0	0	0	0.457
CALM3	CACNB4	0	0	0	0	0	0	0	0	0	0	0.463
CALM3	MAST2	0	0	0	0	0	0	0	0	0	0	0.471
CALM3	PIK3R1	0	0	0	0	0	0	0	0	0	0	0.513
CALM3	GRIN3A	0	0	0	0	0	0	0	0	0	0	0.515
CALM3	ADORA2A	0	0	0	0	0	0	0	0	0	0	0.515
CALM3	HOMER2	0	0	0	0	0	0	0	0	0	0	0.517
CALM3	CTNNB1	0	0	0	0	0	0	0	0	0	0	0.528
CALM3	HOMER3	0	0	0	0	0	0	0	0	0	0	0.533
CALM3	GRIA1	0	0	0	0	0	0	0	0	0	0	0.583
CALM3	HOMER1	0	0	0	0	0	0	0	0	0	0	0.63
CALM3	FYN	0	0	0	0	0	0	0	0	0	0	0.685
CALM3	GRM5	0	0	0	0	0	0	0	0	0	0	0.688
CALM3	GRIN2C	0	0	0	0	0	0	0	0	0	0	0.758
CALM3	AKT1	0	0	0	0	0	0	0	0	0	0	0.802
CALM3	GRIN2A	0	0	0	0	0	0	0	0	0	0	0.901
CALM3	GRIN2B	0	0	0	0	0	0	0	0	0	0	0.91
CALM3	DLG4	0	0	0	0	0	0	0	0	0	0	0.989
CALM3	CALML4	0	0	0	0	0	0	0	0	0	0	0.996
CALM3	GRIN1	0	0	0	0	0	0	0	0	0	0	0.996
CALM3	CALML3	0	0	0	0	0	0	0	0	0	0	0.996
CALM3	CAMK2A	0	0	0	0	0	0	0	0	0	0	0.999
GRIN2C	MAGI2	0	0	0	0	0	0	0	0	0	0	0.409
GRIN2C	SHANK1	0	0	0	0	0	0	0	0	0	0	0.416
GRIN2C	GRM5	0	0	0	0	0	0	0	0	0	0	0.621
GRIN2C	DLG1	0	0	0	0	0	0	0	0	0	0	0.681
GRIN2C	SHISA9	0	0	0	0	0	0	0	0	0	0	0.733
GRIN2C	CAMK2A	0	0	0	0	0	0	0	0	0	0	0.735
GRIN2C	CALML3	0	0	0	0	0	0	0	0	0	0	0.741
GRIN2C	CALML4	0	0	0	0	0	0	0	0	0	0	0.741
GRIN2C	CNIH2	0	0	0	0	0	0	0	0	0	0	0.765
GRIN2C	GRIA3	0	0	0	0	0	0	0	0	0	0	0.809
GRIN2C	CACNG2	0	0	0	0	0	0	0	0	0	0	0.817
GRIN2C	DLG2	0	0	0	0	0	0	0	0	0	0	0.818
GRIN2C	GRIA2	0	0	0	0	0	0	0	0	0	0	0.822
GRIN2C	GRIA1	0	0	0	0	0	0	0	0	0	0	0.829
GRIN2C	DLG3	0	0	0	0	0	0	0	0	0	0	0.872
GRIN2C	DLG4	0	0	0	0	0	0	0	0	0	0	0.99
GRIN2C	GRIN2A	0	0	0	0	0	0	0	0	0	0	0.998
GRIN2C	GRIN2B	0	0	0	0	0	0	0	0	0	0	0.998
GRIN2C	GRIN3A	0	0	0	0	0	0	0	0	0	0	0.998
GRIN2C	GRIN1	0	0	0	0	0	0	0	0	0	0	0.999
SHANK1	GPHN	0	0	0	0	0	0	0	0	0	0	0.416
SHANK1	CACNG2	0	0	0	0	0	0	0	0	0	0	0.418
SHANK1	MAGI2	0	0	0	0	0	0	0	0	0	0	0.418
SHANK1	DLG1	0	0	0	0	0	0	0	0	0	0	0.446
SHANK1	CAMK2A	0	0	0	0	0	0	0	0	0	0	0.533
SHANK1	GRIA2	0	0	0	0	0	0	0	0	0	0	0.563
SHANK1	GRIN1	0	0	0	0	0	0	0	0	0	0	0.596
SHANK1	GRIA1	0	0	0	0	0	0	0	0	0	0	0.619
SHANK1	NRXN3	0	0	0	0	0	0	0	0	0	0	0.696
SHANK1	GRIN2A	0	0	0	0	0	0	0	0	0	0	0.742
SHANK1	GRIN2B	0	0	0	0	0	0	0	0	0	0	0.752
SHANK1	NLGN4Y	0	0	0	0	0	0	0	0	0	0	0.76
SHANK1	DLG3	0	0	0	0	0	0	0	0	0	0	0.778
SHANK1	DLGAP2	0	0	0	0	0	0	0	0	0	0	0.841
SHANK1	NLGN2	0	0	0	0	0	0	0	0	0	0	0.868
SHANK1	DLG2	0	0	0	0	0	0	0	0	0	0	0.878
SHANK1	NRXN1	0	0	0	0	0	0	0	0	0	0	0.887
SHANK1	NLGN4X	0	0	0	0	0	0	0	0	0	0	0.894
SHANK1	NLGN3	0	0	0	0	0	0	0	0	0	0	0.904
SHANK1	DLGAP3	0	0	0	0	0	0	0	0	0	0	0.92
SHANK1	NLGN1	0	0	0	0	0	0	0	0	0	0	0.926
SHANK1	HOMER2	0	0	0	0	0	0	0	0	0	0	0.927
SHANK1	GRM5	0	0	0	0	0	0	0	0	0	0	0.939
SHANK1	HOMER3	0	0	0	0	0	0	0	0	0	0	0.966
SHANK1	SHANK2	0	0	0	0	0	0	0	0	0	0	0.968
SHANK1	SHANK3	0	0	0	0	0	0	0	0	0	0	0.982
SHANK1	HOMER1	0	0	0	0	0	0	0	0	0	0	0.984
SHANK1	DLG4	0	0	0	0	0	0	0	0	0	0	0.992
SHANK1	DLGAP1	0	0	0	0	0	0	0	0	0	0	0.996
PRKCI	PIK3R1	0	0	0	0	0	0	0	0	0	0	0.919
PRKCI	PTEN	0	0	0	0	0	0	0	0	0	0	0.933
PRKCI	PRKCZ	0	0	0	0	0	0	0	0	0	0	0.989
PRKCI	LLGL1	0	0	0	0	0	0	0	0	0	0	0.993
PRKCI	LLGL2	0	0	0	0	0	0	0	0	0	0	0.996
GRIA2	DLGAP3	0	0	0	0	0	0	0	0	0	0	0.401
GRIA2	CALML4	0	0	0	0	0	0	0	0	0	0	0.404
GRIA2	PIK3R1	0	0	0	0	0	0	0	0	0	0	0.415
GRIA2	NRXN3	0	0	0	0	0	0	0	0	0	0	0.416
GRIA2	DLGAP2	0	0	0	0	0	0	0	0	0	0	0.422
GRIA2	NLGN4Y	0	0	0	0	0	0	0	0	0	0	0.426
GRIA2	NLGN4X	0	0	0	0	0	0	0	0	0	0	0.485
GRIA2	EPB41L1	0	0	0	0	0	0	0	0	0	0	0.485
GRIA2	NLGN2	0	0	0	0	0	0	0	0	0	0	0.516
GRIA2	GPHN	0	0	0	0	0	0	0	0	0	0	0.52
GRIA2	NLGN3	0	0	0	0	0	0	0	0	0	0	0.535
GRIA2	SHANK3	0	0	0	0	0	0	0	0	0	0	0.573
GRIA2	HOMER1	0	0	0	0	0	0	0	0	0	0	0.596
GRIA2	CTNNB1	0	0	0	0	0	0	0	0	0	0	0.615
GRIA2	SHANK2	0	0	0	0	0	0	0	0	0	0	0.637
GRIA2	NLGN1	0	0	0	0	0	0	0	0	0	0	0.64
GRIA2	NRXN1	0	0	0	0	0	0	0	0	0	0	0.695
GRIA2	DLGAP1	0	0	0	0	0	0	0	0	0	0	0.722
GRIA2	DLG3	0	0	0	0	0	0	0	0	0	0	0.789
GRIA2	DLG1	0	0	0	0	0	0	0	0	0	0	0.809
GRIA2	DLG2	0	0	0	0	0	0	0	0	0	0	0.815
GRIA2	GRIN3A	0	0	0	0	0	0	0	0	0	0	0.845
GRIA2	GRM5	0	0	0	0	0	0	0	0	0	0	0.852
GRIA2	SHISA9	0	0	0	0	0	0	0	0	0	0	0.855
GRIA2	GRIN2B	0	0	0	0	0	0	0	0	0	0	0.885
GRIA2	GRIN1	0	0	0	0	0	0	0	0	0	0	0.901
GRIA2	GRIN2A	0	0	0	0	0	0	0	0	0	0	0.933
GRIA2	DLG4	0	0	0	0	0	0	0	0	0	0	0.968
GRIA2	CAMK2A	0	0	0	0	0	0	0	0	0	0	0.977
GRIA2	CNIH2	0	0	0	0	0	0	0	0	0	0	0.99
GRIA2	CACNG2	0	0	0	0	0	0	0	0	0	0	0.995
GRIA2	GRIA1	0	0	0	0	0	0	0	0	0	0	0.999
GRIA2	GRIA3	0	0	0	0	0	0	0	0	0	0	0.999
CACNG2	NLGN1	0	0	0	0	0	0	0	0	0	0	0.413
CACNG2	NRXN1	0	0	0	0	0	0	0	0	0	0	0.435
CACNG2	HOMER1	0	0	0	0	0	0	0	0	0	0	0.446
CACNG2	EPB41L1	0	0	0	0	0	0	0	0	0	0	0.67
CACNG2	DLGAP1	0	0	0	0	0	0	0	0	0	0	0.751
CACNG2	DLG2	0	0	0	0	0	0	0	0	0	0	0.783
CACNG2	CAMK2A	0	0	0	0	0	0	0	0	0	0	0.808
CACNG2	GRIN3A	0	0	0	0	0	0	0	0	0	0	0.852
CACNG2	GRIN2A	0	0	0	0	0	0	0	0	0	0	0.88
CACNG2	GRIN2B	0	0	0	0	0	0	0	0	0	0	0.893
CACNG2	GRIN1	0	0	0	0	0	0	0	0	0	0	0.894
CACNG2	DLG3	0	0	0	0	0	0	0	0	0	0	0.9
CACNG2	CNIH2	0	0	0	0	0	0	0	0	0	0	0.906
CACNG2	MAGI2	0	0	0	0	0	0	0	0	0	0	0.915
CACNG2	DLG1	0	0	0	0	0	0	0	0	0	0	0.941
CACNG2	CACNB4	0	0	0	0	0	0	0	0	0	0	0.951
CACNG2	SHISA9	0	0	0	0	0	0	0	0	0	0	0.973
CACNG2	GRIA3	0	0	0	0	0	0	0	0	0	0	0.984
CACNG2	DLG4	0	0	0	0	0	0	0	0	0	0	0.999
CACNG2	GRIA1	0	0	0	0	0	0	0	0	0	0	0.999
NLGN2	CAMK2A	0	0	0	0	0	0	0	0	0	0	0.411
NLGN2	NXPH1	0	0	0	0	0	0	0	0	0	0	0.414
NLGN2	DLG1	0	0	0	0	0	0	0	0	0	0	0.44
NLGN2	PTEN	0	0	0	0	0	0	0	0	0	0	0.455
NLGN2	GRIN1	0	0	0	0	0	0	0	0	0	0	0.469
NLGN2	PRNP	0	0	0	0	0	0	0	0	0	0	0.485
NLGN2	GRIN2B	0	0	0	0	0	0	0	0	0	0	0.496
NLGN2	CTNNB1	0	0	0	0	0	0	0	0	0	0	0.499
NLGN2	GRIN2A	0	0	0	0	0	0	0	0	0	0	0.521
NLGN2	NLGN4Y	0	0	0	0	0	0	0	0	0	0	0.525
NLGN2	GRIA1	0	0	0	0	0	0	0	0	0	0	0.532
NLGN2	DAG1	0	0	0	0	0	0	0	0	0	0	0.59
NLGN2	EPB41L1	0	0	0	0	0	0	0	0	0	0	0.624
NLGN2	HOMER2	0	0	0	0	0	0	0	0	0	0	0.647
NLGN2	GRM5	0	0	0	0	0	0	0	0	0	0	0.668
NLGN2	NLGN3	0	0	0	0	0	0	0	0	0	0	0.683
NLGN2	HOMER3	0	0	0	0	0	0	0	0	0	0	0.697
NLGN2	HOMER1	0	0	0	0	0	0	0	0	0	0	0.699
NLGN2	NLGN4X	0	0	0	0	0	0	0	0	0	0	0.704
NLGN2	NLGN1	0	0	0	0	0	0	0	0	0	0	0.704
NLGN2	DLGAP3	0	0	0	0	0	0	0	0	0	0	0.709
NLGN2	DLGAP2	0	0	0	0	0	0	0	0	0	0	0.715
NLGN2	DLG2	0	0	0	0	0	0	0	0	0	0	0.784
NLGN2	MAGI2	0	0	0	0	0	0	0	0	0	0	0.813
NLGN2	DLGAP1	0	0	0	0	0	0	0	0	0	0	0.844
NLGN2	SHANK2	0	0	0	0	0	0	0	0	0	0	0.868
NLGN2	DLG3	0	0	0	0	0	0	0	0	0	0	0.883
NLGN2	SHANK3	0	0	0	0	0	0	0	0	0	0	0.935
NLGN2	GPHN	0	0	0	0	0	0	0	0	0	0	0.968
NLGN2	NRXN3	0	0	0	0	0	0	0	0	0	0	0.978
NLGN2	MDGA1	0	0	0	0	0	0	0	0	0	0	0.994
NLGN2	DLG4	0	0	0	0	0	0	0	0	0	0	0.998
NLGN2	NRXN1	0	0	0	0	0	0	0	0	0	0	0.999
HOMER2	GRIA1	0	0	0	0	0	0	0	0	0	0	0.4
HOMER2	GRIN1	0	0	0	0	0	0	0	0	0	0	0.42
HOMER2	GRIN2A	0	0	0	0	0	0	0	0	0	0	0.478
HOMER2	GRIN2B	0	0	0	0	0	0	0	0	0	0	0.502
HOMER2	CALML4	0	0	0	0	0	0	0	0	0	0	0.507
HOMER2	CALML3	0	0	0	0	0	0	0	0	0	0	0.518
HOMER2	NLGN4X	0	0	0	0	0	0	0	0	0	0	0.596
HOMER2	NRXN1	0	0	0	0	0	0	0	0	0	0	0.605
HOMER2	NLGN4Y	0	0	0	0	0	0	0	0	0	0	0.607
HOMER2	DLG2	0	0	0	0	0	0	0	0	0	0	0.61
HOMER2	DLG3	0	0	0	0	0	0	0	0	0	0	0.613
HOMER2	NLGN1	0	0	0	0	0	0	0	0	0	0	0.618
HOMER2	DLGAP2	0	0	0	0	0	0	0	0	0	0	0.637
HOMER2	AKT1	0	0	0	0	0	0	0	0	0	0	0.638
HOMER2	NLGN3	0	0	0	0	0	0	0	0	0	0	0.641
HOMER2	DLGAP3	0	0	0	0	0	0	0	0	0	0	0.666
HOMER2	NRXN3	0	0	0	0	0	0	0	0	0	0	0.691
HOMER2	SHANK3	0	0	0	0	0	0	0	0	0	0	0.758
HOMER2	DLG4	0	0	0	0	0	0	0	0	0	0	0.779
HOMER2	SHANK2	0	0	0	0	0	0	0	0	0	0	0.782
HOMER2	DLGAP1	0	0	0	0	0	0	0	0	0	0	0.857
HOMER2	GRM5	0	0	0	0	0	0	0	0	0	0	0.965
HOMER2	HOMER3	0	0	0	0	0	0	0	0	0	0	0.99
HOMER2	HOMER1	0	0	0	0	0	0	0	0	0	0	0.991
GRM5	AKT1	0	0	0	0	0	0	0	0	0	0	0.44
GRM5	FYN	0	0	0	0	0	0	0	0	0	0	0.471
GRM5	CALML4	0	0	0	0	0	0	0	0	0	0	0.49
GRM5	CALML3	0	0	0	0	0	0	0	0	0	0	0.493
GRM5	PRKCZ	0	0	0	0	0	0	0	0	0	0	0.515
GRM5	NXPH1	0	0	0	0	0	0	0	0	0	0	0.54
GRM5	GPHN	0	0	0	0	0	0	0	0	0	0	0.545
GRM5	EPB41L1	0	0	0	0	0	0	0	0	0	0	0.547
GRM5	NLGN4Y	0	0	0	0	0	0	0	0	0	0	0.611
GRM5	DLG3	0	0	0	0	0	0	0	0	0	0	0.642
GRM5	DLGAP2	0	0	0	0	0	0	0	0	0	0	0.686
GRM5	NLGN4X	0	0	0	0	0	0	0	0	0	0	0.696
GRM5	GRIN3A	0	0	0	0	0	0	0	0	0	0	0.699
GRM5	DLG2	0	0	0	0	0	0	0	0	0	0	0.702
GRM5	NLGN1	0	0	0	0	0	0	0	0	0	0	0.716
GRM5	NRXN3	0	0	0	0	0	0	0	0	0	0	0.724
GRM5	NLGN3	0	0	0	0	0	0	0	0	0	0	0.735
GRM5	NRXN1	0	0	0	0	0	0	0	0	0	0	0.766
GRM5	GRIA3	0	0	0	0	0	0	0	0	0	0	0.782
GRM5	DLGAP3	0	0	0	0	0	0	0	0	0	0	0.786
GRM5	GRIN1	0	0	0	0	0	0	0	0	0	0	0.792
GRM5	GRIN2A	0	0	0	0	0	0	0	0	0	0	0.841
GRM5	GRIN2B	0	0	0	0	0	0	0	0	0	0	0.842
GRM5	SHANK2	0	0	0	0	0	0	0	0	0	0	0.869
GRM5	SHANK3	0	0	0	0	0	0	0	0	0	0	0.88
GRM5	DLG4	0	0	0	0	0	0	0	0	0	0	0.902
GRM5	DLGAP1	0	0	0	0	0	0	0	0	0	0	0.915
GRM5	GRIA1	0	0	0	0	0	0	0	0	0	0	0.916
GRM5	HOMER3	0	0	0	0	0	0	0	0	0	0	0.929
GRM5	PRNP	0	0	0	0	0	0	0	0	0	0	0.953
GRM5	CAMK2A	0	0	0	0	0	0	0	0	0	0	0.975
GRM5	ADORA2A	0	0	0	0	0	0	0	0	0	0	0.976
GRM5	HOMER1	0	0	0	0	0	0	0	0	0	0	0.999
CNIH2	DLG3	0	0	0	0	0	0	0	0	0	0	0.552
CNIH2	GRIN3A	0	0	0	0	0	0	0	0	0	0	0.763
CNIH2	GRIN2B	0	0	0	0	0	0	0	0	0	0	0.774
CNIH2	GRIN2A	0	0	0	0	0	0	0	0	0	0	0.784
CNIH2	GRIN1	0	0	0	0	0	0	0	0	0	0	0.796
CNIH2	DLG4	0	0	0	0	0	0	0	0	0	0	0.856
CNIH2	SHISA9	0	0	0	0	0	0	0	0	0	0	0.949
CNIH2	GRIA3	0	0	0	0	0	0	0	0	0	0	0.97
CNIH2	GRIA1	0	0	0	0	0	0	0	0	0	0	0.995
CALML3	PTEN	0	0	0	0	0	0	0	0	0	0	0.437
CALML3	ADORA2A	0	0	0	0	0	0	0	0	0	0	0.455
CALML3	DLG1	0	0	0	0	0	0	0	0	0	0	0.456
CALML3	HOMER3	0	0	0	0	0	0	0	0	0	0	0.532
CALML3	GRIA1	0	0	0	0	0	0	0	0	0	0	0.581
CALML3	HOMER1	0	0	0	0	0	0	0	0	0	0	0.625
CALML3	CTNNB1	0	0	0	0	0	0	0	0	0	0	0.628
CALML3	FYN	0	0	0	0	0	0	0	0	0	0	0.682
CALML3	AKT1	0	0	0	0	0	0	0	0	0	0	0.719
CALML3	DLG4	0	0	0	0	0	0	0	0	0	0	0.891
CALML3	GRIN2A	0	0	0	0	0	0	0	0	0	0	0.895
CALML3	GRIN2B	0	0	0	0	0	0	0	0	0	0	0.927
CALML3	GRIN1	0	0	0	0	0	0	0	0	0	0	0.96
CALML3	CALML4	0	0	0	0	0	0	0	0	0	0	0.963
CALML3	CAMK2A	0	0	0	0	0	0	0	0	0	0	0.999
DLGAP1	GRIN1	0	0	0	0	0	0	0	0	0	0	0.57
DLGAP1	NRXN3	0	0	0	0	0	0	0	0	0	0	0.659
DLGAP1	CAMK2A	0	0	0	0	0	0	0	0	0	0	0.703
DLGAP1	DLGAP2	0	0	0	0	0	0	0	0	0	0	0.704
DLGAP1	DLGAP3	0	0	0	0	0	0	0	0	0	0	0.724
DLGAP1	MAGI2	0	0	0	0	0	0	0	0	0	0	0.732
DLGAP1	NRXN1	0	0	0	0	0	0	0	0	0	0	0.774
DLGAP1	NLGN4Y	0	0	0	0	0	0	0	0	0	0	0.843
DLGAP1	GRIA1	0	0	0	0	0	0	0	0	0	0	0.852
DLGAP1	NLGN3	0	0	0	0	0	0	0	0	0	0	0.855
DLGAP1	NLGN4X	0	0	0	0	0	0	0	0	0	0	0.861
DLGAP1	GRIN2A	0	0	0	0	0	0	0	0	0	0	0.885
DLGAP1	DLG3	0	0	0	0	0	0	0	0	0	0	0.887
DLGAP1	DLG2	0	0	0	0	0	0	0	0	0	0	0.89
DLGAP1	GRIN2B	0	0	0	0	0	0	0	0	0	0	0.9
DLGAP1	NLGN1	0	0	0	0	0	0	0	0	0	0	0.927
DLGAP1	HOMER3	0	0	0	0	0	0	0	0	0	0	0.943
DLGAP1	DLG1	0	0	0	0	0	0	0	0	0	0	0.952
DLGAP1	SHANK2	0	0	0	0	0	0	0	0	0	0	0.981
DLGAP1	HOMER1	0	0	0	0	0	0	0	0	0	0	0.986
DLGAP1	SHANK3	0	0	0	0	0	0	0	0	0	0	0.997
DLGAP1	DLG4	0	0	0	0	0	0	0	0	0	0	0.999
LLGL1	FYN	0	0	0	0	0	0	0	0	0	0	0.406
LLGL1	DLG2	0	0	0	0	0	0	0	0	0	0	0.84
LLGL1	UBE3A	0	0	0	0	0	0	0	0	0	0	0.905
LLGL1	DLG3	0	0	0	0	0	0	0	0	0	0	0.939
LLGL1	SCRIB	0	0	0	0	0	0	0	0	0	0	0.964
LLGL1	DLG1	0	0	0	0	0	0	0	0	0	0	0.975
LLGL1	DLG4	0	0	0	0	0	0	0	0	0	0	0.983
LLGL1	LLGL2	0	0	0	0	0	0	0	0	0	0	0.993
LLGL1	PRKCZ	0	0	0	0	0	0	0	0	0	0	0.995
GRIN2A	NLGN4X	0	0	0	0	0	0	0	0	0	0	0.471
GRIN2A	NLGN3	0	0	0	0	0	0	0	0	0	0	0.472
GRIN2A	GPHN	0	0	0	0	0	0	0	0	0	0	0.482
GRIN2A	CACNB4	0	0	0	0	0	0	0	0	0	0	0.54
GRIN2A	NLGN1	0	0	0	0	0	0	0	0	0	0	0.554
GRIN2A	SHANK2	0	0	0	0	0	0	0	0	0	0	0.555
GRIN2A	DLGAP3	0	0	0	0	0	0	0	0	0	0	0.574
GRIN2A	MAGI2	0	0	0	0	0	0	0	0	0	0	0.575
GRIN2A	DLGAP2	0	0	0	0	0	0	0	0	0	0	0.577
GRIN2A	NRXN1	0	0	0	0	0	0	0	0	0	0	0.617
GRIN2A	SHANK3	0	0	0	0	0	0	0	0	0	0	0.638
GRIN2A	AKT1	0	0	0	0	0	0	0	0	0	0	0.659
GRIN2A	HOMER1	0	0	0	0	0	0	0	0	0	0	0.768
GRIN2A	SHISA9	0	0	0	0	0	0	0	0	0	0	0.786
GRIN2A	GRIA3	0	0	0	0	0	0	0	0	0	0	0.886
GRIN2A	CALML4	0	0	0	0	0	0	0	0	0	0	0.897
GRIN2A	GRIA1	0	0	0	0	0	0	0	0	0	0	0.926
GRIN2A	CAMK2A	0	0	0	0	0	0	0	0	0	0	0.968
GRIN2A	DLG1	0	0	0	0	0	0	0	0	0	0	0.979
GRIN2A	FYN	0	0	0	0	0	0	0	0	0	0	0.981
GRIN2A	DLG2	0	0	0	0	0	0	0	0	0	0	0.997
GRIN2A	DLG3	0	0	0	0	0	0	0	0	0	0	0.998
GRIN2A	GRIN1	0	0	0	0	0	0	0	0	0	0	0.999
GRIN2A	GRIN2B	0	0	0	0	0	0	0	0	0	0	0.999
GRIN2A	GRIN3A	0	0	0	0	0	0	0	0	0	0	0.999
GRIN2A	DLG4	0	0	0	0	0	0	0	0	0	0	0.999
HOMER1	GRIA3	0	0	0	0	0	0	0	0	0	0	0.43
HOMER1	PRNP	0	0	0	0	0	0	0	0	0	0	0.521
HOMER1	DLG1	0	0	0	0	0	0	0	0	0	0	0.553
HOMER1	NRXN3	0	0	0	0	0	0	0	0	0	0	0.608
HOMER1	CALML4	0	0	0	0	0	0	0	0	0	0	0.618
HOMER1	GRIN1	0	0	0	0	0	0	0	0	0	0	0.641
HOMER1	NLGN4Y	0	0	0	0	0	0	0	0	0	0	0.649
HOMER1	GRIN2B	0	0	0	0	0	0	0	0	0	0	0.675
HOMER1	NLGN4X	0	0	0	0	0	0	0	0	0	0	0.69
HOMER1	NRXN1	0	0	0	0	0	0	0	0	0	0	0.706
HOMER1	DLG3	0	0	0	0	0	0	0	0	0	0	0.707
HOMER1	NLGN3	0	0	0	0	0	0	0	0	0	0	0.721
HOMER1	NLGN1	0	0	0	0	0	0	0	0	0	0	0.726
HOMER1	GPHN	0	0	0	0	0	0	0	0	0	0	0.733
HOMER1	DLGAP2	0	0	0	0	0	0	0	0	0	0	0.734
HOMER1	CAMK2A	0	0	0	0	0	0	0	0	0	0	0.735
HOMER1	EPB41L1	0	0	0	0	0	0	0	0	0	0	0.747
HOMER1	DLGAP3	0	0	0	0	0	0	0	0	0	0	0.816
HOMER1	DLG2	0	0	0	0	0	0	0	0	0	0	0.821
HOMER1	GRIA1	0	0	0	0	0	0	0	0	0	0	0.873
HOMER1	SHANK2	0	0	0	0	0	0	0	0	0	0	0.937
HOMER1	SHANK3	0	0	0	0	0	0	0	0	0	0	0.957
HOMER1	DLG4	0	0	0	0	0	0	0	0	0	0	0.988
HOMER1	HOMER3	0	0	0	0	0	0	0	0	0	0	0.993
EPB41L1	DLG3	0	0	0	0	0	0	0	0	0	0	0.471
EPB41L1	NRXN3	0	0	0	0	0	0	0	0	0	0	0.528
EPB41L1	NLGN3	0	0	0	0	0	0	0	0	0	0	0.543
EPB41L1	NLGN4Y	0	0	0	0	0	0	0	0	0	0	0.547
EPB41L1	CAMK2A	0	0	0	0	0	0	0	0	0	0	0.571
EPB41L1	NLGN4X	0	0	0	0	0	0	0	0	0	0	0.578
EPB41L1	NRXN1	0	0	0	0	0	0	0	0	0	0	0.592
EPB41L1	NLGN1	0	0	0	0	0	0	0	0	0	0	0.639
EPB41L1	GRIA3	0	0	0	0	0	0	0	0	0	0	0.66
EPB41L1	DLG4	0	0	0	0	0	0	0	0	0	0	0.793
EPB41L1	DLG1	0	0	0	0	0	0	0	0	0	0	0.815
EPB41L1	GRIA1	0	0	0	0	0	0	0	0	0	0	0.997
PTK2	DAG1	0	0	0	0	0	0	0	0	0	0	0.434
PTK2	CTNNB1	0	0	0	0	0	0	0	0	0	0	0.802
PTK2	AKT1	0	0	0	0	0	0	0	0	0	0	0.879
PTK2	PIK3R1	0	0	0	0	0	0	0	0	0	0	0.988
PTK2	PTEN	0	0	0	0	0	0	0	0	0	0	0.995
PTK2	FYN	0	0	0	0	0	0	0	0	0	0	0.998
SHANK2	MAGI2	0	0	0	0	0	0	0	0	0	0	0.413
SHANK2	DLG1	0	0	0	0	0	0	0	0	0	0	0.416
SHANK2	CAMK2A	0	0	0	0	0	0	0	0	0	0	0.442
SHANK2	GRIN1	0	0	0	0	0	0	0	0	0	0	0.475
SHANK2	UBE3A	0	0	0	0	0	0	0	0	0	0	0.486
SHANK2	GPHN	0	0	0	0	0	0	0	0	0	0	0.486
SHANK2	AKT1	0	0	0	0	0	0	0	0	0	0	0.539
SHANK2	GRIN3A	0	0	0	0	0	0	0	0	0	0	0.575
SHANK2	GRIN2B	0	0	0	0	0	0	0	0	0	0	0.628
SHANK2	NRXN3	0	0	0	0	0	0	0	0	0	0	0.725
SHANK2	DLG3	0	0	0	0	0	0	0	0	0	0	0.744
SHANK2	GRIA1	0	0	0	0	0	0	0	0	0	0	0.75
SHANK2	HOMER3	0	0	0	0	0	0	0	0	0	0	0.799
SHANK2	DLG2	0	0	0	0	0	0	0	0	0	0	0.811
SHANK2	NLGN4Y	0	0	0	0	0	0	0	0	0	0	0.85
SHANK2	NRXN1	0	0	0	0	0	0	0	0	0	0	0.914
SHANK2	NLGN1	0	0	0	0	0	0	0	0	0	0	0.914
SHANK2	DLGAP3	0	0	0	0	0	0	0	0	0	0	0.917
SHANK2	NLGN3	0	0	0	0	0	0	0	0	0	0	0.958
SHANK2	NLGN4X	0	0	0	0	0	0	0	0	0	0	0.964
SHANK2	DLGAP2	0	0	0	0	0	0	0	0	0	0	0.969
SHANK2	SHANK3	0	0	0	0	0	0	0	0	0	0	0.98
SHANK2	DLG4	0	0	0	0	0	0	0	0	0	0	0.993
DLG1	NLGN4Y	0	0	0	0	0	0	0	0	0	0	0.402
DLG1	NLGN4X	0	0	0	0	0	0	0	0	0	0	0.414
DLG1	NLGN3	0	0	0	0	0	0	0	0	0	0	0.436
DLG1	CALML4	0	0	0	0	0	0	0	0	0	0	0.457
DLG1	NRXN1	0	0	0	0	0	0	0	0	0	0	0.472
DLG1	NLGN1	0	0	0	0	0	0	0	0	0	0	0.483
DLG1	MAST2	0	0	0	0	0	0	0	0	0	0	0.531
DLG1	MAGI2	0	0	0	0	0	0	0	0	0	0	0.579
DLG1	SHANK3	0	0	0	0	0	0	0	0	0	0	0.587
DLG1	GRIA3	0	0	0	0	0	0	0	0	0	0	0.697
DLG1	DLGAP2	0	0	0	0	0	0	0	0	0	0	0.714
DLG1	CAMK2A	0	0	0	0	0	0	0	0	0	0	0.721
DLG1	CTNNB1	0	0	0	0	0	0	0	0	0	0	0.786
DLG1	GRIN1	0	0	0	0	0	0	0	0	0	0	0.878
DLG1	LLGL2	0	0	0	0	0	0	0	0	0	0	0.916
DLG1	SCRIB	0	0	0	0	0	0	0	0	0	0	0.917
DLG1	DLG4	0	0	0	0	0	0	0	0	0	0	0.956
DLG1	DLG2	0	0	0	0	0	0	0	0	0	0	0.962
DLG1	UBE3A	0	0	0	0	0	0	0	0	0	0	0.974
DLG1	DLG3	0	0	0	0	0	0	0	0	0	0	0.974
DLG1	GRIN2B	0	0	0	0	0	0	0	0	0	0	0.992
DLG1	PTEN	0	0	0	0	0	0	0	0	0	0	0.996
DLG1	GRIA1	0	0	0	0	0	0	0	0	0	0	0.999
MAGI2	GRIA1	0	0	0	0	0	0	0	0	0	0	0.408
MAGI2	DLGAP2	0	0	0	0	0	0	0	0	0	0	0.42
MAGI2	NRXN1	0	0	0	0	0	0	0	0	0	0	0.461
MAGI2	GRIN2B	0	0	0	0	0	0	0	0	0	0	0.595
MAGI2	DLG4	0	0	0	0	0	0	0	0	0	0	0.616
MAGI2	DLGAP3	0	0	0	0	0	0	0	0	0	0	0.633
MAGI2	DAG1	0	0	0	0	0	0	0	0	0	0	0.669
MAGI2	NLGN4Y	0	0	0	0	0	0	0	0	0	0	0.743
MAGI2	NLGN4X	0	0	0	0	0	0	0	0	0	0	0.763
MAGI2	NLGN3	0	0	0	0	0	0	0	0	0	0	0.779
MAGI2	MAST2	0	0	0	0	0	0	0	0	0	0	0.84
MAGI2	NLGN1	0	0	0	0	0	0	0	0	0	0	0.893
MAGI2	CTNNB1	0	0	0	0	0	0	0	0	0	0	0.986
MAGI2	PTEN	0	0	0	0	0	0	0	0	0	0	0.998
FYN	GRIA1	0	0	0	0	0	0	0	0	0	0	0.451
FYN	DAG1	0	0	0	0	0	0	0	0	0	0	0.484
FYN	PTEN	0	0	0	0	0	0	0	0	0	0	0.657
FYN	CALML4	0	0	0	0	0	0	0	0	0	0	0.679
FYN	DLG3	0	0	0	0	0	0	0	0	0	0	0.705
FYN	GRIN1	0	0	0	0	0	0	0	0	0	0	0.743
FYN	DLG2	0	0	0	0	0	0	0	0	0	0	0.766
FYN	AKT1	0	0	0	0	0	0	0	0	0	0	0.834
FYN	CTNNB1	0	0	0	0	0	0	0	0	0	0	0.986
FYN	PIK3R1	0	0	0	0	0	0	0	0	0	0	0.988
FYN	PRNP	0	0	0	0	0	0	0	0	0	0	0.99
FYN	GRIN2B	0	0	0	0	0	0	0	0	0	0	0.993
FYN	DLG4	0	0	0	0	0	0	0	0	0	0	0.996
NLGN4Y	GRIA1	0	0	0	0	0	0	0	0	0	0	0.412
NLGN4Y	GRIN2B	0	0	0	0	0	0	0	0	0	0	0.448
NLGN4Y	PTEN	0	0	0	0	0	0	0	0	0	0	0.464
NLGN4Y	GPHN	0	0	0	0	0	0	0	0	0	0	0.478
NLGN4Y	PRNP	0	0	0	0	0	0	0	0	0	0	0.487
NLGN4Y	CTNNB1	0	0	0	0	0	0	0	0	0	0	0.498
NLGN4Y	MDGA1	0	0	0	0	0	0	0	0	0	0	0.505
NLGN4Y	NLGN4X	0	0	0	0	0	0	0	0	0	0	0.519
NLGN4Y	NLGN1	0	0	0	0	0	0	0	0	0	0	0.523
NLGN4Y	HOMER3	0	0	0	0	0	0	0	0	0	0	0.608
NLGN4Y	DLGAP3	0	0	0	0	0	0	0	0	0	0	0.66
NLGN4Y	DLGAP2	0	0	0	0	0	0	0	0	0	0	0.669
NLGN4Y	DLG2	0	0	0	0	0	0	0	0	0	0	0.696
NLGN4Y	NLGN3	0	0	0	0	0	0	0	0	0	0	0.697
NLGN4Y	NRXN3	0	0	0	0	0	0	0	0	0	0	0.827
NLGN4Y	DLG3	0	0	0	0	0	0	0	0	0	0	0.848
NLGN4Y	SHANK3	0	0	0	0	0	0	0	0	0	0	0.899
NLGN4Y	DLG4	0	0	0	0	0	0	0	0	0	0	0.986
NLGN4Y	NRXN1	0	0	0	0	0	0	0	0	0	0	0.999
SCRIB	GRIN2B	0	0	0	0	0	0	0	0	0	0	0.494
SCRIB	PRKCZ	0	0	0	0	0	0	0	0	0	0	0.657
SCRIB	AKT1	0	0	0	0	0	0	0	0	0	0	0.712
SCRIB	PTEN	0	0	0	0	0	0	0	0	0	0	0.834
SCRIB	DLG2	0	0	0	0	0	0	0	0	0	0	0.856
SCRIB	CTNNB1	0	0	0	0	0	0	0	0	0	0	0.88
SCRIB	DLG3	0	0	0	0	0	0	0	0	0	0	0.908
SCRIB	DLG4	0	0	0	0	0	0	0	0	0	0	0.921
SCRIB	LLGL2	0	0	0	0	0	0	0	0	0	0	0.959
SCRIB	UBE3A	0	0	0	0	0	0	0	0	0	0	0.98
NLGN3	NXPH1	0	0	0	0	0	0	0	0	0	0	0.418
NLGN3	GRIN1	0	0	0	0	0	0	0	0	0	0	0.446
NLGN3	PRNP	0	0	0	0	0	0	0	0	0	0	0.48
NLGN3	CTNNB1	0	0	0	0	0	0	0	0	0	0	0.513
NLGN3	GRIA1	0	0	0	0	0	0	0	0	0	0	0.536
NLGN3	GRIN2B	0	0	0	0	0	0	0	0	0	0	0.573
NLGN3	PTEN	0	0	0	0	0	0	0	0	0	0	0.591
NLGN3	GPHN	0	0	0	0	0	0	0	0	0	0	0.648
NLGN3	HOMER3	0	0	0	0	0	0	0	0	0	0	0.65
NLGN3	UBE3A	0	0	0	0	0	0	0	0	0	0	0.667
NLGN3	MDGA1	0	0	0	0	0	0	0	0	0	0	0.686
NLGN3	DLGAP3	0	0	0	0	0	0	0	0	0	0	0.763
NLGN3	DLG2	0	0	0	0	0	0	0	0	0	0	0.776
NLGN3	NLGN4X	0	0	0	0	0	0	0	0	0	0	0.796
NLGN3	NLGN1	0	0	0	0	0	0	0	0	0	0	0.799
NLGN3	DLGAP2	0	0	0	0	0	0	0	0	0	0	0.839
NLGN3	DLG3	0	0	0	0	0	0	0	0	0	0	0.885
NLGN3	NRXN3	0	0	0	0	0	0	0	0	0	0	0.94
NLGN3	SHANK3	0	0	0	0	0	0	0	0	0	0	0.993
NLGN3	DLG4	0	0	0	0	0	0	0	0	0	0	0.995
NLGN3	NRXN1	0	0	0	0	0	0	0	0	0	0	0.999
MAST2	PTEN	0	0	0	0	0	0	0	0	0	0	0.993
GRIN3A	DLG3	0	0	0	0	0	0	0	0	0	0	0.68
GRIN3A	SHISA9	0	0	0	0	0	0	0	0	0	0	0.784
GRIN3A	GRIA3	0	0	0	0	0	0	0	0	0	0	0.802
GRIN3A	GRIA1	0	0	0	0	0	0	0	0	0	0	0.815
GRIN3A	DLG4	0	0	0	0	0	0	0	0	0	0	0.966
GRIN3A	GRIN1	0	0	0	0	0	0	0	0	0	0	0.999
GRIN3A	GRIN2B	0	0	0	0	0	0	0	0	0	0	0.999
PSMD4	SPOP	0	0	0	0	0	0	0	0	0	0	0.425
PSMD4	UBE2L3	0	0	0	0	0	0	0	0	0	0	0.434
PSMD4	UBE2D2	0	0	0	0	0	0	0	0	0	0	0.501
PSMD4	PTEN	0	0	0	0	0	0	0	0	0	0	0.606
PSMD4	UBE2D1	0	0	0	0	0	0	0	0	0	0	0.668
PSMD4	PRNP	0	0	0	0	0	0	0	0	0	0	0.68
PSMD4	UBE3A	0	0	0	0	0	0	0	0	0	0	0.994
PSMD4	RAD23A	0	0	0	0	0	0	0	0	0	0	0.999
GRIN1	NLGN4X	0	0	0	0	0	0	0	0	0	0	0.422
GRIN1	DLGAP2	0	0	0	0	0	0	0	0	0	0	0.442
GRIN1	GPHN	0	0	0	0	0	0	0	0	0	0	0.446
GRIN1	NRXN1	0	0	0	0	0	0	0	0	0	0	0.449
GRIN1	DLGAP3	0	0	0	0	0	0	0	0	0	0	0.507
GRIN1	SHANK3	0	0	0	0	0	0	0	0	0	0	0.568
GRIN1	NLGN1	0	0	0	0	0	0	0	0	0	0	0.611
GRIN1	SHISA9	0	0	0	0	0	0	0	0	0	0	0.75
GRIN1	DLG2	0	0	0	0	0	0	0	0	0	0	0.761
GRIN1	GRIA3	0	0	0	0	0	0	0	0	0	0	0.877
GRIN1	DLG3	0	0	0	0	0	0	0	0	0	0	0.879
GRIN1	GRIA1	0	0	0	0	0	0	0	0	0	0	0.907
GRIN1	CAMK2A	0	0	0	0	0	0	0	0	0	0	0.911
GRIN1	CALML4	0	0	0	0	0	0	0	0	0	0	0.964
GRIN1	DLG4	0	0	0	0	0	0	0	0	0	0	0.998
GRIN1	GRIN2B	0	0	0	0	0	0	0	0	0	0	0.999
PTEN	UBE2D2	0	0	0	0	0	0	0	0	0	0	0.407
PTEN	CALML4	0	0	0	0	0	0	0	0	0	0	0.413
PTEN	SHANK3	0	0	0	0	0	0	0	0	0	0	0.483
PTEN	NLGN1	0	0	0	0	0	0	0	0	0	0	0.496
PTEN	GRIN2B	0	0	0	0	0	0	0	0	0	0	0.547
PTEN	NLGN4X	0	0	0	0	0	0	0	0	0	0	0.556
PTEN	UBE2L3	0	0	0	0	0	0	0	0	0	0	0.571
PTEN	DLG4	0	0	0	0	0	0	0	0	0	0	0.745
PTEN	CTNNB1	0	0	0	0	0	0	0	0	0	0	0.943
PTEN	PRKCZ	0	0	0	0	0	0	0	0	0	0	0.958
PTEN	UBE3A	0	0	0	0	0	0	0	0	0	0	0.96
PTEN	AKT1	0	0	0	0	0	0	0	0	0	0	0.988
PTEN	SPOP	0	0	0	0	0	0	0	0	0	0	0.99
PTEN	PIK3R1	0	0	0	0	0	0	0	0	0	0	0.997
DLGAP3	CAMK2A	0	0	0	0	0	0	0	0	0	0	0.451
DLGAP3	GRIA1	0	0	0	0	0	0	0	0	0	0	0.507
DLGAP3	NRXN3	0	0	0	0	0	0	0	0	0	0	0.634
DLGAP3	HOMER3	0	0	0	0	0	0	0	0	0	0	0.72
DLGAP3	NRXN1	0	0	0	0	0	0	0	0	0	0	0.733
DLGAP3	NLGN4X	0	0	0	0	0	0	0	0	0	0	0.737
DLGAP3	NLGN1	0	0	0	0	0	0	0	0	0	0	0.737
DLGAP3	GRIN2B	0	0	0	0	0	0	0	0	0	0	0.753
DLGAP3	DLG3	0	0	0	0	0	0	0	0	0	0	0.835
DLGAP3	DLG2	0	0	0	0	0	0	0	0	0	0	0.847
DLGAP3	DLGAP2	0	0	0	0	0	0	0	0	0	0	0.868
DLGAP3	SHANK3	0	0	0	0	0	0	0	0	0	0	0.992
DLGAP3	DLG4	0	0	0	0	0	0	0	0	0	0	0.993
UBE2D1	CTNNB1	0	0	0	0	0	0	0	0	0	0	0.456
UBE2D1	SPOP	0	0	0	0	0	0	0	0	0	0	0.505
UBE2D1	UBE2L3	0	0	0	0	0	0	0	0	0	0	0.654
UBE2D1	UBE2D2	0	0	0	0	0	0	0	0	0	0	0.943
UBE2D1	UBE3A	0	0	0	0	0	0	0	0	0	0	0.984
DLG3	GPHN	0	0	0	0	0	0	0	0	0	0	0.472
DLG3	SHISA9	0	0	0	0	0	0	0	0	0	0	0.513
DLG3	NRXN3	0	0	0	0	0	0	0	0	0	0	0.593
DLG3	HOMER3	0	0	0	0	0	0	0	0	0	0	0.633
DLG3	GRIA3	0	0	0	0	0	0	0	0	0	0	0.644
DLG3	CAMK2A	0	0	0	0	0	0	0	0	0	0	0.688
DLG3	NRXN1	0	0	0	0	0	0	0	0	0	0	0.717
DLG3	SHANK3	0	0	0	0	0	0	0	0	0	0	0.759
DLG3	GRIA1	0	0	0	0	0	0	0	0	0	0	0.815
DLG3	NLGN4X	0	0	0	0	0	0	0	0	0	0	0.863
DLG3	DLGAP2	0	0	0	0	0	0	0	0	0	0	0.872
DLG3	LLGL2	0	0	0	0	0	0	0	0	0	0	0.887
DLG3	NLGN1	0	0	0	0	0	0	0	0	0	0	0.892
DLG3	UBE3A	0	0	0	0	0	0	0	0	0	0	0.913
DLG3	DLG2	0	0	0	0	0	0	0	0	0	0	0.984
DLG3	DLG4	0	0	0	0	0	0	0	0	0	0	0.997
DLG3	GRIN2B	0	0	0	0	0	0	0	0	0	0	0.998
DLG2	CACNB4	0	0	0	0	0	0	0	0	0	0	0.455
DLG2	GPHN	0	0	0	0	0	0	0	0	0	0	0.607
DLG2	HOMER3	0	0	0	0	0	0	0	0	0	0	0.645
DLG2	GRIA3	0	0	0	0	0	0	0	0	0	0	0.655
DLG2	NRXN3	0	0	0	0	0	0	0	0	0	0	0.682
DLG2	CAMK2A	0	0	0	0	0	0	0	0	0	0	0.688
DLG2	NLGN4X	0	0	0	0	0	0	0	0	0	0	0.713
DLG2	NRXN1	0	0	0	0	0	0	0	0	0	0	0.778
DLG2	DLGAP2	0	0	0	0	0	0	0	0	0	0	0.811
DLG2	LLGL2	0	0	0	0	0	0	0	0	0	0	0.844
DLG2	NLGN1	0	0	0	0	0	0	0	0	0	0	0.868
DLG2	GRIA1	0	0	0	0	0	0	0	0	0	0	0.908
DLG2	UBE3A	0	0	0	0	0	0	0	0	0	0	0.913
DLG2	SHANK3	0	0	0	0	0	0	0	0	0	0	0.919
DLG2	DLG4	0	0	0	0	0	0	0	0	0	0	0.969
DLG2	GRIN2B	0	0	0	0	0	0	0	0	0	0	0.996
PRKCZ	CTNNB1	0	0	0	0	0	0	0	0	0	0	0.653
PRKCZ	PIK3R1	0	0	0	0	0	0	0	0	0	0	0.933
PRKCZ	AKT1	0	0	0	0	0	0	0	0	0	0	0.974
PRKCZ	LLGL2	0	0	0	0	0	0	0	0	0	0	0.994
NLGN4X	NXPH1	0	0	0	0	0	0	0	0	0	0	0.407
NLGN4X	PRNP	0	0	0	0	0	0	0	0	0	0	0.475
NLGN4X	CTNNB1	0	0	0	0	0	0	0	0	0	0	0.508
NLGN4X	GRIA1	0	0	0	0	0	0	0	0	0	0	0.514
NLGN4X	GRIN2B	0	0	0	0	0	0	0	0	0	0	0.546
NLGN4X	NLGN1	0	0	0	0	0	0	0	0	0	0	0.548
NLGN4X	MDGA1	0	0	0	0	0	0	0	0	0	0	0.613
NLGN4X	HOMER3	0	0	0	0	0	0	0	0	0	0	0.619
NLGN4X	UBE3A	0	0	0	0	0	0	0	0	0	0	0.633
NLGN4X	GPHN	0	0	0	0	0	0	0	0	0	0	0.767
NLGN4X	DLGAP2	0	0	0	0	0	0	0	0	0	0	0.841
NLGN4X	NRXN3	0	0	0	0	0	0	0	0	0	0	0.859
NLGN4X	SHANK3	0	0	0	0	0	0	0	0	0	0	0.995
NLGN4X	DLG4	0	0	0	0	0	0	0	0	0	0	0.995
NLGN4X	NRXN1	0	0	0	0	0	0	0	0	0	0	0.999
LLGL2	UBE3A	0	0	0	0	0	0	0	0	0	0	0.901
LLGL2	DLG4	0	0	0	0	0	0	0	0	0	0	0.982
SPOP	CTNNB1	0	0	0	0	0	0	0	0	0	0	0.407
SPOP	PIK3R1	0	0	0	0	0	0	0	0	0	0	0.421
SPOP	UBE2D2	0	0	0	0	0	0	0	0	0	0	0.662
UBE2D2	RAD23A	0	0	0	0	0	0	0	0	0	0	0.404
UBE2D2	CTNNB1	0	0	0	0	0	0	0	0	0	0	0.429
UBE2D2	UBE2L3	0	0	0	0	0	0	0	0	0	0	0.683
UBE2D2	UBE3A	0	0	0	0	0	0	0	0	0	0	0.984
NXPH1	NLGN1	0	0	0	0	0	0	0	0	0	0	0.525
NXPH1	NRXN3	0	0	0	0	0	0	0	0	0	0	0.671
NXPH1	NRXN1	0	0	0	0	0	0	0	0	0	0	0.973
NRXN1	GRIA3	0	0	0	0	0	0	0	0	0	0	0.509
NRXN1	UBE3A	0	0	0	0	0	0	0	0	0	0	0.532
NRXN1	CAMK2A	0	0	0	0	0	0	0	0	0	0	0.542
NRXN1	MDGA1	0	0	0	0	0	0	0	0	0	0	0.592
NRXN1	GRIA1	0	0	0	0	0	0	0	0	0	0	0.6
NRXN1	HOMER3	0	0	0	0	0	0	0	0	0	0	0.619
NRXN1	NRXN3	0	0	0	0	0	0	0	0	0	0	0.752
NRXN1	DLGAP2	0	0	0	0	0	0	0	0	0	0	0.803
NRXN1	GPHN	0	0	0	0	0	0	0	0	0	0	0.831
NRXN1	GRIN2B	0	0	0	0	0	0	0	0	0	0	0.832
NRXN1	SHANK3	0	0	0	0	0	0	0	0	0	0	0.961
NRXN1	DLG4	0	0	0	0	0	0	0	0	0	0	0.991
NRXN1	DAG1	0	0	0	0	0	0	0	0	0	0	0.998
NRXN1	NLGN1	0	0	0	0	0	0	0	0	0	0	0.999
NLGN1	CAMK2A	0	0	0	0	0	0	0	0	0	0	0.414
NLGN1	PRNP	0	0	0	0	0	0	0	0	0	0	0.538
NLGN1	UBE3A	0	0	0	0	0	0	0	0	0	0	0.548
NLGN1	CTNNB1	0	0	0	0	0	0	0	0	0	0	0.553
NLGN1	GRIA1	0	0	0	0	0	0	0	0	0	0	0.633
NLGN1	HOMER3	0	0	0	0	0	0	0	0	0	0	0.643
NLGN1	MDGA1	0	0	0	0	0	0	0	0	0	0	0.676
NLGN1	GPHN	0	0	0	0	0	0	0	0	0	0	0.722
NLGN1	GRIN2B	0	0	0	0	0	0	0	0	0	0	0.755
NLGN1	DLGAP2	0	0	0	0	0	0	0	0	0	0	0.811
NLGN1	NRXN3	0	0	0	0	0	0	0	0	0	0	0.964
NLGN1	SHANK3	0	0	0	0	0	0	0	0	0	0	0.978
NLGN1	DLG4	0	0	0	0	0	0	0	0	0	0	0.999
PRNP	AKT1	0	0	0	0	0	0	0	0	0	0	0.424
PRNP	GRIN2B	0	0	0	0	0	0	0	0	0	0	0.452
PRNP	DLG4	0	0	0	0	0	0	0	0	0	0	0.507
UBE2L3	RAD23A	0	0	0	0	0	0	0	0	0	0	0.437
UBE2L3	UBE3A	0	0	0	0	0	0	0	0	0	0	0.999
GPHN	NRXN3	0	0	0	0	0	0	0	0	0	0	0.404
GPHN	CAMK2A	0	0	0	0	0	0	0	0	0	0	0.418
GPHN	AKT1	0	0	0	0	0	0	0	0	0	0	0.472
GPHN	GRIN2B	0	0	0	0	0	0	0	0	0	0	0.526
GPHN	SHANK3	0	0	0	0	0	0	0	0	0	0	0.541
GPHN	GRIA1	0	0	0	0	0	0	0	0	0	0	0.621
GPHN	DLG4	0	0	0	0	0	0	0	0	0	0	0.884
CALML4	ADORA2A	0	0	0	0	0	0	0	0	0	0	0.446
CALML4	HOMER3	0	0	0	0	0	0	0	0	0	0	0.527
CALML4	GRIA1	0	0	0	0	0	0	0	0	0	0	0.586
CALML4	CTNNB1	0	0	0	0	0	0	0	0	0	0	0.631
CALML4	AKT1	0	0	0	0	0	0	0	0	0	0	0.713
CALML4	DLG4	0	0	0	0	0	0	0	0	0	0	0.892
CALML4	GRIN2B	0	0	0	0	0	0	0	0	0	0	0.926
CALML4	CAMK2A	0	0	0	0	0	0	0	0	0	0	0.999
PIK3R1	CTNNB1	0	0	0	0	0	0	0	0	0	0	0.858
PIK3R1	AKT1	0	0	0	0	0	0	0	0	0	0	0.995
GRIA1	NRXN3	0	0	0	0	0	0	0	0	0	0	0.404
GRIA1	DLGAP2	0	0	0	0	0	0	0	0	0	0	0.427
GRIA1	CACNB4	0	0	0	0	0	0	0	0	0	0	0.45
GRIA1	AKT1	0	0	0	0	0	0	0	0	0	0	0.48
GRIA1	UBE3A	0	0	0	0	0	0	0	0	0	0	0.592
GRIA1	SHANK3	0	0	0	0	0	0	0	0	0	0	0.623
GRIA1	GRIN2B	0	0	0	0	0	0	0	0	0	0	0.934
GRIA1	SHISA9	0	0	0	0	0	0	0	0	0	0	0.984
GRIA1	DLG4	0	0	0	0	0	0	0	0	0	0	0.994
GRIA1	GRIA3	0	0	0	0	0	0	0	0	0	0	0.999
GRIA1	CAMK2A	0	0	0	0	0	0	0	0	0	0	0.999
CACNB4	CAMK2A	0	0	0	0	0	0	0	0	0	0	0.717
HOMER3	AKT1	0	0	0	0	0	0	0	0	0	0	0.421
HOMER3	GRIN2B	0	0	0	0	0	0	0	0	0	0	0.466
HOMER3	NRXN3	0	0	0	0	0	0	0	0	0	0	0.516
HOMER3	DLGAP2	0	0	0	0	0	0	0	0	0	0	0.698
HOMER3	DLG4	0	0	0	0	0	0	0	0	0	0	0.868
HOMER3	SHANK3	0	0	0	0	0	0	0	0	0	0	0.884
DAG1	NRXN3	0	0	0	0	0	0	0	0	0	0	0.47
AKT1	ADORA2A	0	0	0	0	0	0	0	0	0	0	0.428
AKT1	GRIN2B	0	0	0	0	0	0	0	0	0	0	0.51
AKT1	SHANK3	0	0	0	0	0	0	0	0	0	0	0.548
AKT1	DLG4	0	0	0	0	0	0	0	0	0	0	0.747
AKT1	CTNNB1	0	0	0	0	0	0	0	0	0	0	0.979
SHISA9	GRIN2B	0	0	0	0	0	0	0	0	0	0	0.779
SHISA9	GRIA3	0	0	0	0	0	0	0	0	0	0	0.824
SHISA9	DLG4	0	0	0	0	0	0	0	0	0	0	0.858
RAD23A	UBE3A	0	0	0	0	0	0	0	0	0	0	0.974
GRIN2B	ADORA2A	0	0	0	0	0	0	0	0	0	0	0.414
GRIN2B	NRXN3	0	0	0	0	0	0	0	0	0	0	0.414
GRIN2B	DLGAP2	0	0	0	0	0	0	0	0	0	0	0.514
GRIN2B	CTNNB1	0	0	0	0	0	0	0	0	0	0	0.757
GRIN2B	SHANK3	0	0	0	0	0	0	0	0	0	0	0.785
GRIN2B	GRIA3	0	0	0	0	0	0	0	0	0	0	0.823
GRIN2B	DLG4	0	0	0	0	0	0	0	0	0	0	0.999
GRIN2B	CAMK2A	0	0	0	0	0	0	0	0	0	0	0.999
GRIA3	CAMK2A	0	0	0	0	0	0	0	0	0	0	0.808
GRIA3	DLG4	0	0	0	0	0	0	0	0	0	0	0.873
SHANK3	CAMK2A	0	0	0	0	0	0	0	0	0	0	0.509
SHANK3	UBE3A	0	0	0	0	0	0	0	0	0	0	0.647
SHANK3	NRXN3	0	0	0	0	0	0	0	0	0	0	0.703
SHANK3	DLGAP2	0	0	0	0	0	0	0	0	0	0	0.988
SHANK3	DLG4	0	0	0	0	0	0	0	0	0	0	0.996
NRXN3	CAMK2A	0	0	0	0	0	0	0	0	0	0	0.404
NRXN3	DLGAP2	0	0	0	0	0	0	0	0	0	0	0.645
NRXN3	DLG4	0	0	0	0	0	0	0	0	0	0	0.858
DLGAP2	CAMK2A	0	0	0	0	0	0	0	0	0	0	0.436
DLGAP2	DLG4	0	0	0	0	0	0	0	0	0	0	0.891
CTNNB1	DLG4	0	0	0	0	0	0	0	0	0	0	0.538
CTNNB1	UBE3A	0	0	0	0	0	0	0	0	0	0	0.974
UBE3A	DLG4	0	0	0	0	0	0	0	0	0	0	0.447
DLG4	CAMK2A	0	0	0	0	0	0	0	0	0	0	0.92
CBLN1	DLG4	0	0	0	0	0	0	0	0	0	0	0.402
CBLN1	NLGN3	0	0	0	0	0	0	0	0	0	0	0.507
CBLN1	NLGN2	0	0	0	0	0	0	0	0	0	0	0.559
CBLN1	NLGN4X	0	0	0	0	0	0	0	0	0	0	0.56
CBLN1	NRXN3	0	0	0	0	0	0	0	0	0	0	0.565
CBLN1	NLGN1	0	0	0	0	0	0	0	0	0	0	0.611
CBLN1	LRRTM2	0	0	0	0	0	0	0	0	0	0	0.717
CBLN1	NRXN2	0	0	0	0	0	0	0	0	0	0	0.989
CBLN1	NRXN1	0	0	0	0	0	0	0	0	0	0	0.994
TSC2	NLGN4X	0	0	0	0	0	0	0	0	0	0	0.459
TSC2	NLGN3	0	0	0	0	0	0	0	0	0	0	0.471
TSC2	PTK2	0	0	0	0	0	0	0	0	0	0	0.476
TSC2	CTNNB1	0	0	0	0	0	0	0	0	0	0	0.517
TSC2	PIK3R1	0	0	0	0	0	0	0	0	0	0	0.524
TSC2	SHANK3	0	0	0	0	0	0	0	0	0	0	0.537
TSC2	PIK3CA	0	0	0	0	0	0	0	0	0	0	0.687
TSC2	TP53	0	0	0	0	0	0	0	0	0	0	0.713
TSC2	PTEN	0	0	0	0	0	0	0	0	0	0	0.889
TSC2	UBE3A	0	0	0	0	0	0	0	0	0	0	0.981
TSC2	AKT1	0	0	0	0	0	0	0	0	0	0	0.99
CACNG1	CAMK2A	0	0	0	0	0	0	0	0	0	0	0.725
CACNG1	CACNB4	0	0	0	0	0	0	0	0	0	0	0.935
CACNG1	CACNG2	0	0	0	0	0	0	0	0	0	0	0.962
CACNG1	CACNG8	0	0	0	0	0	0	0	0	0	0	0.968
GRIN3B	GRM5	0	0	0	0	0	0	0	0	0	0	0.419
GRIN3B	GRM1	0	0	0	0	0	0	0	0	0	0	0.466
GRIN3B	DLG3	0	0	0	0	0	0	0	0	0	0	0.598
GRIN3B	CNIH2	0	0	0	0	0	0	0	0	0	0	0.746
GRIN3B	SHISA9	0	0	0	0	0	0	0	0	0	0	0.748
GRIN3B	CACNG8	0	0	0	0	0	0	0	0	0	0	0.758
GRIN3B	GRIA2	0	0	0	0	0	0	0	0	0	0	0.787
GRIN3B	GRIA3	0	0	0	0	0	0	0	0	0	0	0.791
GRIN3B	GRIA4	0	0	0	0	0	0	0	0	0	0	0.811
GRIN3B	GRIA1	0	0	0	0	0	0	0	0	0	0	0.84
GRIN3B	CACNG2	0	0	0	0	0	0	0	0	0	0	0.845
GRIN3B	DLG4	0	0	0	0	0	0	0	0	0	0	0.942
GRIN3B	GRIN3A	0	0	0	0	0	0	0	0	0	0	0.995
GRIN3B	GRIN2C	0	0	0	0	0	0	0	0	0	0	0.996
GRIN3B	GRIN2B	0	0	0	0	0	0	0	0	0	0	0.996
GRIN3B	GRIN2D	0	0	0	0	0	0	0	0	0	0	0.996
GRIN3B	GRIN2A	0	0	0	0	0	0	0	0	0	0	0.998
GRIN3B	GRIN1	0	0	0	0	0	0	0	0	0	0	0.999
GRIN2D	DLGAP3	0	0	0	0	0	0	0	0	0	0	0.451
GRIN2D	GRM5	0	0	0	0	0	0	0	0	0	0	0.556
GRIN2D	DLG1	0	0	0	0	0	0	0	0	0	0	0.604
GRIN2D	CAMK2A	0	0	0	0	0	0	0	0	0	0	0.607
GRIN2D	DLGAP1	0	0	0	0	0	0	0	0	0	0	0.617
GRIN2D	DLG2	0	0	0	0	0	0	0	0	0	0	0.634
GRIN2D	DLG3	0	0	0	0	0	0	0	0	0	0	0.659
GRIN2D	GRM1	0	0	0	0	0	0	0	0	0	0	0.678
GRIN2D	CALML4	0	0	0	0	0	0	0	0	0	0	0.74
GRIN2D	CALML3	0	0	0	0	0	0	0	0	0	0	0.74
GRIN2D	CALM3	0	0	0	0	0	0	0	0	0	0	0.755
GRIN2D	CNIH2	0	0	0	0	0	0	0	0	0	0	0.761
GRIN2D	SHISA9	0	0	0	0	0	0	0	0	0	0	0.767
GRIN2D	CACNG8	0	0	0	0	0	0	0	0	0	0	0.778
GRIN2D	PRNP	0	0	0	0	0	0	0	0	0	0	0.779
GRIN2D	CACNG2	0	0	0	0	0	0	0	0	0	0	0.795
GRIN2D	GRIA3	0	0	0	0	0	0	0	0	0	0	0.799
GRIN2D	GRIA2	0	0	0	0	0	0	0	0	0	0	0.8
GRIN2D	GRIA1	0	0	0	0	0	0	0	0	0	0	0.816
GRIN2D	GRIA4	0	0	0	0	0	0	0	0	0	0	0.864
GRIN2D	DLG4	0	0	0	0	0	0	0	0	0	0	0.976
GRIN2D	GRIN3A	0	0	0	0	0	0	0	0	0	0	0.998
GRIN2D	GRIN2B	0	0	0	0	0	0	0	0	0	0	0.998
GRIN2D	GRIN2A	0	0	0	0	0	0	0	0	0	0	0.998
GRIN2D	GRIN2C	0	0	0	0	0	0	0	0	0	0	0.998
GRIN2D	GRIN1	0	0	0	0	0	0	0	0	0	0	0.999
PIK3CA	CALML4	0	0	0	0	0	0	0	0	0	0	0.517
PIK3CA	CALML3	0	0	0	0	0	0	0	0	0	0	0.518
PIK3CA	SPOP	0	0	0	0	0	0	0	0	0	0	0.523
PIK3CA	DLG1	0	0	0	0	0	0	0	0	0	0	0.569
PIK3CA	PREX2	0	0	0	0	0	0	0	0	0	0	0.58
PIK3CA	GNAQ	0	0	0	0	0	0	0	0	0	0	0.901
PIK3CA	CTNNB1	0	0	0	0	0	0	0	0	0	0	0.901
PIK3CA	PRKCZ	0	0	0	0	0	0	0	0	0	0	0.925
PIK3CA	TP53	0	0	0	0	0	0	0	0	0	0	0.941
PIK3CA	FYN	0	0	0	0	0	0	0	0	0	0	0.951
PIK3CA	PRKCI	0	0	0	0	0	0	0	0	0	0	0.952
PIK3CA	PTK2	0	0	0	0	0	0	0	0	0	0	0.97
PIK3CA	PTEN	0	0	0	0	0	0	0	0	0	0	0.995
PIK3CA	AKT1	0	0	0	0	0	0	0	0	0	0	0.998
PIK3CA	PIK3R1	0	0	0	0	0	0	0	0	0	0	0.999
NRXN2	CACNG2	0	0	0	0	0	0	0	0	0	0	0.408
NRXN2	GRIN1	0	0	0	0	0	0	0	0	0	0	0.436
NRXN2	GRIN2A	0	0	0	0	0	0	0	0	0	0	0.452
NRXN2	DLG1	0	0	0	0	0	0	0	0	0	0	0.457
NRXN2	CAMK2A	0	0	0	0	0	0	0	0	0	0	0.507
NRXN2	GRIN2B	0	0	0	0	0	0	0	0	0	0	0.516
NRXN2	GRIA1	0	0	0	0	0	0	0	0	0	0	0.538
NRXN2	NRXN3	0	0	0	0	0	0	0	0	0	0	0.585
NRXN2	HOMER2	0	0	0	0	0	0	0	0	0	0	0.592
NRXN2	EPB41L1	0	0	0	0	0	0	0	0	0	0	0.599
NRXN2	GRIA2	0	0	0	0	0	0	0	0	0	0	0.607
NRXN2	MDGA1	0	0	0	0	0	0	0	0	0	0	0.612
NRXN2	HOMER3	0	0	0	0	0	0	0	0	0	0	0.619
NRXN2	GRM1	0	0	0	0	0	0	0	0	0	0	0.676
NRXN2	GRIA4	0	0	0	0	0	0	0	0	0	0	0.684
NRXN2	HOMER1	0	0	0	0	0	0	0	0	0	0	0.687
NRXN2	DLG3	0	0	0	0	0	0	0	0	0	0	0.713
NRXN2	GRM5	0	0	0	0	0	0	0	0	0	0	0.713
NRXN2	DLGAP2	0	0	0	0	0	0	0	0	0	0	0.714
NRXN2	DLGAP3	0	0	0	0	0	0	0	0	0	0	0.719
NRXN2	DLG2	0	0	0	0	0	0	0	0	0	0	0.741
NRXN2	DLGAP1	0	0	0	0	0	0	0	0	0	0	0.743
NRXN2	NXPH1	0	0	0	0	0	0	0	0	0	0	0.827
NRXN2	GPHN	0	0	0	0	0	0	0	0	0	0	0.831
NRXN2	SHANK1	0	0	0	0	0	0	0	0	0	0	0.876
NRXN2	SHANK2	0	0	0	0	0	0	0	0	0	0	0.88
NRXN2	SHANK3	0	0	0	0	0	0	0	0	0	0	0.897
NRXN2	NRXN1	0	0	0	0	0	0	0	0	0	0	0.922
NRXN2	DLG4	0	0	0	0	0	0	0	0	0	0	0.987
NRXN2	LRRTM2	0	0	0	0	0	0	0	0	0	0	0.993
NRXN2	DAG1	0	0	0	0	0	0	0	0	0	0	0.997
NRXN2	NLGN2	0	0	0	0	0	0	0	0	0	0	0.999
NRXN2	NLGN1	0	0	0	0	0	0	0	0	0	0	0.999
NRXN2	NLGN3	0	0	0	0	0	0	0	0	0	0	0.999
NRXN2	NLGN4Y	0	0	0	0	0	0	0	0	0	0	0.999
NRXN2	NLGN4X	0	0	0	0	0	0	0	0	0	0	0.999
TP53	GNAQ	0	0	0	0	0	0	0	0	0	0	0.479
TP53	UBE2L3	0	0	0	0	0	0	0	0	0	0	0.5
TP53	CALM3	0	0	0	0	0	0	0	0	0	0	0.508
TP53	UBE2D2	0	0	0	0	0	0	0	0	0	0	0.531
TP53	DLG1	0	0	0	0	0	0	0	0	0	0	0.533
TP53	SPOP	0	0	0	0	0	0	0	0	0	0	0.571
TP53	UBE2D1	0	0	0	0	0	0	0	0	0	0	0.578
TP53	SCRIB	0	0	0	0	0	0	0	0	0	0	0.587
TP53	CALML4	0	0	0	0	0	0	0	0	0	0	0.657
TP53	RAD23A	0	0	0	0	0	0	0	0	0	0	0.657
TP53	CALML3	0	0	0	0	0	0	0	0	0	0	0.657
TP53	FYN	0	0	0	0	0	0	0	0	0	0	0.657
TP53	PRKCI	0	0	0	0	0	0	0	0	0	0	0.661
TP53	DLG4	0	0	0	0	0	0	0	0	0	0	0.734
TP53	PIK3R1	0	0	0	0	0	0	0	0	0	0	0.853
TP53	PSMD4	0	0	0	0	0	0	0	0	0	0	0.88
TP53	CTNNB1	0	0	0	0	0	0	0	0	0	0	0.927
TP53	PTK2	0	0	0	0	0	0	0	0	0	0	0.928
TP53	PRKCZ	0	0	0	0	0	0	0	0	0	0	0.933
TP53	AKT1	0	0	0	0	0	0	0	0	0	0	0.994
TP53	UBE3A	0	0	0	0	0	0	0	0	0	0	0.999
TP53	PTEN	0	0	0	0	0	0	0	0	0	0	0.999
CACNG8	EPB41L1	0	0	0	0	0	0	0	0	0	0	0.46
CACNG8	NLGN1	0	0	0	0	0	0	0	0	0	0	0.514
CACNG8	DLG1	0	0	0	0	0	0	0	0	0	0	0.584
CACNG8	DLG3	0	0	0	0	0	0	0	0	0	0	0.649
CACNG8	GRIN3A	0	0	0	0	0	0	0	0	0	0	0.743
CACNG8	CACNG2	0	0	0	0	0	0	0	0	0	0	0.748
CACNG8	GRIN2C	0	0	0	0	0	0	0	0	0	0	0.761
CACNG8	CAMK2A	0	0	0	0	0	0	0	0	0	0	0.782
CACNG8	GRIN1	0	0	0	0	0	0	0	0	0	0	0.799
CACNG8	GRIN2A	0	0	0	0	0	0	0	0	0	0	0.812
CACNG8	GRIN2B	0	0	0	0	0	0	0	0	0	0	0.822
CACNG8	DLG4	0	0	0	0	0	0	0	0	0	0	0.901
CACNG8	GRIA3	0	0	0	0	0	0	0	0	0	0	0.936
CACNG8	GRIA4	0	0	0	0	0	0	0	0	0	0	0.936
CACNG8	CACNB4	0	0	0	0	0	0	0	0	0	0	0.94
CACNG8	SHISA9	0	0	0	0	0	0	0	0	0	0	0.948
CACNG8	CNIH2	0	0	0	0	0	0	0	0	0	0	0.99
CACNG8	GRIA2	0	0	0	0	0	0	0	0	0	0	0.994
CACNG8	GRIA1	0	0	0	0	0	0	0	0	0	0	0.996
LRRTM2	MDGA1	0	0	0	0	0	0	0	0	0	0	0.419
LRRTM2	GPHN	0	0	0	0	0	0	0	0	0	0	0.464
LRRTM2	NLGN4Y	0	0	0	0	0	0	0	0	0	0	0.474
LRRTM2	GRIA1	0	0	0	0	0	0	0	0	0	0	0.493
LRRTM2	NLGN2	0	0	0	0	0	0	0	0	0	0	0.65
LRRTM2	GRIA2	0	0	0	0	0	0	0	0	0	0	0.681
LRRTM2	NLGN4X	0	0	0	0	0	0	0	0	0	0	0.724
LRRTM2	NLGN3	0	0	0	0	0	0	0	0	0	0	0.725
LRRTM2	NLGN1	0	0	0	0	0	0	0	0	0	0	0.815
LRRTM2	DLG4	0	0	0	0	0	0	0	0	0	0	0.902
LRRTM2	NRXN3	0	0	0	0	0	0	0	0	0	0	0.92
LRRTM2	NRXN1	0	0	0	0	0	0	0	0	0	0	0.997
GRIA4	HOMER1	0	0	0	0	0	0	0	0	0	0	0.42
GRIA4	NXPH1	0	0	0	0	0	0	0	0	0	0	0.421
GRIA4	DLGAP1	0	0	0	0	0	0	0	0	0	0	0.423
GRIA4	SHANK1	0	0	0	0	0	0	0	0	0	0	0.45
GRIA4	NLGN1	0	0	0	0	0	0	0	0	0	0	0.496
GRIA4	SHANK2	0	0	0	0	0	0	0	0	0	0	0.579
GRIA4	DLG3	0	0	0	0	0	0	0	0	0	0	0.646
GRIA4	GRM1	0	0	0	0	0	0	0	0	0	0	0.653
GRIA4	GRM5	0	0	0	0	0	0	0	0	0	0	0.667
GRIA4	NRXN1	0	0	0	0	0	0	0	0	0	0	0.688
GRIA4	DLG2	0	0	0	0	0	0	0	0	0	0	0.698
GRIA4	EPB41L1	0	0	0	0	0	0	0	0	0	0	0.807
GRIA4	CAMK2A	0	0	0	0	0	0	0	0	0	0	0.814
GRIA4	GRIN2C	0	0	0	0	0	0	0	0	0	0	0.824
GRIA4	DLG1	0	0	0	0	0	0	0	0	0	0	0.828
GRIA4	DLG4	0	0	0	0	0	0	0	0	0	0	0.829
GRIA4	GRIN2B	0	0	0	0	0	0	0	0	0	0	0.853
GRIA4	GRIN3A	0	0	0	0	0	0	0	0	0	0	0.878
GRIA4	GRIN1	0	0	0	0	0	0	0	0	0	0	0.886
GRIA4	GRIN2A	0	0	0	0	0	0	0	0	0	0	0.898
GRIA4	SHISA9	0	0	0	0	0	0	0	0	0	0	0.919
GRIA4	CNIH2	0	0	0	0	0	0	0	0	0	0	0.94
GRIA4	CACNG2	0	0	0	0	0	0	0	0	0	0	0.975
GRIA4	GRIA3	0	0	0	0	0	0	0	0	0	0	0.997
GRIA4	GRIA1	0	0	0	0	0	0	0	0	0	0	0.997
GRIA4	GRIA2	0	0	0	0	0	0	0	0	0	0	0.999
GRM1	AKT1	0	0	0	0	0	0	0	0	0	0	0.421
GRM1	CALML4	0	0	0	0	0	0	0	0	0	0	0.427
GRM1	CALML3	0	0	0	0	0	0	0	0	0	0	0.432
GRM1	CALM3	0	0	0	0	0	0	0	0	0	0	0.445
GRM1	FYN	0	0	0	0	0	0	0	0	0	0	0.45
GRM1	DLG1	0	0	0	0	0	0	0	0	0	0	0.46
GRM1	PIK3R1	0	0	0	0	0	0	0	0	0	0	0.48
GRM1	GRIN3A	0	0	0	0	0	0	0	0	0	0	0.537
GRM1	NLGN4Y	0	0	0	0	0	0	0	0	0	0	0.573
GRM1	DLG3	0	0	0	0	0	0	0	0	0	0	0.598
GRM1	GRIA3	0	0	0	0	0	0	0	0	0	0	0.602
GRM1	NLGN2	0	0	0	0	0	0	0	0	0	0	0.61
GRM1	GRIN2C	0	0	0	0	0	0	0	0	0	0	0.616
GRM1	NLGN4X	0	0	0	0	0	0	0	0	0	0	0.624
GRM1	DLGAP2	0	0	0	0	0	0	0	0	0	0	0.628
GRM1	DLG2	0	0	0	0	0	0	0	0	0	0	0.64
GRM1	NLGN3	0	0	0	0	0	0	0	0	0	0	0.648
GRM1	NLGN1	0	0	0	0	0	0	0	0	0	0	0.652
GRM1	GRIN1	0	0	0	0	0	0	0	0	0	0	0.659
GRM1	NRXN3	0	0	0	0	0	0	0	0	0	0	0.687
GRM1	DLGAP3	0	0	0	0	0	0	0	0	0	0	0.688
GRM1	NRXN1	0	0	0	0	0	0	0	0	0	0	0.705
GRM1	SHANK2	0	0	0	0	0	0	0	0	0	0	0.714
GRM1	GRIN2A	0	0	0	0	0	0	0	0	0	0	0.738
GRM1	GRIN2B	0	0	0	0	0	0	0	0	0	0	0.758
GRM1	SHANK3	0	0	0	0	0	0	0	0	0	0	0.788
GRM1	GRIA2	0	0	0	0	0	0	0	0	0	0	0.809
GRM1	GRIA1	0	0	0	0	0	0	0	0	0	0	0.849
GRM1	DLG4	0	0	0	0	0	0	0	0	0	0	0.862
GRM1	SHANK1	0	0	0	0	0	0	0	0	0	0	0.899
GRM1	DLGAP1	0	0	0	0	0	0	0	0	0	0	0.938
GRM1	CAMK2A	0	0	0	0	0	0	0	0	0	0	0.968
GRM1	GRM5	0	0	0	0	0	0	0	0	0	0	0.977
GRM1	HOMER2	0	0	0	0	0	0	0	0	0	0	0.989
GRM1	HOMER3	0	0	0	0	0	0	0	0	0	0	0.99
GRM1	GNAQ	0	0	0	0	0	0	0	0	0	0	0.998
GRM1	HOMER1	0	0	0	0	0	0	0	0	0	0	0.998
GNAQ	CTNNB1	0	0	0	0	0	0	0	0	0	0	0.56
GNAQ	PTEN	0	0	0	0	0	0	0	0	0	0	0.567
GNAQ	CALML4	0	0	0	0	0	0	0	0	0	0	0.57
GNAQ	CALML3	0	0	0	0	0	0	0	0	0	0	0.581
GNAQ	CALM3	0	0	0	0	0	0	0	0	0	0	0.593
GNAQ	AKT1	0	0	0	0	0	0	0	0	0	0	0.775
GNAQ	PIK3R1	0	0	0	0	0	0	0	0	0	0	0.854
GNAQ	ADORA2A	0	0	0	0	0	0	0	0	0	0	0.959
GNAQ	GRM5	0	0	0	0	0	0	0	0	0	0	0.999
PREX2	AKT1	0	0	0	0	0	0	0	0	0	0	0.444
PREX2	PTEN	0	0	0	0	0	0	0	0	0	0	0.99
CALM3	GRIA2	0	0	0	0	0	0	0	0	0	0	0.434
CALM3	PTEN	0	0	0	0	0	0	0	0	0	0	0.451
CALM3	DLG1	0	0	0	0	0	0	0	0	0	0	0.457
CALM3	CACNB4	0	0	0	0	0	0	0	0	0	0	0.463
CALM3	MAST2	0	0	0	0	0	0	0	0	0	0	0.471
CALM3	PIK3R1	0	0	0	0	0	0	0	0	0	0	0.513
CALM3	GRIN3A	0	0	0	0	0	0	0	0	0	0	0.515
CALM3	ADORA2A	0	0	0	0	0	0	0	0	0	0	0.515
CALM3	HOMER2	0	0	0	0	0	0	0	0	0	0	0.517
CALM3	CTNNB1	0	0	0	0	0	0	0	0	0	0	0.528
CALM3	HOMER3	0	0	0	0	0	0	0	0	0	0	0.533
CALM3	GRIA1	0	0	0	0	0	0	0	0	0	0	0.583
CALM3	HOMER1	0	0	0	0	0	0	0	0	0	0	0.63
CALM3	FYN	0	0	0	0	0	0	0	0	0	0	0.685
CALM3	GRM5	0	0	0	0	0	0	0	0	0	0	0.688
CALM3	GRIN2C	0	0	0	0	0	0	0	0	0	0	0.758
CALM3	AKT1	0	0	0	0	0	0	0	0	0	0	0.802
CALM3	GRIN2A	0	0	0	0	0	0	0	0	0	0	0.901
CALM3	GRIN2B	0	0	0	0	0	0	0	0	0	0	0.91
CALM3	DLG4	0	0	0	0	0	0	0	0	0	0	0.989
CALM3	CALML4	0	0	0	0	0	0	0	0	0	0	0.996
CALM3	GRIN1	0	0	0	0	0	0	0	0	0	0	0.996
CALM3	CALML3	0	0	0	0	0	0	0	0	0	0	0.996
CALM3	CAMK2A	0	0	0	0	0	0	0	0	0	0	0.999
GRIN2C	MAGI2	0	0	0	0	0	0	0	0	0	0	0.409
GRIN2C	SHANK1	0	0	0	0	0	0	0	0	0	0	0.416
GRIN2C	GRM5	0	0	0	0	0	0	0	0	0	0	0.621
GRIN2C	DLG1	0	0	0	0	0	0	0	0	0	0	0.681
GRIN2C	SHISA9	0	0	0	0	0	0	0	0	0	0	0.733
GRIN2C	CAMK2A	0	0	0	0	0	0	0	0	0	0	0.735
GRIN2C	CALML3	0	0	0	0	0	0	0	0	0	0	0.741
GRIN2C	CALML4	0	0	0	0	0	0	0	0	0	0	0.741
GRIN2C	CNIH2	0	0	0	0	0	0	0	0	0	0	0.765
GRIN2C	GRIA3	0	0	0	0	0	0	0	0	0	0	0.809
GRIN2C	CACNG2	0	0	0	0	0	0	0	0	0	0	0.817
GRIN2C	DLG2	0	0	0	0	0	0	0	0	0	0	0.818
GRIN2C	GRIA2	0	0	0	0	0	0	0	0	0	0	0.822
GRIN2C	GRIA1	0	0	0	0	0	0	0	0	0	0	0.829
GRIN2C	DLG3	0	0	0	0	0	0	0	0	0	0	0.872
GRIN2C	DLG4	0	0	0	0	0	0	0	0	0	0	0.99
GRIN2C	GRIN2A	0	0	0	0	0	0	0	0	0	0	0.998
GRIN2C	GRIN2B	0	0	0	0	0	0	0	0	0	0	0.998
GRIN2C	GRIN3A	0	0	0	0	0	0	0	0	0	0	0.998
GRIN2C	GRIN1	0	0	0	0	0	0	0	0	0	0	0.999
SHANK1	GPHN	0	0	0	0	0	0	0	0	0	0	0.416
SHANK1	CACNG2	0	0	0	0	0	0	0	0	0	0	0.418
SHANK1	MAGI2	0	0	0	0	0	0	0	0	0	0	0.418
SHANK1	DLG1	0	0	0	0	0	0	0	0	0	0	0.446
SHANK1	CAMK2A	0	0	0	0	0	0	0	0	0	0	0.533
SHANK1	GRIA2	0	0	0	0	0	0	0	0	0	0	0.563
SHANK1	GRIN1	0	0	0	0	0	0	0	0	0	0	0.596
SHANK1	GRIA1	0	0	0	0	0	0	0	0	0	0	0.619
SHANK1	NRXN3	0	0	0	0	0	0	0	0	0	0	0.696
SHANK1	GRIN2A	0	0	0	0	0	0	0	0	0	0	0.742
SHANK1	GRIN2B	0	0	0	0	0	0	0	0	0	0	0.752
SHANK1	NLGN4Y	0	0	0	0	0	0	0	0	0	0	0.76
SHANK1	DLG3	0	0	0	0	0	0	0	0	0	0	0.778
SHANK1	DLGAP2	0	0	0	0	0	0	0	0	0	0	0.841
SHANK1	NLGN2	0	0	0	0	0	0	0	0	0	0	0.868
SHANK1	DLG2	0	0	0	0	0	0	0	0	0	0	0.878
SHANK1	NRXN1	0	0	0	0	0	0	0	0	0	0	0.887
SHANK1	NLGN4X	0	0	0	0	0	0	0	0	0	0	0.894
SHANK1	NLGN3	0	0	0	0	0	0	0	0	0	0	0.904
SHANK1	DLGAP3	0	0	0	0	0	0	0	0	0	0	0.92
SHANK1	NLGN1	0	0	0	0	0	0	0	0	0	0	0.926
SHANK1	HOMER2	0	0	0	0	0	0	0	0	0	0	0.927
SHANK1	GRM5	0	0	0	0	0	0	0	0	0	0	0.939
SHANK1	HOMER3	0	0	0	0	0	0	0	0	0	0	0.966
SHANK1	SHANK2	0	0	0	0	0	0	0	0	0	0	0.968
SHANK1	SHANK3	0	0	0	0	0	0	0	0	0	0	0.982
SHANK1	HOMER1	0	0	0	0	0	0	0	0	0	0	0.984
SHANK1	DLG4	0	0	0	0	0	0	0	0	0	0	0.992
SHANK1	DLGAP1	0	0	0	0	0	0	0	0	0	0	0.996
PRKCI	PIK3R1	0	0	0	0	0	0	0	0	0	0	0.919
PRKCI	PTEN	0	0	0	0	0	0	0	0	0	0	0.933
PRKCI	PRKCZ	0	0	0	0	0	0	0	0	0	0	0.989
PRKCI	LLGL1	0	0	0	0	0	0	0	0	0	0	0.993
PRKCI	LLGL2	0	0	0	0	0	0	0	0	0	0	0.996
GRIA2	DLGAP3	0	0	0	0	0	0	0	0	0	0	0.401
GRIA2	CALML4	0	0	0	0	0	0	0	0	0	0	0.404
GRIA2	PIK3R1	0	0	0	0	0	0	0	0	0	0	0.415
GRIA2	NRXN3	0	0	0	0	0	0	0	0	0	0	0.416
GRIA2	DLGAP2	0	0	0	0	0	0	0	0	0	0	0.422
GRIA2	NLGN4Y	0	0	0	0	0	0	0	0	0	0	0.426
GRIA2	NLGN4X	0	0	0	0	0	0	0	0	0	0	0.485
GRIA2	EPB41L1	0	0	0	0	0	0	0	0	0	0	0.485
GRIA2	NLGN2	0	0	0	0	0	0	0	0	0	0	0.516
GRIA2	GPHN	0	0	0	0	0	0	0	0	0	0	0.52
GRIA2	NLGN3	0	0	0	0	0	0	0	0	0	0	0.535
GRIA2	SHANK3	0	0	0	0	0	0	0	0	0	0	0.573
GRIA2	HOMER1	0	0	0	0	0	0	0	0	0	0	0.596
GRIA2	CTNNB1	0	0	0	0	0	0	0	0	0	0	0.615
GRIA2	SHANK2	0	0	0	0	0	0	0	0	0	0	0.637
GRIA2	NLGN1	0	0	0	0	0	0	0	0	0	0	0.64
GRIA2	NRXN1	0	0	0	0	0	0	0	0	0	0	0.695
GRIA2	DLGAP1	0	0	0	0	0	0	0	0	0	0	0.722
GRIA2	DLG3	0	0	0	0	0	0	0	0	0	0	0.789
GRIA2	DLG1	0	0	0	0	0	0	0	0	0	0	0.809
GRIA2	DLG2	0	0	0	0	0	0	0	0	0	0	0.815
GRIA2	GRIN3A	0	0	0	0	0	0	0	0	0	0	0.845
GRIA2	GRM5	0	0	0	0	0	0	0	0	0	0	0.852
GRIA2	SHISA9	0	0	0	0	0	0	0	0	0	0	0.855
GRIA2	GRIN2B	0	0	0	0	0	0	0	0	0	0	0.885
GRIA2	GRIN1	0	0	0	0	0	0	0	0	0	0	0.901
GRIA2	GRIN2A	0	0	0	0	0	0	0	0	0	0	0.933
GRIA2	DLG4	0	0	0	0	0	0	0	0	0	0	0.968
GRIA2	CAMK2A	0	0	0	0	0	0	0	0	0	0	0.977
GRIA2	CNIH2	0	0	0	0	0	0	0	0	0	0	0.99
GRIA2	CACNG2	0	0	0	0	0	0	0	0	0	0	0.995
GRIA2	GRIA1	0	0	0	0	0	0	0	0	0	0	0.999
GRIA2	GRIA3	0	0	0	0	0	0	0	0	0	0	0.999
CACNG2	NLGN1	0	0	0	0	0	0	0	0	0	0	0.413
CACNG2	NRXN1	0	0	0	0	0	0	0	0	0	0	0.435
CACNG2	HOMER1	0	0	0	0	0	0	0	0	0	0	0.446
CACNG2	EPB41L1	0	0	0	0	0	0	0	0	0	0	0.67
CACNG2	DLGAP1	0	0	0	0	0	0	0	0	0	0	0.751
CACNG2	DLG2	0	0	0	0	0	0	0	0	0	0	0.783
CACNG2	CAMK2A	0	0	0	0	0	0	0	0	0	0	0.808
CACNG2	GRIN3A	0	0	0	0	0	0	0	0	0	0	0.852
CACNG2	GRIN2A	0	0	0	0	0	0	0	0	0	0	0.88
CACNG2	GRIN2B	0	0	0	0	0	0	0	0	0	0	0.893
CACNG2	GRIN1	0	0	0	0	0	0	0	0	0	0	0.894
CACNG2	DLG3	0	0	0	0	0	0	0	0	0	0	0.9
CACNG2	CNIH2	0	0	0	0	0	0	0	0	0	0	0.906
CACNG2	MAGI2	0	0	0	0	0	0	0	0	0	0	0.915
CACNG2	DLG1	0	0	0	0	0	0	0	0	0	0	0.941
CACNG2	CACNB4	0	0	0	0	0	0	0	0	0	0	0.951
CACNG2	SHISA9	0	0	0	0	0	0	0	0	0	0	0.973
CACNG2	GRIA3	0	0	0	0	0	0	0	0	0	0	0.984
CACNG2	DLG4	0	0	0	0	0	0	0	0	0	0	0.999
CACNG2	GRIA1	0	0	0	0	0	0	0	0	0	0	0.999
NLGN2	CAMK2A	0	0	0	0	0	0	0	0	0	0	0.411
NLGN2	NXPH1	0	0	0	0	0	0	0	0	0	0	0.414
NLGN2	DLG1	0	0	0	0	0	0	0	0	0	0	0.44
NLGN2	PTEN	0	0	0	0	0	0	0	0	0	0	0.455
NLGN2	GRIN1	0	0	0	0	0	0	0	0	0	0	0.469
NLGN2	PRNP	0	0	0	0	0	0	0	0	0	0	0.485
NLGN2	GRIN2B	0	0	0	0	0	0	0	0	0	0	0.496
NLGN2	CTNNB1	0	0	0	0	0	0	0	0	0	0	0.499
NLGN2	GRIN2A	0	0	0	0	0	0	0	0	0	0	0.521
NLGN2	NLGN4Y	0	0	0	0	0	0	0	0	0	0	0.525
NLGN2	GRIA1	0	0	0	0	0	0	0	0	0	0	0.532
NLGN2	DAG1	0	0	0	0	0	0	0	0	0	0	0.59
NLGN2	EPB41L1	0	0	0	0	0	0	0	0	0	0	0.624
NLGN2	HOMER2	0	0	0	0	0	0	0	0	0	0	0.647
NLGN2	GRM5	0	0	0	0	0	0	0	0	0	0	0.668
NLGN2	NLGN3	0	0	0	0	0	0	0	0	0	0	0.683
NLGN2	HOMER3	0	0	0	0	0	0	0	0	0	0	0.697
NLGN2	HOMER1	0	0	0	0	0	0	0	0	0	0	0.699
NLGN2	NLGN4X	0	0	0	0	0	0	0	0	0	0	0.704
NLGN2	NLGN1	0	0	0	0	0	0	0	0	0	0	0.704
NLGN2	DLGAP3	0	0	0	0	0	0	0	0	0	0	0.709
NLGN2	DLGAP2	0	0	0	0	0	0	0	0	0	0	0.715
NLGN2	DLG2	0	0	0	0	0	0	0	0	0	0	0.784
NLGN2	MAGI2	0	0	0	0	0	0	0	0	0	0	0.813
NLGN2	DLGAP1	0	0	0	0	0	0	0	0	0	0	0.844
NLGN2	SHANK2	0	0	0	0	0	0	0	0	0	0	0.868
NLGN2	DLG3	0	0	0	0	0	0	0	0	0	0	0.883
NLGN2	SHANK3	0	0	0	0	0	0	0	0	0	0	0.935
NLGN2	GPHN	0	0	0	0	0	0	0	0	0	0	0.968
NLGN2	NRXN3	0	0	0	0	0	0	0	0	0	0	0.978
NLGN2	MDGA1	0	0	0	0	0	0	0	0	0	0	0.994
NLGN2	DLG4	0	0	0	0	0	0	0	0	0	0	0.998
NLGN2	NRXN1	0	0	0	0	0	0	0	0	0	0	0.999
HOMER2	GRIA1	0	0	0	0	0	0	0	0	0	0	0.4
HOMER2	GRIN1	0	0	0	0	0	0	0	0	0	0	0.42
HOMER2	GRIN2A	0	0	0	0	0	0	0	0	0	0	0.478
HOMER2	GRIN2B	0	0	0	0	0	0	0	0	0	0	0.502
HOMER2	CALML4	0	0	0	0	0	0	0	0	0	0	0.507
HOMER2	CALML3	0	0	0	0	0	0	0	0	0	0	0.518
HOMER2	NLGN4X	0	0	0	0	0	0	0	0	0	0	0.596
HOMER2	NRXN1	0	0	0	0	0	0	0	0	0	0	0.605
HOMER2	NLGN4Y	0	0	0	0	0	0	0	0	0	0	0.607
HOMER2	DLG2	0	0	0	0	0	0	0	0	0	0	0.61
HOMER2	DLG3	0	0	0	0	0	0	0	0	0	0	0.613
HOMER2	NLGN1	0	0	0	0	0	0	0	0	0	0	0.618
HOMER2	DLGAP2	0	0	0	0	0	0	0	0	0	0	0.637
HOMER2	AKT1	0	0	0	0	0	0	0	0	0	0	0.638
HOMER2	NLGN3	0	0	0	0	0	0	0	0	0	0	0.641
HOMER2	DLGAP3	0	0	0	0	0	0	0	0	0	0	0.666
HOMER2	NRXN3	0	0	0	0	0	0	0	0	0	0	0.691
HOMER2	SHANK3	0	0	0	0	0	0	0	0	0	0	0.758
HOMER2	DLG4	0	0	0	0	0	0	0	0	0	0	0.779
HOMER2	SHANK2	0	0	0	0	0	0	0	0	0	0	0.782
HOMER2	DLGAP1	0	0	0	0	0	0	0	0	0	0	0.857
HOMER2	GRM5	0	0	0	0	0	0	0	0	0	0	0.965
HOMER2	HOMER3	0	0	0	0	0	0	0	0	0	0	0.99
HOMER2	HOMER1	0	0	0	0	0	0	0	0	0	0	0.991
GRM5	AKT1	0	0	0	0	0	0	0	0	0	0	0.44
GRM5	FYN	0	0	0	0	0	0	0	0	0	0	0.471
GRM5	CALML4	0	0	0	0	0	0	0	0	0	0	0.49
GRM5	CALML3	0	0	0	0	0	0	0	0	0	0	0.493
GRM5	PRKCZ	0	0	0	0	0	0	0	0	0	0	0.515
GRM5	NXPH1	0	0	0	0	0	0	0	0	0	0	0.54
GRM5	GPHN	0	0	0	0	0	0	0	0	0	0	0.545
GRM5	EPB41L1	0	0	0	0	0	0	0	0	0	0	0.547
GRM5	NLGN4Y	0	0	0	0	0	0	0	0	0	0	0.611
GRM5	DLG3	0	0	0	0	0	0	0	0	0	0	0.642
GRM5	DLGAP2	0	0	0	0	0	0	0	0	0	0	0.686
GRM5	NLGN4X	0	0	0	0	0	0	0	0	0	0	0.696
GRM5	GRIN3A	0	0	0	0	0	0	0	0	0	0	0.699
GRM5	DLG2	0	0	0	0	0	0	0	0	0	0	0.702
GRM5	NLGN1	0	0	0	0	0	0	0	0	0	0	0.716
GRM5	NRXN3	0	0	0	0	0	0	0	0	0	0	0.724
GRM5	NLGN3	0	0	0	0	0	0	0	0	0	0	0.735
GRM5	NRXN1	0	0	0	0	0	0	0	0	0	0	0.766
GRM5	GRIA3	0	0	0	0	0	0	0	0	0	0	0.782
GRM5	DLGAP3	0	0	0	0	0	0	0	0	0	0	0.786
GRM5	GRIN1	0	0	0	0	0	0	0	0	0	0	0.792
GRM5	GRIN2A	0	0	0	0	0	0	0	0	0	0	0.841
GRM5	GRIN2B	0	0	0	0	0	0	0	0	0	0	0.842
GRM5	SHANK2	0	0	0	0	0	0	0	0	0	0	0.869
GRM5	SHANK3	0	0	0	0	0	0	0	0	0	0	0.88
GRM5	DLG4	0	0	0	0	0	0	0	0	0	0	0.902
GRM5	DLGAP1	0	0	0	0	0	0	0	0	0	0	0.915
GRM5	GRIA1	0	0	0	0	0	0	0	0	0	0	0.916
GRM5	HOMER3	0	0	0	0	0	0	0	0	0	0	0.929
GRM5	PRNP	0	0	0	0	0	0	0	0	0	0	0.953
GRM5	CAMK2A	0	0	0	0	0	0	0	0	0	0	0.975
GRM5	ADORA2A	0	0	0	0	0	0	0	0	0	0	0.976
GRM5	HOMER1	0	0	0	0	0	0	0	0	0	0	0.999
CNIH2	DLG3	0	0	0	0	0	0	0	0	0	0	0.552
CNIH2	GRIN3A	0	0	0	0	0	0	0	0	0	0	0.763
CNIH2	GRIN2B	0	0	0	0	0	0	0	0	0	0	0.774
CNIH2	GRIN2A	0	0	0	0	0	0	0	0	0	0	0.784
CNIH2	GRIN1	0	0	0	0	0	0	0	0	0	0	0.796
CNIH2	DLG4	0	0	0	0	0	0	0	0	0	0	0.856
CNIH2	SHISA9	0	0	0	0	0	0	0	0	0	0	0.949
CNIH2	GRIA3	0	0	0	0	0	0	0	0	0	0	0.97
CNIH2	GRIA1	0	0	0	0	0	0	0	0	0	0	0.995
CALML3	PTEN	0	0	0	0	0	0	0	0	0	0	0.437
CALML3	ADORA2A	0	0	0	0	0	0	0	0	0	0	0.455
CALML3	DLG1	0	0	0	0	0	0	0	0	0	0	0.456
CALML3	HOMER3	0	0	0	0	0	0	0	0	0	0	0.532
CALML3	GRIA1	0	0	0	0	0	0	0	0	0	0	0.581
CALML3	HOMER1	0	0	0	0	0	0	0	0	0	0	0.625
CALML3	CTNNB1	0	0	0	0	0	0	0	0	0	0	0.628
CALML3	FYN	0	0	0	0	0	0	0	0	0	0	0.682
CALML3	AKT1	0	0	0	0	0	0	0	0	0	0	0.719
CALML3	DLG4	0	0	0	0	0	0	0	0	0	0	0.891
CALML3	GRIN2A	0	0	0	0	0	0	0	0	0	0	0.895
CALML3	GRIN2B	0	0	0	0	0	0	0	0	0	0	0.927
CALML3	GRIN1	0	0	0	0	0	0	0	0	0	0	0.96
CALML3	CALML4	0	0	0	0	0	0	0	0	0	0	0.963
CALML3	CAMK2A	0	0	0	0	0	0	0	0	0	0	0.999
DLGAP1	GRIN1	0	0	0	0	0	0	0	0	0	0	0.57
DLGAP1	NRXN3	0	0	0	0	0	0	0	0	0	0	0.659
DLGAP1	CAMK2A	0	0	0	0	0	0	0	0	0	0	0.703
DLGAP1	DLGAP2	0	0	0	0	0	0	0	0	0	0	0.704
DLGAP1	DLGAP3	0	0	0	0	0	0	0	0	0	0	0.724
DLGAP1	MAGI2	0	0	0	0	0	0	0	0	0	0	0.732
DLGAP1	NRXN1	0	0	0	0	0	0	0	0	0	0	0.774
DLGAP1	NLGN4Y	0	0	0	0	0	0	0	0	0	0	0.843
DLGAP1	GRIA1	0	0	0	0	0	0	0	0	0	0	0.852
DLGAP1	NLGN3	0	0	0	0	0	0	0	0	0	0	0.855
DLGAP1	NLGN4X	0	0	0	0	0	0	0	0	0	0	0.861
DLGAP1	GRIN2A	0	0	0	0	0	0	0	0	0	0	0.885
DLGAP1	DLG3	0	0	0	0	0	0	0	0	0	0	0.887
DLGAP1	DLG2	0	0	0	0	0	0	0	0	0	0	0.89
DLGAP1	GRIN2B	0	0	0	0	0	0	0	0	0	0	0.9
DLGAP1	NLGN1	0	0	0	0	0	0	0	0	0	0	0.927
DLGAP1	HOMER3	0	0	0	0	0	0	0	0	0	0	0.943
DLGAP1	DLG1	0	0	0	0	0	0	0	0	0	0	0.952
DLGAP1	SHANK2	0	0	0	0	0	0	0	0	0	0	0.981
DLGAP1	HOMER1	0	0	0	0	0	0	0	0	0	0	0.986
DLGAP1	SHANK3	0	0	0	0	0	0	0	0	0	0	0.997
DLGAP1	DLG4	0	0	0	0	0	0	0	0	0	0	0.999
LLGL1	FYN	0	0	0	0	0	0	0	0	0	0	0.406
LLGL1	DLG2	0	0	0	0	0	0	0	0	0	0	0.84
LLGL1	UBE3A	0	0	0	0	0	0	0	0	0	0	0.905
LLGL1	DLG3	0	0	0	0	0	0	0	0	0	0	0.939
LLGL1	SCRIB	0	0	0	0	0	0	0	0	0	0	0.964
LLGL1	DLG1	0	0	0	0	0	0	0	0	0	0	0.975
LLGL1	DLG4	0	0	0	0	0	0	0	0	0	0	0.983
LLGL1	LLGL2	0	0	0	0	0	0	0	0	0	0	0.993
LLGL1	PRKCZ	0	0	0	0	0	0	0	0	0	0	0.995
GRIN2A	NLGN4X	0	0	0	0	0	0	0	0	0	0	0.471
GRIN2A	NLGN3	0	0	0	0	0	0	0	0	0	0	0.472
GRIN2A	GPHN	0	0	0	0	0	0	0	0	0	0	0.482
GRIN2A	CACNB4	0	0	0	0	0	0	0	0	0	0	0.54
GRIN2A	NLGN1	0	0	0	0	0	0	0	0	0	0	0.554
GRIN2A	SHANK2	0	0	0	0	0	0	0	0	0	0	0.555
GRIN2A	DLGAP3	0	0	0	0	0	0	0	0	0	0	0.574
GRIN2A	MAGI2	0	0	0	0	0	0	0	0	0	0	0.575
GRIN2A	DLGAP2	0	0	0	0	0	0	0	0	0	0	0.577
GRIN2A	NRXN1	0	0	0	0	0	0	0	0	0	0	0.617
GRIN2A	SHANK3	0	0	0	0	0	0	0	0	0	0	0.638
GRIN2A	AKT1	0	0	0	0	0	0	0	0	0	0	0.659
GRIN2A	HOMER1	0	0	0	0	0	0	0	0	0	0	0.768
GRIN2A	SHISA9	0	0	0	0	0	0	0	0	0	0	0.786
GRIN2A	GRIA3	0	0	0	0	0	0	0	0	0	0	0.886
GRIN2A	CALML4	0	0	0	0	0	0	0	0	0	0	0.897
GRIN2A	GRIA1	0	0	0	0	0	0	0	0	0	0	0.926
GRIN2A	CAMK2A	0	0	0	0	0	0	0	0	0	0	0.968
GRIN2A	DLG1	0	0	0	0	0	0	0	0	0	0	0.979
GRIN2A	FYN	0	0	0	0	0	0	0	0	0	0	0.981
GRIN2A	DLG2	0	0	0	0	0	0	0	0	0	0	0.997
GRIN2A	DLG3	0	0	0	0	0	0	0	0	0	0	0.998
GRIN2A	GRIN1	0	0	0	0	0	0	0	0	0	0	0.999
GRIN2A	GRIN2B	0	0	0	0	0	0	0	0	0	0	0.999
GRIN2A	GRIN3A	0	0	0	0	0	0	0	0	0	0	0.999
GRIN2A	DLG4	0	0	0	0	0	0	0	0	0	0	0.999
HOMER1	GRIA3	0	0	0	0	0	0	0	0	0	0	0.43
HOMER1	PRNP	0	0	0	0	0	0	0	0	0	0	0.521
HOMER1	DLG1	0	0	0	0	0	0	0	0	0	0	0.553
HOMER1	NRXN3	0	0	0	0	0	0	0	0	0	0	0.608
HOMER1	CALML4	0	0	0	0	0	0	0	0	0	0	0.618
HOMER1	GRIN1	0	0	0	0	0	0	0	0	0	0	0.641
HOMER1	NLGN4Y	0	0	0	0	0	0	0	0	0	0	0.649
HOMER1	GRIN2B	0	0	0	0	0	0	0	0	0	0	0.675
HOMER1	NLGN4X	0	0	0	0	0	0	0	0	0	0	0.69
HOMER1	NRXN1	0	0	0	0	0	0	0	0	0	0	0.706
HOMER1	DLG3	0	0	0	0	0	0	0	0	0	0	0.707
HOMER1	NLGN3	0	0	0	0	0	0	0	0	0	0	0.721
HOMER1	NLGN1	0	0	0	0	0	0	0	0	0	0	0.726
HOMER1	GPHN	0	0	0	0	0	0	0	0	0	0	0.733
HOMER1	DLGAP2	0	0	0	0	0	0	0	0	0	0	0.734
HOMER1	CAMK2A	0	0	0	0	0	0	0	0	0	0	0.735
HOMER1	EPB41L1	0	0	0	0	0	0	0	0	0	0	0.747
HOMER1	DLGAP3	0	0	0	0	0	0	0	0	0	0	0.816
HOMER1	DLG2	0	0	0	0	0	0	0	0	0	0	0.821
HOMER1	GRIA1	0	0	0	0	0	0	0	0	0	0	0.873
HOMER1	SHANK2	0	0	0	0	0	0	0	0	0	0	0.937
HOMER1	SHANK3	0	0	0	0	0	0	0	0	0	0	0.957
HOMER1	DLG4	0	0	0	0	0	0	0	0	0	0	0.988
HOMER1	HOMER3	0	0	0	0	0	0	0	0	0	0	0.993
EPB41L1	DLG3	0	0	0	0	0	0	0	0	0	0	0.471
EPB41L1	NRXN3	0	0	0	0	0	0	0	0	0	0	0.528
EPB41L1	NLGN3	0	0	0	0	0	0	0	0	0	0	0.543
EPB41L1	NLGN4Y	0	0	0	0	0	0	0	0	0	0	0.547
EPB41L1	CAMK2A	0	0	0	0	0	0	0	0	0	0	0.571
EPB41L1	NLGN4X	0	0	0	0	0	0	0	0	0	0	0.578
EPB41L1	NRXN1	0	0	0	0	0	0	0	0	0	0	0.592
EPB41L1	NLGN1	0	0	0	0	0	0	0	0	0	0	0.639
EPB41L1	GRIA3	0	0	0	0	0	0	0	0	0	0	0.66
EPB41L1	DLG4	0	0	0	0	0	0	0	0	0	0	0.793
EPB41L1	DLG1	0	0	0	0	0	0	0	0	0	0	0.815
EPB41L1	GRIA1	0	0	0	0	0	0	0	0	0	0	0.997
PTK2	DAG1	0	0	0	0	0	0	0	0	0	0	0.434
PTK2	CTNNB1	0	0	0	0	0	0	0	0	0	0	0.802
PTK2	AKT1	0	0	0	0	0	0	0	0	0	0	0.879
PTK2	PIK3R1	0	0	0	0	0	0	0	0	0	0	0.988
PTK2	PTEN	0	0	0	0	0	0	0	0	0	0	0.995
PTK2	FYN	0	0	0	0	0	0	0	0	0	0	0.998
SHANK2	MAGI2	0	0	0	0	0	0	0	0	0	0	0.413
SHANK2	DLG1	0	0	0	0	0	0	0	0	0	0	0.416
SHANK2	CAMK2A	0	0	0	0	0	0	0	0	0	0	0.442
SHANK2	GRIN1	0	0	0	0	0	0	0	0	0	0	0.475
SHANK2	UBE3A	0	0	0	0	0	0	0	0	0	0	0.486
SHANK2	GPHN	0	0	0	0	0	0	0	0	0	0	0.486
SHANK2	AKT1	0	0	0	0	0	0	0	0	0	0	0.539
SHANK2	GRIN3A	0	0	0	0	0	0	0	0	0	0	0.575
SHANK2	GRIN2B	0	0	0	0	0	0	0	0	0	0	0.628
SHANK2	NRXN3	0	0	0	0	0	0	0	0	0	0	0.725
SHANK2	DLG3	0	0	0	0	0	0	0	0	0	0	0.744
SHANK2	GRIA1	0	0	0	0	0	0	0	0	0	0	0.75
SHANK2	HOMER3	0	0	0	0	0	0	0	0	0	0	0.799
SHANK2	DLG2	0	0	0	0	0	0	0	0	0	0	0.811
SHANK2	NLGN4Y	0	0	0	0	0	0	0	0	0	0	0.85
SHANK2	NRXN1	0	0	0	0	0	0	0	0	0	0	0.914
SHANK2	NLGN1	0	0	0	0	0	0	0	0	0	0	0.914
SHANK2	DLGAP3	0	0	0	0	0	0	0	0	0	0	0.917
SHANK2	NLGN3	0	0	0	0	0	0	0	0	0	0	0.958
SHANK2	NLGN4X	0	0	0	0	0	0	0	0	0	0	0.964
SHANK2	DLGAP2	0	0	0	0	0	0	0	0	0	0	0.969
SHANK2	SHANK3	0	0	0	0	0	0	0	0	0	0	0.98
SHANK2	DLG4	0	0	0	0	0	0	0	0	0	0	0.993
DLG1	NLGN4Y	0	0	0	0	0	0	0	0	0	0	0.402
DLG1	NLGN4X	0	0	0	0	0	0	0	0	0	0	0.414
DLG1	NLGN3	0	0	0	0	0	0	0	0	0	0	0.436
DLG1	CALML4	0	0	0	0	0	0	0	0	0	0	0.457
DLG1	NRXN1	0	0	0	0	0	0	0	0	0	0	0.472
DLG1	NLGN1	0	0	0	0	0	0	0	0	0	0	0.483
DLG1	MAST2	0	0	0	0	0	0	0	0	0	0	0.531
DLG1	MAGI2	0	0	0	0	0	0	0	0	0	0	0.579
DLG1	SHANK3	0	0	0	0	0	0	0	0	0	0	0.587
DLG1	GRIA3	0	0	0	0	0	0	0	0	0	0	0.697
DLG1	DLGAP2	0	0	0	0	0	0	0	0	0	0	0.714
DLG1	CAMK2A	0	0	0	0	0	0	0	0	0	0	0.721
DLG1	CTNNB1	0	0	0	0	0	0	0	0	0	0	0.786
DLG1	GRIN1	0	0	0	0	0	0	0	0	0	0	0.878
DLG1	LLGL2	0	0	0	0	0	0	0	0	0	0	0.916
DLG1	SCRIB	0	0	0	0	0	0	0	0	0	0	0.917
DLG1	DLG4	0	0	0	0	0	0	0	0	0	0	0.956
DLG1	DLG2	0	0	0	0	0	0	0	0	0	0	0.962
DLG1	UBE3A	0	0	0	0	0	0	0	0	0	0	0.974
DLG1	DLG3	0	0	0	0	0	0	0	0	0	0	0.974
DLG1	GRIN2B	0	0	0	0	0	0	0	0	0	0	0.992
DLG1	PTEN	0	0	0	0	0	0	0	0	0	0	0.996
DLG1	GRIA1	0	0	0	0	0	0	0	0	0	0	0.999
MAGI2	GRIA1	0	0	0	0	0	0	0	0	0	0	0.408
MAGI2	DLGAP2	0	0	0	0	0	0	0	0	0	0	0.42
MAGI2	NRXN1	0	0	0	0	0	0	0	0	0	0	0.461
MAGI2	GRIN2B	0	0	0	0	0	0	0	0	0	0	0.595
MAGI2	DLG4	0	0	0	0	0	0	0	0	0	0	0.616
MAGI2	DLGAP3	0	0	0	0	0	0	0	0	0	0	0.633
MAGI2	DAG1	0	0	0	0	0	0	0	0	0	0	0.669
MAGI2	NLGN4Y	0	0	0	0	0	0	0	0	0	0	0.743
MAGI2	NLGN4X	0	0	0	0	0	0	0	0	0	0	0.763
MAGI2	NLGN3	0	0	0	0	0	0	0	0	0	0	0.779
MAGI2	MAST2	0	0	0	0	0	0	0	0	0	0	0.84
MAGI2	NLGN1	0	0	0	0	0	0	0	0	0	0	0.893
MAGI2	CTNNB1	0	0	0	0	0	0	0	0	0	0	0.986
MAGI2	PTEN	0	0	0	0	0	0	0	0	0	0	0.998
FYN	GRIA1	0	0	0	0	0	0	0	0	0	0	0.451
FYN	DAG1	0	0	0	0	0	0	0	0	0	0	0.484
FYN	PTEN	0	0	0	0	0	0	0	0	0	0	0.657
FYN	CALML4	0	0	0	0	0	0	0	0	0	0	0.679
FYN	DLG3	0	0	0	0	0	0	0	0	0	0	0.705
FYN	GRIN1	0	0	0	0	0	0	0	0	0	0	0.743
FYN	DLG2	0	0	0	0	0	0	0	0	0	0	0.766
FYN	AKT1	0	0	0	0	0	0	0	0	0	0	0.834
FYN	CTNNB1	0	0	0	0	0	0	0	0	0	0	0.986
FYN	PIK3R1	0	0	0	0	0	0	0	0	0	0	0.988
FYN	PRNP	0	0	0	0	0	0	0	0	0	0	0.99
FYN	GRIN2B	0	0	0	0	0	0	0	0	0	0	0.993
FYN	DLG4	0	0	0	0	0	0	0	0	0	0	0.996
NLGN4Y	GRIA1	0	0	0	0	0	0	0	0	0	0	0.412
NLGN4Y	GRIN2B	0	0	0	0	0	0	0	0	0	0	0.448
NLGN4Y	PTEN	0	0	0	0	0	0	0	0	0	0	0.464
NLGN4Y	GPHN	0	0	0	0	0	0	0	0	0	0	0.478
NLGN4Y	PRNP	0	0	0	0	0	0	0	0	0	0	0.487
NLGN4Y	CTNNB1	0	0	0	0	0	0	0	0	0	0	0.498
NLGN4Y	MDGA1	0	0	0	0	0	0	0	0	0	0	0.505
NLGN4Y	NLGN4X	0	0	0	0	0	0	0	0	0	0	0.519
NLGN4Y	NLGN1	0	0	0	0	0	0	0	0	0	0	0.523
NLGN4Y	HOMER3	0	0	0	0	0	0	0	0	0	0	0.608
NLGN4Y	DLGAP3	0	0	0	0	0	0	0	0	0	0	0.66
NLGN4Y	DLGAP2	0	0	0	0	0	0	0	0	0	0	0.669
NLGN4Y	DLG2	0	0	0	0	0	0	0	0	0	0	0.696
NLGN4Y	NLGN3	0	0	0	0	0	0	0	0	0	0	0.697
NLGN4Y	NRXN3	0	0	0	0	0	0	0	0	0	0	0.827
NLGN4Y	DLG3	0	0	0	0	0	0	0	0	0	0	0.848
NLGN4Y	SHANK3	0	0	0	0	0	0	0	0	0	0	0.899
NLGN4Y	DLG4	0	0	0	0	0	0	0	0	0	0	0.986
NLGN4Y	NRXN1	0	0	0	0	0	0	0	0	0	0	0.999
SCRIB	GRIN2B	0	0	0	0	0	0	0	0	0	0	0.494
SCRIB	PRKCZ	0	0	0	0	0	0	0	0	0	0	0.657
SCRIB	AKT1	0	0	0	0	0	0	0	0	0	0	0.712
SCRIB	PTEN	0	0	0	0	0	0	0	0	0	0	0.834
SCRIB	DLG2	0	0	0	0	0	0	0	0	0	0	0.856
SCRIB	CTNNB1	0	0	0	0	0	0	0	0	0	0	0.88
SCRIB	DLG3	0	0	0	0	0	0	0	0	0	0	0.908
SCRIB	DLG4	0	0	0	0	0	0	0	0	0	0	0.921
SCRIB	LLGL2	0	0	0	0	0	0	0	0	0	0	0.959
SCRIB	UBE3A	0	0	0	0	0	0	0	0	0	0	0.98
NLGN3	NXPH1	0	0	0	0	0	0	0	0	0	0	0.418
NLGN3	GRIN1	0	0	0	0	0	0	0	0	0	0	0.446
NLGN3	PRNP	0	0	0	0	0	0	0	0	0	0	0.48
NLGN3	CTNNB1	0	0	0	0	0	0	0	0	0	0	0.513
NLGN3	GRIA1	0	0	0	0	0	0	0	0	0	0	0.536
NLGN3	GRIN2B	0	0	0	0	0	0	0	0	0	0	0.573
NLGN3	PTEN	0	0	0	0	0	0	0	0	0	0	0.591
NLGN3	GPHN	0	0	0	0	0	0	0	0	0	0	0.648
NLGN3	HOMER3	0	0	0	0	0	0	0	0	0	0	0.65
NLGN3	UBE3A	0	0	0	0	0	0	0	0	0	0	0.667
NLGN3	MDGA1	0	0	0	0	0	0	0	0	0	0	0.686
NLGN3	DLGAP3	0	0	0	0	0	0	0	0	0	0	0.763
NLGN3	DLG2	0	0	0	0	0	0	0	0	0	0	0.776
NLGN3	NLGN4X	0	0	0	0	0	0	0	0	0	0	0.796
NLGN3	NLGN1	0	0	0	0	0	0	0	0	0	0	0.799
NLGN3	DLGAP2	0	0	0	0	0	0	0	0	0	0	0.839
NLGN3	DLG3	0	0	0	0	0	0	0	0	0	0	0.885
NLGN3	NRXN3	0	0	0	0	0	0	0	0	0	0	0.94
NLGN3	SHANK3	0	0	0	0	0	0	0	0	0	0	0.993
NLGN3	DLG4	0	0	0	0	0	0	0	0	0	0	0.995
NLGN3	NRXN1	0	0	0	0	0	0	0	0	0	0	0.999
MAST2	PTEN	0	0	0	0	0	0	0	0	0	0	0.993
GRIN3A	DLG3	0	0	0	0	0	0	0	0	0	0	0.68
GRIN3A	SHISA9	0	0	0	0	0	0	0	0	0	0	0.784
GRIN3A	GRIA3	0	0	0	0	0	0	0	0	0	0	0.802
GRIN3A	GRIA1	0	0	0	0	0	0	0	0	0	0	0.815
GRIN3A	DLG4	0	0	0	0	0	0	0	0	0	0	0.966
GRIN3A	GRIN1	0	0	0	0	0	0	0	0	0	0	0.999
GRIN3A	GRIN2B	0	0	0	0	0	0	0	0	0	0	0.999
PSMD4	SPOP	0	0	0	0	0	0	0	0	0	0	0.425
PSMD4	UBE2L3	0	0	0	0	0	0	0	0	0	0	0.434
PSMD4	UBE2D2	0	0	0	0	0	0	0	0	0	0	0.501
PSMD4	PTEN	0	0	0	0	0	0	0	0	0	0	0.606
PSMD4	UBE2D1	0	0	0	0	0	0	0	0	0	0	0.668
PSMD4	PRNP	0	0	0	0	0	0	0	0	0	0	0.68
PSMD4	UBE3A	0	0	0	0	0	0	0	0	0	0	0.994
PSMD4	RAD23A	0	0	0	0	0	0	0	0	0	0	0.999
GRIN1	NLGN4X	0	0	0	0	0	0	0	0	0	0	0.422
GRIN1	DLGAP2	0	0	0	0	0	0	0	0	0	0	0.442
GRIN1	GPHN	0	0	0	0	0	0	0	0	0	0	0.446
GRIN1	NRXN1	0	0	0	0	0	0	0	0	0	0	0.449
GRIN1	DLGAP3	0	0	0	0	0	0	0	0	0	0	0.507
GRIN1	SHANK3	0	0	0	0	0	0	0	0	0	0	0.568
GRIN1	NLGN1	0	0	0	0	0	0	0	0	0	0	0.611
GRIN1	SHISA9	0	0	0	0	0	0	0	0	0	0	0.75
GRIN1	DLG2	0	0	0	0	0	0	0	0	0	0	0.761
GRIN1	GRIA3	0	0	0	0	0	0	0	0	0	0	0.877
GRIN1	DLG3	0	0	0	0	0	0	0	0	0	0	0.879
GRIN1	GRIA1	0	0	0	0	0	0	0	0	0	0	0.907
GRIN1	CAMK2A	0	0	0	0	0	0	0	0	0	0	0.911
GRIN1	CALML4	0	0	0	0	0	0	0	0	0	0	0.964
GRIN1	DLG4	0	0	0	0	0	0	0	0	0	0	0.998
GRIN1	GRIN2B	0	0	0	0	0	0	0	0	0	0	0.999
PTEN	UBE2D2	0	0	0	0	0	0	0	0	0	0	0.407
PTEN	CALML4	0	0	0	0	0	0	0	0	0	0	0.413
PTEN	SHANK3	0	0	0	0	0	0	0	0	0	0	0.483
PTEN	NLGN1	0	0	0	0	0	0	0	0	0	0	0.496
PTEN	GRIN2B	0	0	0	0	0	0	0	0	0	0	0.547
PTEN	NLGN4X	0	0	0	0	0	0	0	0	0	0	0.556
PTEN	UBE2L3	0	0	0	0	0	0	0	0	0	0	0.571
PTEN	DLG4	0	0	0	0	0	0	0	0	0	0	0.745
PTEN	CTNNB1	0	0	0	0	0	0	0	0	0	0	0.943
PTEN	PRKCZ	0	0	0	0	0	0	0	0	0	0	0.958
PTEN	UBE3A	0	0	0	0	0	0	0	0	0	0	0.96
PTEN	AKT1	0	0	0	0	0	0	0	0	0	0	0.988
PTEN	SPOP	0	0	0	0	0	0	0	0	0	0	0.99
PTEN	PIK3R1	0	0	0	0	0	0	0	0	0	0	0.997
DLGAP3	CAMK2A	0	0	0	0	0	0	0	0	0	0	0.451
DLGAP3	GRIA1	0	0	0	0	0	0	0	0	0	0	0.507
DLGAP3	NRXN3	0	0	0	0	0	0	0	0	0	0	0.634
DLGAP3	HOMER3	0	0	0	0	0	0	0	0	0	0	0.72
DLGAP3	NRXN1	0	0	0	0	0	0	0	0	0	0	0.733
DLGAP3	NLGN4X	0	0	0	0	0	0	0	0	0	0	0.737
DLGAP3	NLGN1	0	0	0	0	0	0	0	0	0	0	0.737
DLGAP3	GRIN2B	0	0	0	0	0	0	0	0	0	0	0.753
DLGAP3	DLG3	0	0	0	0	0	0	0	0	0	0	0.835
DLGAP3	DLG2	0	0	0	0	0	0	0	0	0	0	0.847
DLGAP3	DLGAP2	0	0	0	0	0	0	0	0	0	0	0.868
DLGAP3	SHANK3	0	0	0	0	0	0	0	0	0	0	0.992
DLGAP3	DLG4	0	0	0	0	0	0	0	0	0	0	0.993
UBE2D1	CTNNB1	0	0	0	0	0	0	0	0	0	0	0.456
UBE2D1	SPOP	0	0	0	0	0	0	0	0	0	0	0.505
UBE2D1	UBE2L3	0	0	0	0	0	0	0	0	0	0	0.654
UBE2D1	UBE2D2	0	0	0	0	0	0	0	0	0	0	0.943
UBE2D1	UBE3A	0	0	0	0	0	0	0	0	0	0	0.984
DLG3	GPHN	0	0	0	0	0	0	0	0	0	0	0.472
DLG3	SHISA9	0	0	0	0	0	0	0	0	0	0	0.513
DLG3	NRXN3	0	0	0	0	0	0	0	0	0	0	0.593
DLG3	HOMER3	0	0	0	0	0	0	0	0	0	0	0.633
DLG3	GRIA3	0	0	0	0	0	0	0	0	0	0	0.644
DLG3	CAMK2A	0	0	0	0	0	0	0	0	0	0	0.688
DLG3	NRXN1	0	0	0	0	0	0	0	0	0	0	0.717
DLG3	SHANK3	0	0	0	0	0	0	0	0	0	0	0.759
DLG3	GRIA1	0	0	0	0	0	0	0	0	0	0	0.815
DLG3	NLGN4X	0	0	0	0	0	0	0	0	0	0	0.863
DLG3	DLGAP2	0	0	0	0	0	0	0	0	0	0	0.872
DLG3	LLGL2	0	0	0	0	0	0	0	0	0	0	0.887
DLG3	NLGN1	0	0	0	0	0	0	0	0	0	0	0.892
DLG3	UBE3A	0	0	0	0	0	0	0	0	0	0	0.913
DLG3	DLG2	0	0	0	0	0	0	0	0	0	0	0.984
DLG3	DLG4	0	0	0	0	0	0	0	0	0	0	0.997
DLG3	GRIN2B	0	0	0	0	0	0	0	0	0	0	0.998
DLG2	CACNB4	0	0	0	0	0	0	0	0	0	0	0.455
DLG2	GPHN	0	0	0	0	0	0	0	0	0	0	0.607
DLG2	HOMER3	0	0	0	0	0	0	0	0	0	0	0.645
DLG2	GRIA3	0	0	0	0	0	0	0	0	0	0	0.655
DLG2	NRXN3	0	0	0	0	0	0	0	0	0	0	0.682
DLG2	CAMK2A	0	0	0	0	0	0	0	0	0	0	0.688
DLG2	NLGN4X	0	0	0	0	0	0	0	0	0	0	0.713
DLG2	NRXN1	0	0	0	0	0	0	0	0	0	0	0.778
DLG2	DLGAP2	0	0	0	0	0	0	0	0	0	0	0.811
DLG2	LLGL2	0	0	0	0	0	0	0	0	0	0	0.844
DLG2	NLGN1	0	0	0	0	0	0	0	0	0	0	0.868
DLG2	GRIA1	0	0	0	0	0	0	0	0	0	0	0.908
DLG2	UBE3A	0	0	0	0	0	0	0	0	0	0	0.913
DLG2	SHANK3	0	0	0	0	0	0	0	0	0	0	0.919
DLG2	DLG4	0	0	0	0	0	0	0	0	0	0	0.969
DLG2	GRIN2B	0	0	0	0	0	0	0	0	0	0	0.996
PRKCZ	CTNNB1	0	0	0	0	0	0	0	0	0	0	0.653
PRKCZ	PIK3R1	0	0	0	0	0	0	0	0	0	0	0.933
PRKCZ	AKT1	0	0	0	0	0	0	0	0	0	0	0.974
PRKCZ	LLGL2	0	0	0	0	0	0	0	0	0	0	0.994
NLGN4X	NXPH1	0	0	0	0	0	0	0	0	0	0	0.407
NLGN4X	PRNP	0	0	0	0	0	0	0	0	0	0	0.475
NLGN4X	CTNNB1	0	0	0	0	0	0	0	0	0	0	0.508
NLGN4X	GRIA1	0	0	0	0	0	0	0	0	0	0	0.514
NLGN4X	GRIN2B	0	0	0	0	0	0	0	0	0	0	0.546
NLGN4X	NLGN1	0	0	0	0	0	0	0	0	0	0	0.548
NLGN4X	MDGA1	0	0	0	0	0	0	0	0	0	0	0.613
NLGN4X	HOMER3	0	0	0	0	0	0	0	0	0	0	0.619
NLGN4X	UBE3A	0	0	0	0	0	0	0	0	0	0	0.633
NLGN4X	GPHN	0	0	0	0	0	0	0	0	0	0	0.767
NLGN4X	DLGAP2	0	0	0	0	0	0	0	0	0	0	0.841
NLGN4X	NRXN3	0	0	0	0	0	0	0	0	0	0	0.859
NLGN4X	SHANK3	0	0	0	0	0	0	0	0	0	0	0.995
NLGN4X	DLG4	0	0	0	0	0	0	0	0	0	0	0.995
NLGN4X	NRXN1	0	0	0	0	0	0	0	0	0	0	0.999
LLGL2	UBE3A	0	0	0	0	0	0	0	0	0	0	0.901
LLGL2	DLG4	0	0	0	0	0	0	0	0	0	0	0.982
SPOP	CTNNB1	0	0	0	0	0	0	0	0	0	0	0.407
SPOP	PIK3R1	0	0	0	0	0	0	0	0	0	0	0.421
SPOP	UBE2D2	0	0	0	0	0	0	0	0	0	0	0.662
UBE2D2	RAD23A	0	0	0	0	0	0	0	0	0	0	0.404
UBE2D2	CTNNB1	0	0	0	0	0	0	0	0	0	0	0.429
UBE2D2	UBE2L3	0	0	0	0	0	0	0	0	0	0	0.683
UBE2D2	UBE3A	0	0	0	0	0	0	0	0	0	0	0.984
NXPH1	NLGN1	0	0	0	0	0	0	0	0	0	0	0.525
NXPH1	NRXN3	0	0	0	0	0	0	0	0	0	0	0.671
NXPH1	NRXN1	0	0	0	0	0	0	0	0	0	0	0.973
NRXN1	GRIA3	0	0	0	0	0	0	0	0	0	0	0.509
NRXN1	UBE3A	0	0	0	0	0	0	0	0	0	0	0.532
NRXN1	CAMK2A	0	0	0	0	0	0	0	0	0	0	0.542
NRXN1	MDGA1	0	0	0	0	0	0	0	0	0	0	0.592
NRXN1	GRIA1	0	0	0	0	0	0	0	0	0	0	0.6
NRXN1	HOMER3	0	0	0	0	0	0	0	0	0	0	0.619
NRXN1	NRXN3	0	0	0	0	0	0	0	0	0	0	0.752
NRXN1	DLGAP2	0	0	0	0	0	0	0	0	0	0	0.803
NRXN1	GPHN	0	0	0	0	0	0	0	0	0	0	0.831
NRXN1	GRIN2B	0	0	0	0	0	0	0	0	0	0	0.832
NRXN1	SHANK3	0	0	0	0	0	0	0	0	0	0	0.961
NRXN1	DLG4	0	0	0	0	0	0	0	0	0	0	0.991
NRXN1	DAG1	0	0	0	0	0	0	0	0	0	0	0.998
NRXN1	NLGN1	0	0	0	0	0	0	0	0	0	0	0.999
NLGN1	CAMK2A	0	0	0	0	0	0	0	0	0	0	0.414
NLGN1	PRNP	0	0	0	0	0	0	0	0	0	0	0.538
NLGN1	UBE3A	0	0	0	0	0	0	0	0	0	0	0.548
NLGN1	CTNNB1	0	0	0	0	0	0	0	0	0	0	0.553
NLGN1	GRIA1	0	0	0	0	0	0	0	0	0	0	0.633
NLGN1	HOMER3	0	0	0	0	0	0	0	0	0	0	0.643
NLGN1	MDGA1	0	0	0	0	0	0	0	0	0	0	0.676
NLGN1	GPHN	0	0	0	0	0	0	0	0	0	0	0.722
NLGN1	GRIN2B	0	0	0	0	0	0	0	0	0	0	0.755
NLGN1	DLGAP2	0	0	0	0	0	0	0	0	0	0	0.811
NLGN1	NRXN3	0	0	0	0	0	0	0	0	0	0	0.964
NLGN1	SHANK3	0	0	0	0	0	0	0	0	0	0	0.978
NLGN1	DLG4	0	0	0	0	0	0	0	0	0	0	0.999
PRNP	AKT1	0	0	0	0	0	0	0	0	0	0	0.424
PRNP	GRIN2B	0	0	0	0	0	0	0	0	0	0	0.452
PRNP	DLG4	0	0	0	0	0	0	0	0	0	0	0.507
UBE2L3	RAD23A	0	0	0	0	0	0	0	0	0	0	0.437
UBE2L3	UBE3A	0	0	0	0	0	0	0	0	0	0	0.999
GPHN	NRXN3	0	0	0	0	0	0	0	0	0	0	0.404
GPHN	CAMK2A	0	0	0	0	0	0	0	0	0	0	0.418
GPHN	AKT1	0	0	0	0	0	0	0	0	0	0	0.472
GPHN	GRIN2B	0	0	0	0	0	0	0	0	0	0	0.526
GPHN	SHANK3	0	0	0	0	0	0	0	0	0	0	0.541
GPHN	GRIA1	0	0	0	0	0	0	0	0	0	0	0.621
GPHN	DLG4	0	0	0	0	0	0	0	0	0	0	0.884
CALML4	ADORA2A	0	0	0	0	0	0	0	0	0	0	0.446
CALML4	HOMER3	0	0	0	0	0	0	0	0	0	0	0.527
CALML4	GRIA1	0	0	0	0	0	0	0	0	0	0	0.586
CALML4	CTNNB1	0	0	0	0	0	0	0	0	0	0	0.631
CALML4	AKT1	0	0	0	0	0	0	0	0	0	0	0.713
CALML4	DLG4	0	0	0	0	0	0	0	0	0	0	0.892
CALML4	GRIN2B	0	0	0	0	0	0	0	0	0	0	0.926
CALML4	CAMK2A	0	0	0	0	0	0	0	0	0	0	0.999
PIK3R1	CTNNB1	0	0	0	0	0	0	0	0	0	0	0.858
PIK3R1	AKT1	0	0	0	0	0	0	0	0	0	0	0.995
GRIA1	NRXN3	0	0	0	0	0	0	0	0	0	0	0.404
GRIA1	DLGAP2	0	0	0	0	0	0	0	0	0	0	0.427
GRIA1	CACNB4	0	0	0	0	0	0	0	0	0	0	0.45
GRIA1	AKT1	0	0	0	0	0	0	0	0	0	0	0.48
GRIA1	UBE3A	0	0	0	0	0	0	0	0	0	0	0.592
GRIA1	SHANK3	0	0	0	0	0	0	0	0	0	0	0.623
GRIA1	GRIN2B	0	0	0	0	0	0	0	0	0	0	0.934
GRIA1	SHISA9	0	0	0	0	0	0	0	0	0	0	0.984
GRIA1	DLG4	0	0	0	0	0	0	0	0	0	0	0.994
GRIA1	GRIA3	0	0	0	0	0	0	0	0	0	0	0.999
GRIA1	CAMK2A	0	0	0	0	0	0	0	0	0	0	0.999
CACNB4	CAMK2A	0	0	0	0	0	0	0	0	0	0	0.717
HOMER3	AKT1	0	0	0	0	0	0	0	0	0	0	0.421
HOMER3	GRIN2B	0	0	0	0	0	0	0	0	0	0	0.466
HOMER3	NRXN3	0	0	0	0	0	0	0	0	0	0	0.516
HOMER3	DLGAP2	0	0	0	0	0	0	0	0	0	0	0.698
HOMER3	DLG4	0	0	0	0	0	0	0	0	0	0	0.868
HOMER3	SHANK3	0	0	0	0	0	0	0	0	0	0	0.884
DAG1	NRXN3	0	0	0	0	0	0	0	0	0	0	0.47
AKT1	ADORA2A	0	0	0	0	0	0	0	0	0	0	0.428
AKT1	GRIN2B	0	0	0	0	0	0	0	0	0	0	0.51
AKT1	SHANK3	0	0	0	0	0	0	0	0	0	0	0.548
AKT1	DLG4	0	0	0	0	0	0	0	0	0	0	0.747
AKT1	CTNNB1	0	0	0	0	0	0	0	0	0	0	0.979
SHISA9	GRIN2B	0	0	0	0	0	0	0	0	0	0	0.779
SHISA9	GRIA3	0	0	0	0	0	0	0	0	0	0	0.824
SHISA9	DLG4	0	0	0	0	0	0	0	0	0	0	0.858
RAD23A	UBE3A	0	0	0	0	0	0	0	0	0	0	0.974
GRIN2B	ADORA2A	0	0	0	0	0	0	0	0	0	0	0.414
GRIN2B	NRXN3	0	0	0	0	0	0	0	0	0	0	0.414
GRIN2B	DLGAP2	0	0	0	0	0	0	0	0	0	0	0.514
GRIN2B	CTNNB1	0	0	0	0	0	0	0	0	0	0	0.757
GRIN2B	SHANK3	0	0	0	0	0	0	0	0	0	0	0.785
GRIN2B	GRIA3	0	0	0	0	0	0	0	0	0	0	0.823
GRIN2B	DLG4	0	0	0	0	0	0	0	0	0	0	0.999
GRIN2B	CAMK2A	0	0	0	0	0	0	0	0	0	0	0.999
GRIA3	CAMK2A	0	0	0	0	0	0	0	0	0	0	0.808
GRIA3	DLG4	0	0	0	0	0	0	0	0	0	0	0.873
SHANK3	CAMK2A	0	0	0	0	0	0	0	0	0	0	0.509
SHANK3	UBE3A	0	0	0	0	0	0	0	0	0	0	0.647
SHANK3	NRXN3	0	0	0	0	0	0	0	0	0	0	0.703
SHANK3	DLGAP2	0	0	0	0	0	0	0	0	0	0	0.988
SHANK3	DLG4	0	0	0	0	0	0	0	0	0	0	0.996
NRXN3	CAMK2A	0	0	0	0	0	0	0	0	0	0	0.404
NRXN3	DLGAP2	0	0	0	0	0	0	0	0	0	0	0.645
NRXN3	DLG4	0	0	0	0	0	0	0	0	0	0	0.858
DLGAP2	CAMK2A	0	0	0	0	0	0	0	0	0	0	0.436
DLGAP2	DLG4	0	0	0	0	0	0	0	0	0	0	0.891
CTNNB1	DLG4	0	0	0	0	0	0	0	0	0	0	0.538
CTNNB1	UBE3A	0	0	0	0	0	0	0	0	0	0	0.974
UBE3A	DLG4	0	0	0	0	0	0	0	0	0	0	0.447
DLG4	CAMK2A	0	0	0	0	0	0	0	0	0	0	0.92
CBLN1	DLG4	0	0	0	0	0	0	0	0	0	0	0.402
CBLN1	NLGN3	0	0	0	0	0	0	0	0	0	0	0.507
CBLN1	NLGN2	0	0	0	0	0	0	0	0	0	0	0.559
CBLN1	NLGN4X	0	0	0	0	0	0	0	0	0	0	0.56
CBLN1	NRXN3	0	0	0	0	0	0	0	0	0	0	0.565
CBLN1	NLGN1	0	0	0	0	0	0	0	0	0	0	0.611
CBLN1	LRRTM2	0	0	0	0	0	0	0	0	0	0	0.717
CBLN1	NRXN2	0	0	0	0	0	0	0	0	0	0	0.989
CBLN1	NRXN1	0	0	0	0	0	0	0	0	0	0	0.994
TSC2	NLGN4X	0	0	0	0	0	0	0	0	0	0	0.459
TSC2	NLGN3	0	0	0	0	0	0	0	0	0	0	0.471
TSC2	PTK2	0	0	0	0	0	0	0	0	0	0	0.476
TSC2	CTNNB1	0	0	0	0	0	0	0	0	0	0	0.517
TSC2	PIK3R1	0	0	0	0	0	0	0	0	0	0	0.524
TSC2	SHANK3	0	0	0	0	0	0	0	0	0	0	0.537
TSC2	PIK3CA	0	0	0	0	0	0	0	0	0	0	0.687
TSC2	TP53	0	0	0	0	0	0	0	0	0	0	0.713
TSC2	PTEN	0	0	0	0	0	0	0	0	0	0	0.889
TSC2	UBE3A	0	0	0	0	0	0	0	0	0	0	0.981
TSC2	AKT1	0	0	0	0	0	0	0	0	0	0	0.99
CACNG1	CAMK2A	0	0	0	0	0	0	0	0	0	0	0.725
CACNG1	CACNB4	0	0	0	0	0	0	0	0	0	0	0.935
CACNG1	CACNG2	0	0	0	0	0	0	0	0	0	0	0.962
CACNG1	CACNG8	0	0	0	0	0	0	0	0	0	0	0.968
GRIN3B	GRM5	0	0	0	0	0	0	0	0	0	0	0.419
GRIN3B	GRM1	0	0	0	0	0	0	0	0	0	0	0.466
GRIN3B	DLG3	0	0	0	0	0	0	0	0	0	0	0.598
GRIN3B	CNIH2	0	0	0	0	0	0	0	0	0	0	0.746
GRIN3B	SHISA9	0	0	0	0	0	0	0	0	0	0	0.748
GRIN3B	CACNG8	0	0	0	0	0	0	0	0	0	0	0.758
GRIN3B	GRIA2	0	0	0	0	0	0	0	0	0	0	0.787
GRIN3B	GRIA3	0	0	0	0	0	0	0	0	0	0	0.791
GRIN3B	GRIA4	0	0	0	0	0	0	0	0	0	0	0.811
GRIN3B	GRIA1	0	0	0	0	0	0	0	0	0	0	0.84
GRIN3B	CACNG2	0	0	0	0	0	0	0	0	0	0	0.845
GRIN3B	DLG4	0	0	0	0	0	0	0	0	0	0	0.942
GRIN3B	GRIN3A	0	0	0	0	0	0	0	0	0	0	0.995
GRIN3B	GRIN2C	0	0	0	0	0	0	0	0	0	0	0.996
GRIN3B	GRIN2B	0	0	0	0	0	0	0	0	0	0	0.996
GRIN3B	GRIN2D	0	0	0	0	0	0	0	0	0	0	0.996
GRIN3B	GRIN2A	0	0	0	0	0	0	0	0	0	0	0.998
GRIN3B	GRIN1	0	0	0	0	0	0	0	0	0	0	0.999
GRIN2D	DLGAP3	0	0	0	0	0	0	0	0	0	0	0.451
GRIN2D	GRM5	0	0	0	0	0	0	0	0	0	0	0.556
GRIN2D	DLG1	0	0	0	0	0	0	0	0	0	0	0.604
GRIN2D	CAMK2A	0	0	0	0	0	0	0	0	0	0	0.607
GRIN2D	DLGAP1	0	0	0	0	0	0	0	0	0	0	0.617
GRIN2D	DLG2	0	0	0	0	0	0	0	0	0	0	0.634
GRIN2D	DLG3	0	0	0	0	0	0	0	0	0	0	0.659
GRIN2D	GRM1	0	0	0	0	0	0	0	0	0	0	0.678
GRIN2D	CALML4	0	0	0	0	0	0	0	0	0	0	0.74
GRIN2D	CALML3	0	0	0	0	0	0	0	0	0	0	0.74
GRIN2D	CALM3	0	0	0	0	0	0	0	0	0	0	0.755
GRIN2D	CNIH2	0	0	0	0	0	0	0	0	0	0	0.761
GRIN2D	SHISA9	0	0	0	0	0	0	0	0	0	0	0.767
GRIN2D	CACNG8	0	0	0	0	0	0	0	0	0	0	0.778
GRIN2D	PRNP	0	0	0	0	0	0	0	0	0	0	0.779
GRIN2D	CACNG2	0	0	0	0	0	0	0	0	0	0	0.795
GRIN2D	GRIA3	0	0	0	0	0	0	0	0	0	0	0.799
GRIN2D	GRIA2	0	0	0	0	0	0	0	0	0	0	0.8
GRIN2D	GRIA1	0	0	0	0	0	0	0	0	0	0	0.816
GRIN2D	GRIA4	0	0	0	0	0	0	0	0	0	0	0.864
GRIN2D	DLG4	0	0	0	0	0	0	0	0	0	0	0.976
GRIN2D	GRIN3A	0	0	0	0	0	0	0	0	0	0	0.998
GRIN2D	GRIN2B	0	0	0	0	0	0	0	0	0	0	0.998
GRIN2D	GRIN2A	0	0	0	0	0	0	0	0	0	0	0.998
GRIN2D	GRIN2C	0	0	0	0	0	0	0	0	0	0	0.998
GRIN2D	GRIN1	0	0	0	0	0	0	0	0	0	0	0.999
PIK3CA	CALML4	0	0	0	0	0	0	0	0	0	0	0.517
PIK3CA	CALML3	0	0	0	0	0	0	0	0	0	0	0.518
PIK3CA	SPOP	0	0	0	0	0	0	0	0	0	0	0.523
PIK3CA	DLG1	0	0	0	0	0	0	0	0	0	0	0.569
PIK3CA	PREX2	0	0	0	0	0	0	0	0	0	0	0.58
PIK3CA	GNAQ	0	0	0	0	0	0	0	0	0	0	0.901
PIK3CA	CTNNB1	0	0	0	0	0	0	0	0	0	0	0.901
PIK3CA	PRKCZ	0	0	0	0	0	0	0	0	0	0	0.925
PIK3CA	TP53	0	0	0	0	0	0	0	0	0	0	0.941
PIK3CA	FYN	0	0	0	0	0	0	0	0	0	0	0.951
PIK3CA	PRKCI	0	0	0	0	0	0	0	0	0	0	0.952
PIK3CA	PTK2	0	0	0	0	0	0	0	0	0	0	0.97
PIK3CA	PTEN	0	0	0	0	0	0	0	0	0	0	0.995
PIK3CA	AKT1	0	0	0	0	0	0	0	0	0	0	0.998
PIK3CA	PIK3R1	0	0	0	0	0	0	0	0	0	0	0.999
NRXN2	CACNG2	0	0	0	0	0	0	0	0	0	0	0.408
NRXN2	GRIN1	0	0	0	0	0	0	0	0	0	0	0.436
NRXN2	GRIN2A	0	0	0	0	0	0	0	0	0	0	0.452
NRXN2	DLG1	0	0	0	0	0	0	0	0	0	0	0.457
NRXN2	CAMK2A	0	0	0	0	0	0	0	0	0	0	0.507
NRXN2	GRIN2B	0	0	0	0	0	0	0	0	0	0	0.516
NRXN2	GRIA1	0	0	0	0	0	0	0	0	0	0	0.538
NRXN2	NRXN3	0	0	0	0	0	0	0	0	0	0	0.585
NRXN2	HOMER2	0	0	0	0	0	0	0	0	0	0	0.592
NRXN2	EPB41L1	0	0	0	0	0	0	0	0	0	0	0.599
NRXN2	GRIA2	0	0	0	0	0	0	0	0	0	0	0.607
NRXN2	MDGA1	0	0	0	0	0	0	0	0	0	0	0.612
NRXN2	HOMER3	0	0	0	0	0	0	0	0	0	0	0.619
NRXN2	GRM1	0	0	0	0	0	0	0	0	0	0	0.676
NRXN2	GRIA4	0	0	0	0	0	0	0	0	0	0	0.684
NRXN2	HOMER1	0	0	0	0	0	0	0	0	0	0	0.687
NRXN2	DLG3	0	0	0	0	0	0	0	0	0	0	0.713
NRXN2	GRM5	0	0	0	0	0	0	0	0	0	0	0.713
NRXN2	DLGAP2	0	0	0	0	0	0	0	0	0	0	0.714
NRXN2	DLGAP3	0	0	0	0	0	0	0	0	0	0	0.719
NRXN2	DLG2	0	0	0	0	0	0	0	0	0	0	0.741
NRXN2	DLGAP1	0	0	0	0	0	0	0	0	0	0	0.743
NRXN2	NXPH1	0	0	0	0	0	0	0	0	0	0	0.827
NRXN2	GPHN	0	0	0	0	0	0	0	0	0	0	0.831
NRXN2	SHANK1	0	0	0	0	0	0	0	0	0	0	0.876
NRXN2	SHANK2	0	0	0	0	0	0	0	0	0	0	0.88
NRXN2	SHANK3	0	0	0	0	0	0	0	0	0	0	0.897
NRXN2	NRXN1	0	0	0	0	0	0	0	0	0	0	0.922
NRXN2	DLG4	0	0	0	0	0	0	0	0	0	0	0.987
NRXN2	LRRTM2	0	0	0	0	0	0	0	0	0	0	0.993
NRXN2	DAG1	0	0	0	0	0	0	0	0	0	0	0.997
NRXN2	NLGN2	0	0	0	0	0	0	0	0	0	0	0.999
NRXN2	NLGN1	0	0	0	0	0	0	0	0	0	0	0.999
NRXN2	NLGN3	0	0	0	0	0	0	0	0	0	0	0.999
NRXN2	NLGN4Y	0	0	0	0	0	0	0	0	0	0	0.999
NRXN2	NLGN4X	0	0	0	0	0	0	0	0	0	0	0.999
TP53	GNAQ	0	0	0	0	0	0	0	0	0	0	0.479
TP53	UBE2L3	0	0	0	0	0	0	0	0	0	0	0.5
TP53	CALM3	0	0	0	0	0	0	0	0	0	0	0.508
TP53	UBE2D2	0	0	0	0	0	0	0	0	0	0	0.531
TP53	DLG1	0	0	0	0	0	0	0	0	0	0	0.533
TP53	SPOP	0	0	0	0	0	0	0	0	0	0	0.571
TP53	UBE2D1	0	0	0	0	0	0	0	0	0	0	0.578
TP53	SCRIB	0	0	0	0	0	0	0	0	0	0	0.587
TP53	CALML4	0	0	0	0	0	0	0	0	0	0	0.657
TP53	RAD23A	0	0	0	0	0	0	0	0	0	0	0.657
TP53	CALML3	0	0	0	0	0	0	0	0	0	0	0.657
TP53	FYN	0	0	0	0	0	0	0	0	0	0	0.657
TP53	PRKCI	0	0	0	0	0	0	0	0	0	0	0.661
TP53	DLG4	0	0	0	0	0	0	0	0	0	0	0.734
TP53	PIK3R1	0	0	0	0	0	0	0	0	0	0	0.853
TP53	PSMD4	0	0	0	0	0	0	0	0	0	0	0.88
TP53	CTNNB1	0	0	0	0	0	0	0	0	0	0	0.927
TP53	PTK2	0	0	0	0	0	0	0	0	0	0	0.928
TP53	PRKCZ	0	0	0	0	0	0	0	0	0	0	0.933
TP53	AKT1	0	0	0	0	0	0	0	0	0	0	0.994
TP53	UBE3A	0	0	0	0	0	0	0	0	0	0	0.999
TP53	PTEN	0	0	0	0	0	0	0	0	0	0	0.999
CACNG8	EPB41L1	0	0	0	0	0	0	0	0	0	0	0.46
CACNG8	NLGN1	0	0	0	0	0	0	0	0	0	0	0.514
CACNG8	DLG1	0	0	0	0	0	0	0	0	0	0	0.584
CACNG8	DLG3	0	0	0	0	0	0	0	0	0	0	0.649
CACNG8	GRIN3A	0	0	0	0	0	0	0	0	0	0	0.743
CACNG8	CACNG2	0	0	0	0	0	0	0	0	0	0	0.748
CACNG8	GRIN2C	0	0	0	0	0	0	0	0	0	0	0.761
CACNG8	CAMK2A	0	0	0	0	0	0	0	0	0	0	0.782
CACNG8	GRIN1	0	0	0	0	0	0	0	0	0	0	0.799
CACNG8	GRIN2A	0	0	0	0	0	0	0	0	0	0	0.812
CACNG8	GRIN2B	0	0	0	0	0	0	0	0	0	0	0.822
CACNG8	DLG4	0	0	0	0	0	0	0	0	0	0	0.901
CACNG8	GRIA3	0	0	0	0	0	0	0	0	0	0	0.936
CACNG8	GRIA4	0	0	0	0	0	0	0	0	0	0	0.936
CACNG8	CACNB4	0	0	0	0	0	0	0	0	0	0	0.94
CACNG8	SHISA9	0	0	0	0	0	0	0	0	0	0	0.948
CACNG8	CNIH2	0	0	0	0	0	0	0	0	0	0	0.99
CACNG8	GRIA2	0	0	0	0	0	0	0	0	0	0	0.994
CACNG8	GRIA1	0	0	0	0	0	0	0	0	0	0	0.996
LRRTM2	MDGA1	0	0	0	0	0	0	0	0	0	0	0.419
LRRTM2	GPHN	0	0	0	0	0	0	0	0	0	0	0.464
LRRTM2	NLGN4Y	0	0	0	0	0	0	0	0	0	0	0.474
LRRTM2	GRIA1	0	0	0	0	0	0	0	0	0	0	0.493
LRRTM2	NLGN2	0	0	0	0	0	0	0	0	0	0	0.65
LRRTM2	GRIA2	0	0	0	0	0	0	0	0	0	0	0.681
LRRTM2	NLGN4X	0	0	0	0	0	0	0	0	0	0	0.724
LRRTM2	NLGN3	0	0	0	0	0	0	0	0	0	0	0.725
LRRTM2	NLGN1	0	0	0	0	0	0	0	0	0	0	0.815
LRRTM2	DLG4	0	0	0	0	0	0	0	0	0	0	0.902
LRRTM2	NRXN3	0	0	0	0	0	0	0	0	0	0	0.92
LRRTM2	NRXN1	0	0	0	0	0	0	0	0	0	0	0.997
GRIA4	HOMER1	0	0	0	0	0	0	0	0	0	0	0.42
GRIA4	NXPH1	0	0	0	0	0	0	0	0	0	0	0.421
GRIA4	DLGAP1	0	0	0	0	0	0	0	0	0	0	0.423
GRIA4	SHANK1	0	0	0	0	0	0	0	0	0	0	0.45
GRIA4	NLGN1	0	0	0	0	0	0	0	0	0	0	0.496
GRIA4	SHANK2	0	0	0	0	0	0	0	0	0	0	0.579
GRIA4	DLG3	0	0	0	0	0	0	0	0	0	0	0.646
GRIA4	GRM1	0	0	0	0	0	0	0	0	0	0	0.653
GRIA4	GRM5	0	0	0	0	0	0	0	0	0	0	0.667
GRIA4	NRXN1	0	0	0	0	0	0	0	0	0	0	0.688
GRIA4	DLG2	0	0	0	0	0	0	0	0	0	0	0.698
GRIA4	EPB41L1	0	0	0	0	0	0	0	0	0	0	0.807
GRIA4	CAMK2A	0	0	0	0	0	0	0	0	0	0	0.814
GRIA4	GRIN2C	0	0	0	0	0	0	0	0	0	0	0.824
GRIA4	DLG1	0	0	0	0	0	0	0	0	0	0	0.828
GRIA4	DLG4	0	0	0	0	0	0	0	0	0	0	0.829
GRIA4	GRIN2B	0	0	0	0	0	0	0	0	0	0	0.853
GRIA4	GRIN3A	0	0	0	0	0	0	0	0	0	0	0.878
GRIA4	GRIN1	0	0	0	0	0	0	0	0	0	0	0.886
GRIA4	GRIN2A	0	0	0	0	0	0	0	0	0	0	0.898
GRIA4	SHISA9	0	0	0	0	0	0	0	0	0	0	0.919
GRIA4	CNIH2	0	0	0	0	0	0	0	0	0	0	0.94
GRIA4	CACNG2	0	0	0	0	0	0	0	0	0	0	0.975
GRIA4	GRIA3	0	0	0	0	0	0	0	0	0	0	0.997
GRIA4	GRIA1	0	0	0	0	0	0	0	0	0	0	0.997
GRIA4	GRIA2	0	0	0	0	0	0	0	0	0	0	0.999
GRM1	AKT1	0	0	0	0	0	0	0	0	0	0	0.421
GRM1	CALML4	0	0	0	0	0	0	0	0	0	0	0.427
GRM1	CALML3	0	0	0	0	0	0	0	0	0	0	0.432
GRM1	CALM3	0	0	0	0	0	0	0	0	0	0	0.445
GRM1	FYN	0	0	0	0	0	0	0	0	0	0	0.45
GRM1	DLG1	0	0	0	0	0	0	0	0	0	0	0.46
GRM1	PIK3R1	0	0	0	0	0	0	0	0	0	0	0.48
GRM1	GRIN3A	0	0	0	0	0	0	0	0	0	0	0.537
GRM1	NLGN4Y	0	0	0	0	0	0	0	0	0	0	0.573
GRM1	DLG3	0	0	0	0	0	0	0	0	0	0	0.598
GRM1	GRIA3	0	0	0	0	0	0	0	0	0	0	0.602
GRM1	NLGN2	0	0	0	0	0	0	0	0	0	0	0.61
GRM1	GRIN2C	0	0	0	0	0	0	0	0	0	0	0.616
GRM1	NLGN4X	0	0	0	0	0	0	0	0	0	0	0.624
GRM1	DLGAP2	0	0	0	0	0	0	0	0	0	0	0.628
GRM1	DLG2	0	0	0	0	0	0	0	0	0	0	0.64
GRM1	NLGN3	0	0	0	0	0	0	0	0	0	0	0.648
GRM1	NLGN1	0	0	0	0	0	0	0	0	0	0	0.652
GRM1	GRIN1	0	0	0	0	0	0	0	0	0	0	0.659
GRM1	NRXN3	0	0	0	0	0	0	0	0	0	0	0.687
GRM1	DLGAP3	0	0	0	0	0	0	0	0	0	0	0.688
GRM1	NRXN1	0	0	0	0	0	0	0	0	0	0	0.705
GRM1	SHANK2	0	0	0	0	0	0	0	0	0	0	0.714
GRM1	GRIN2A	0	0	0	0	0	0	0	0	0	0	0.738
GRM1	GRIN2B	0	0	0	0	0	0	0	0	0	0	0.758
GRM1	SHANK3	0	0	0	0	0	0	0	0	0	0	0.788
GRM1	GRIA2	0	0	0	0	0	0	0	0	0	0	0.809
GRM1	GRIA1	0	0	0	0	0	0	0	0	0	0	0.849
GRM1	DLG4	0	0	0	0	0	0	0	0	0	0	0.862
GRM1	SHANK1	0	0	0	0	0	0	0	0	0	0	0.899
GRM1	DLGAP1	0	0	0	0	0	0	0	0	0	0	0.938
GRM1	CAMK2A	0	0	0	0	0	0	0	0	0	0	0.968
GRM1	GRM5	0	0	0	0	0	0	0	0	0	0	0.977
GRM1	HOMER2	0	0	0	0	0	0	0	0	0	0	0.989
GRM1	HOMER3	0	0	0	0	0	0	0	0	0	0	0.99
GRM1	GNAQ	0	0	0	0	0	0	0	0	0	0	0.998
GRM1	HOMER1	0	0	0	0	0	0	0	0	0	0	0.998
GNAQ	CTNNB1	0	0	0	0	0	0	0	0	0	0	0.56
GNAQ	PTEN	0	0	0	0	0	0	0	0	0	0	0.567
GNAQ	CALML4	0	0	0	0	0	0	0	0	0	0	0.57
GNAQ	CALML3	0	0	0	0	0	0	0	0	0	0	0.581
GNAQ	CALM3	0	0	0	0	0	0	0	0	0	0	0.593
GNAQ	AKT1	0	0	0	0	0	0	0	0	0	0	0.775
GNAQ	PIK3R1	0	0	0	0	0	0	0	0	0	0	0.854
GNAQ	ADORA2A	0	0	0	0	0	0	0	0	0	0	0.959
GNAQ	GRM5	0	0	0	0	0	0	0	0	0	0	0.999
PREX2	AKT1	0	0	0	0	0	0	0	0	0	0	0.444
PREX2	PTEN	0	0	0	0	0	0	0	0	0	0	0.99
CALM3	GRIA2	0	0	0	0	0	0	0	0	0	0	0.434
CALM3	PTEN	0	0	0	0	0	0	0	0	0	0	0.451
CALM3	DLG1	0	0	0	0	0	0	0	0	0	0	0.457
CALM3	CACNB4	0	0	0	0	0	0	0	0	0	0	0.463
CALM3	MAST2	0	0	0	0	0	0	0	0	0	0	0.471
CALM3	PIK3R1	0	0	0	0	0	0	0	0	0	0	0.513
CALM3	GRIN3A	0	0	0	0	0	0	0	0	0	0	0.515
CALM3	ADORA2A	0	0	0	0	0	0	0	0	0	0	0.515
CALM3	HOMER2	0	0	0	0	0	0	0	0	0	0	0.517
CALM3	CTNNB1	0	0	0	0	0	0	0	0	0	0	0.528
CALM3	HOMER3	0	0	0	0	0	0	0	0	0	0	0.533
CALM3	GRIA1	0	0	0	0	0	0	0	0	0	0	0.583
CALM3	HOMER1	0	0	0	0	0	0	0	0	0	0	0.63
CALM3	FYN	0	0	0	0	0	0	0	0	0	0	0.685
CALM3	GRM5	0	0	0	0	0	0	0	0	0	0	0.688
CALM3	GRIN2C	0	0	0	0	0	0	0	0	0	0	0.758
CALM3	AKT1	0	0	0	0	0	0	0	0	0	0	0.802
CALM3	GRIN2A	0	0	0	0	0	0	0	0	0	0	0.901
CALM3	GRIN2B	0	0	0	0	0	0	0	0	0	0	0.91
CALM3	DLG4	0	0	0	0	0	0	0	0	0	0	0.989
CALM3	CALML4	0	0	0	0	0	0	0	0	0	0	0.996
CALM3	GRIN1	0	0	0	0	0	0	0	0	0	0	0.996
CALM3	CALML3	0	0	0	0	0	0	0	0	0	0	0.996
CALM3	CAMK2A	0	0	0	0	0	0	0	0	0	0	0.999
GRIN2C	MAGI2	0	0	0	0	0	0	0	0	0	0	0.409
GRIN2C	SHANK1	0	0	0	0	0	0	0	0	0	0	0.416
GRIN2C	GRM5	0	0	0	0	0	0	0	0	0	0	0.621
GRIN2C	DLG1	0	0	0	0	0	0	0	0	0	0	0.681
GRIN2C	SHISA9	0	0	0	0	0	0	0	0	0	0	0.733
GRIN2C	CAMK2A	0	0	0	0	0	0	0	0	0	0	0.735
GRIN2C	CALML3	0	0	0	0	0	0	0	0	0	0	0.741
GRIN2C	CALML4	0	0	0	0	0	0	0	0	0	0	0.741
GRIN2C	CNIH2	0	0	0	0	0	0	0	0	0	0	0.765
GRIN2C	GRIA3	0	0	0	0	0	0	0	0	0	0	0.809
GRIN2C	CACNG2	0	0	0	0	0	0	0	0	0	0	0.817
GRIN2C	DLG2	0	0	0	0	0	0	0	0	0	0	0.818
GRIN2C	GRIA2	0	0	0	0	0	0	0	0	0	0	0.822
GRIN2C	GRIA1	0	0	0	0	0	0	0	0	0	0	0.829
GRIN2C	DLG3	0	0	0	0	0	0	0	0	0	0	0.872
GRIN2C	DLG4	0	0	0	0	0	0	0	0	0	0	0.99
GRIN2C	GRIN2A	0	0	0	0	0	0	0	0	0	0	0.998
GRIN2C	GRIN2B	0	0	0	0	0	0	0	0	0	0	0.998
GRIN2C	GRIN3A	0	0	0	0	0	0	0	0	0	0	0.998
GRIN2C	GRIN1	0	0	0	0	0	0	0	0	0	0	0.999
SHANK1	GPHN	0	0	0	0	0	0	0	0	0	0	0.416
SHANK1	CACNG2	0	0	0	0	0	0	0	0	0	0	0.418
SHANK1	MAGI2	0	0	0	0	0	0	0	0	0	0	0.418
SHANK1	DLG1	0	0	0	0	0	0	0	0	0	0	0.446
SHANK1	CAMK2A	0	0	0	0	0	0	0	0	0	0	0.533
SHANK1	GRIA2	0	0	0	0	0	0	0	0	0	0	0.563
SHANK1	GRIN1	0	0	0	0	0	0	0	0	0	0	0.596
SHANK1	GRIA1	0	0	0	0	0	0	0	0	0	0	0.619
SHANK1	NRXN3	0	0	0	0	0	0	0	0	0	0	0.696
SHANK1	GRIN2A	0	0	0	0	0	0	0	0	0	0	0.742
SHANK1	GRIN2B	0	0	0	0	0	0	0	0	0	0	0.752
SHANK1	NLGN4Y	0	0	0	0	0	0	0	0	0	0	0.76
SHANK1	DLG3	0	0	0	0	0	0	0	0	0	0	0.778
SHANK1	DLGAP2	0	0	0	0	0	0	0	0	0	0	0.841
SHANK1	NLGN2	0	0	0	0	0	0	0	0	0	0	0.868
SHANK1	DLG2	0	0	0	0	0	0	0	0	0	0	0.878
SHANK1	NRXN1	0	0	0	0	0	0	0	0	0	0	0.887
SHANK1	NLGN4X	0	0	0	0	0	0	0	0	0	0	0.894
SHANK1	NLGN3	0	0	0	0	0	0	0	0	0	0	0.904
SHANK1	DLGAP3	0	0	0	0	0	0	0	0	0	0	0.92
SHANK1	NLGN1	0	0	0	0	0	0	0	0	0	0	0.926
SHANK1	HOMER2	0	0	0	0	0	0	0	0	0	0	0.927
SHANK1	GRM5	0	0	0	0	0	0	0	0	0	0	0.939
SHANK1	HOMER3	0	0	0	0	0	0	0	0	0	0	0.966
SHANK1	SHANK2	0	0	0	0	0	0	0	0	0	0	0.968
SHANK1	SHANK3	0	0	0	0	0	0	0	0	0	0	0.982
SHANK1	HOMER1	0	0	0	0	0	0	0	0	0	0	0.984
SHANK1	DLG4	0	0	0	0	0	0	0	0	0	0	0.992
SHANK1	DLGAP1	0	0	0	0	0	0	0	0	0	0	0.996
PRKCI	PIK3R1	0	0	0	0	0	0	0	0	0	0	0.919
PRKCI	PTEN	0	0	0	0	0	0	0	0	0	0	0.933
PRKCI	PRKCZ	0	0	0	0	0	0	0	0	0	0	0.989
PRKCI	LLGL1	0	0	0	0	0	0	0	0	0	0	0.993
PRKCI	LLGL2	0	0	0	0	0	0	0	0	0	0	0.996
GRIA2	DLGAP3	0	0	0	0	0	0	0	0	0	0	0.401
GRIA2	CALML4	0	0	0	0	0	0	0	0	0	0	0.404
GRIA2	PIK3R1	0	0	0	0	0	0	0	0	0	0	0.415
GRIA2	NRXN3	0	0	0	0	0	0	0	0	0	0	0.416
GRIA2	DLGAP2	0	0	0	0	0	0	0	0	0	0	0.422
GRIA2	NLGN4Y	0	0	0	0	0	0	0	0	0	0	0.426
GRIA2	NLGN4X	0	0	0	0	0	0	0	0	0	0	0.485
GRIA2	EPB41L1	0	0	0	0	0	0	0	0	0	0	0.485
GRIA2	NLGN2	0	0	0	0	0	0	0	0	0	0	0.516
GRIA2	GPHN	0	0	0	0	0	0	0	0	0	0	0.52
GRIA2	NLGN3	0	0	0	0	0	0	0	0	0	0	0.535
GRIA2	SHANK3	0	0	0	0	0	0	0	0	0	0	0.573
GRIA2	HOMER1	0	0	0	0	0	0	0	0	0	0	0.596
GRIA2	CTNNB1	0	0	0	0	0	0	0	0	0	0	0.615
GRIA2	SHANK2	0	0	0	0	0	0	0	0	0	0	0.637
GRIA2	NLGN1	0	0	0	0	0	0	0	0	0	0	0.64
GRIA2	NRXN1	0	0	0	0	0	0	0	0	0	0	0.695
GRIA2	DLGAP1	0	0	0	0	0	0	0	0	0	0	0.722
GRIA2	DLG3	0	0	0	0	0	0	0	0	0	0	0.789
GRIA2	DLG1	0	0	0	0	0	0	0	0	0	0	0.809
GRIA2	DLG2	0	0	0	0	0	0	0	0	0	0	0.815
GRIA2	GRIN3A	0	0	0	0	0	0	0	0	0	0	0.845
GRIA2	GRM5	0	0	0	0	0	0	0	0	0	0	0.852
GRIA2	SHISA9	0	0	0	0	0	0	0	0	0	0	0.855
GRIA2	GRIN2B	0	0	0	0	0	0	0	0	0	0	0.885
GRIA2	GRIN1	0	0	0	0	0	0	0	0	0	0	0.901
GRIA2	GRIN2A	0	0	0	0	0	0	0	0	0	0	0.933
GRIA2	DLG4	0	0	0	0	0	0	0	0	0	0	0.968
GRIA2	CAMK2A	0	0	0	0	0	0	0	0	0	0	0.977
GRIA2	CNIH2	0	0	0	0	0	0	0	0	0	0	0.99
GRIA2	CACNG2	0	0	0	0	0	0	0	0	0	0	0.995
GRIA2	GRIA1	0	0	0	0	0	0	0	0	0	0	0.999
GRIA2	GRIA3	0	0	0	0	0	0	0	0	0	0	0.999
CACNG2	NLGN1	0	0	0	0	0	0	0	0	0	0	0.413
CACNG2	NRXN1	0	0	0	0	0	0	0	0	0	0	0.435
CACNG2	HOMER1	0	0	0	0	0	0	0	0	0	0	0.446
CACNG2	EPB41L1	0	0	0	0	0	0	0	0	0	0	0.67
CACNG2	DLGAP1	0	0	0	0	0	0	0	0	0	0	0.751
CACNG2	DLG2	0	0	0	0	0	0	0	0	0	0	0.783
CACNG2	CAMK2A	0	0	0	0	0	0	0	0	0	0	0.808
CACNG2	GRIN3A	0	0	0	0	0	0	0	0	0	0	0.852
CACNG2	GRIN2A	0	0	0	0	0	0	0	0	0	0	0.88
CACNG2	GRIN2B	0	0	0	0	0	0	0	0	0	0	0.893
CACNG2	GRIN1	0	0	0	0	0	0	0	0	0	0	0.894
CACNG2	DLG3	0	0	0	0	0	0	0	0	0	0	0.9
CACNG2	CNIH2	0	0	0	0	0	0	0	0	0	0	0.906
CACNG2	MAGI2	0	0	0	0	0	0	0	0	0	0	0.915
CACNG2	DLG1	0	0	0	0	0	0	0	0	0	0	0.941
CACNG2	CACNB4	0	0	0	0	0	0	0	0	0	0	0.951
CACNG2	SHISA9	0	0	0	0	0	0	0	0	0	0	0.973
CACNG2	GRIA3	0	0	0	0	0	0	0	0	0	0	0.984
CACNG2	DLG4	0	0	0	0	0	0	0	0	0	0	0.999
CACNG2	GRIA1	0	0	0	0	0	0	0	0	0	0	0.999
NLGN2	CAMK2A	0	0	0	0	0	0	0	0	0	0	0.411
NLGN2	NXPH1	0	0	0	0	0	0	0	0	0	0	0.414
NLGN2	DLG1	0	0	0	0	0	0	0	0	0	0	0.44
NLGN2	PTEN	0	0	0	0	0	0	0	0	0	0	0.455
NLGN2	GRIN1	0	0	0	0	0	0	0	0	0	0	0.469
NLGN2	PRNP	0	0	0	0	0	0	0	0	0	0	0.485
NLGN2	GRIN2B	0	0	0	0	0	0	0	0	0	0	0.496
NLGN2	CTNNB1	0	0	0	0	0	0	0	0	0	0	0.499
NLGN2	GRIN2A	0	0	0	0	0	0	0	0	0	0	0.521
NLGN2	NLGN4Y	0	0	0	0	0	0	0	0	0	0	0.525
NLGN2	GRIA1	0	0	0	0	0	0	0	0	0	0	0.532
NLGN2	DAG1	0	0	0	0	0	0	0	0	0	0	0.59
NLGN2	EPB41L1	0	0	0	0	0	0	0	0	0	0	0.624
NLGN2	HOMER2	0	0	0	0	0	0	0	0	0	0	0.647
NLGN2	GRM5	0	0	0	0	0	0	0	0	0	0	0.668
NLGN2	NLGN3	0	0	0	0	0	0	0	0	0	0	0.683
NLGN2	HOMER3	0	0	0	0	0	0	0	0	0	0	0.697
NLGN2	HOMER1	0	0	0	0	0	0	0	0	0	0	0.699
NLGN2	NLGN4X	0	0	0	0	0	0	0	0	0	0	0.704
NLGN2	NLGN1	0	0	0	0	0	0	0	0	0	0	0.704
NLGN2	DLGAP3	0	0	0	0	0	0	0	0	0	0	0.709
NLGN2	DLGAP2	0	0	0	0	0	0	0	0	0	0	0.715
NLGN2	DLG2	0	0	0	0	0	0	0	0	0	0	0.784
NLGN2	MAGI2	0	0	0	0	0	0	0	0	0	0	0.813
NLGN2	DLGAP1	0	0	0	0	0	0	0	0	0	0	0.844
NLGN2	SHANK2	0	0	0	0	0	0	0	0	0	0	0.868
NLGN2	DLG3	0	0	0	0	0	0	0	0	0	0	0.883
NLGN2	SHANK3	0	0	0	0	0	0	0	0	0	0	0.935
NLGN2	GPHN	0	0	0	0	0	0	0	0	0	0	0.968
NLGN2	NRXN3	0	0	0	0	0	0	0	0	0	0	0.978
NLGN2	MDGA1	0	0	0	0	0	0	0	0	0	0	0.994
NLGN2	DLG4	0	0	0	0	0	0	0	0	0	0	0.998
NLGN2	NRXN1	0	0	0	0	0	0	0	0	0	0	0.999
HOMER2	GRIA1	0	0	0	0	0	0	0	0	0	0	0.4
HOMER2	GRIN1	0	0	0	0	0	0	0	0	0	0	0.42
HOMER2	GRIN2A	0	0	0	0	0	0	0	0	0	0	0.478
HOMER2	GRIN2B	0	0	0	0	0	0	0	0	0	0	0.502
HOMER2	CALML4	0	0	0	0	0	0	0	0	0	0	0.507
HOMER2	CALML3	0	0	0	0	0	0	0	0	0	0	0.518
HOMER2	NLGN4X	0	0	0	0	0	0	0	0	0	0	0.596
HOMER2	NRXN1	0	0	0	0	0	0	0	0	0	0	0.605
HOMER2	NLGN4Y	0	0	0	0	0	0	0	0	0	0	0.607
HOMER2	DLG2	0	0	0	0	0	0	0	0	0	0	0.61
HOMER2	DLG3	0	0	0	0	0	0	0	0	0	0	0.613
HOMER2	NLGN1	0	0	0	0	0	0	0	0	0	0	0.618
HOMER2	DLGAP2	0	0	0	0	0	0	0	0	0	0	0.637
HOMER2	AKT1	0	0	0	0	0	0	0	0	0	0	0.638
HOMER2	NLGN3	0	0	0	0	0	0	0	0	0	0	0.641
HOMER2	DLGAP3	0	0	0	0	0	0	0	0	0	0	0.666
HOMER2	NRXN3	0	0	0	0	0	0	0	0	0	0	0.691
HOMER2	SHANK3	0	0	0	0	0	0	0	0	0	0	0.758
HOMER2	DLG4	0	0	0	0	0	0	0	0	0	0	0.779
HOMER2	SHANK2	0	0	0	0	0	0	0	0	0	0	0.782
HOMER2	DLGAP1	0	0	0	0	0	0	0	0	0	0	0.857
HOMER2	GRM5	0	0	0	0	0	0	0	0	0	0	0.965
HOMER2	HOMER3	0	0	0	0	0	0	0	0	0	0	0.99
HOMER2	HOMER1	0	0	0	0	0	0	0	0	0	0	0.991
GRM5	AKT1	0	0	0	0	0	0	0	0	0	0	0.44
GRM5	FYN	0	0	0	0	0	0	0	0	0	0	0.471
GRM5	CALML4	0	0	0	0	0	0	0	0	0	0	0.49
GRM5	CALML3	0	0	0	0	0	0	0	0	0	0	0.493
GRM5	PRKCZ	0	0	0	0	0	0	0	0	0	0	0.515
GRM5	NXPH1	0	0	0	0	0	0	0	0	0	0	0.54
GRM5	GPHN	0	0	0	0	0	0	0	0	0	0	0.545
GRM5	EPB41L1	0	0	0	0	0	0	0	0	0	0	0.547
GRM5	NLGN4Y	0	0	0	0	0	0	0	0	0	0	0.611
GRM5	DLG3	0	0	0	0	0	0	0	0	0	0	0.642
GRM5	DLGAP2	0	0	0	0	0	0	0	0	0	0	0.686
GRM5	NLGN4X	0	0	0	0	0	0	0	0	0	0	0.696
GRM5	GRIN3A	0	0	0	0	0	0	0	0	0	0	0.699
GRM5	DLG2	0	0	0	0	0	0	0	0	0	0	0.702
GRM5	NLGN1	0	0	0	0	0	0	0	0	0	0	0.716
GRM5	NRXN3	0	0	0	0	0	0	0	0	0	0	0.724
GRM5	NLGN3	0	0	0	0	0	0	0	0	0	0	0.735
GRM5	NRXN1	0	0	0	0	0	0	0	0	0	0	0.766
GRM5	GRIA3	0	0	0	0	0	0	0	0	0	0	0.782
GRM5	DLGAP3	0	0	0	0	0	0	0	0	0	0	0.786
GRM5	GRIN1	0	0	0	0	0	0	0	0	0	0	0.792
GRM5	GRIN2A	0	0	0	0	0	0	0	0	0	0	0.841
GRM5	GRIN2B	0	0	0	0	0	0	0	0	0	0	0.842
GRM5	SHANK2	0	0	0	0	0	0	0	0	0	0	0.869
GRM5	SHANK3	0	0	0	0	0	0	0	0	0	0	0.88
GRM5	DLG4	0	0	0	0	0	0	0	0	0	0	0.902
GRM5	DLGAP1	0	0	0	0	0	0	0	0	0	0	0.915
GRM5	GRIA1	0	0	0	0	0	0	0	0	0	0	0.916
GRM5	HOMER3	0	0	0	0	0	0	0	0	0	0	0.929
GRM5	PRNP	0	0	0	0	0	0	0	0	0	0	0.953
GRM5	CAMK2A	0	0	0	0	0	0	0	0	0	0	0.975
GRM5	ADORA2A	0	0	0	0	0	0	0	0	0	0	0.976
GRM5	HOMER1	0	0	0	0	0	0	0	0	0	0	0.999
CNIH2	DLG3	0	0	0	0	0	0	0	0	0	0	0.552
CNIH2	GRIN3A	0	0	0	0	0	0	0	0	0	0	0.763
CNIH2	GRIN2B	0	0	0	0	0	0	0	0	0	0	0.774
CNIH2	GRIN2A	0	0	0	0	0	0	0	0	0	0	0.784
CNIH2	GRIN1	0	0	0	0	0	0	0	0	0	0	0.796
CNIH2	DLG4	0	0	0	0	0	0	0	0	0	0	0.856
CNIH2	SHISA9	0	0	0	0	0	0	0	0	0	0	0.949
CNIH2	GRIA3	0	0	0	0	0	0	0	0	0	0	0.97
CNIH2	GRIA1	0	0	0	0	0	0	0	0	0	0	0.995
CALML3	PTEN	0	0	0	0	0	0	0	0	0	0	0.437
CALML3	ADORA2A	0	0	0	0	0	0	0	0	0	0	0.455
CALML3	DLG1	0	0	0	0	0	0	0	0	0	0	0.456
CALML3	HOMER3	0	0	0	0	0	0	0	0	0	0	0.532
CALML3	GRIA1	0	0	0	0	0	0	0	0	0	0	0.581
CALML3	HOMER1	0	0	0	0	0	0	0	0	0	0	0.625
CALML3	CTNNB1	0	0	0	0	0	0	0	0	0	0	0.628
CALML3	FYN	0	0	0	0	0	0	0	0	0	0	0.682
CALML3	AKT1	0	0	0	0	0	0	0	0	0	0	0.719
CALML3	DLG4	0	0	0	0	0	0	0	0	0	0	0.891
CALML3	GRIN2A	0	0	0	0	0	0	0	0	0	0	0.895
CALML3	GRIN2B	0	0	0	0	0	0	0	0	0	0	0.927
CALML3	GRIN1	0	0	0	0	0	0	0	0	0	0	0.96
CALML3	CALML4	0	0	0	0	0	0	0	0	0	0	0.963
CALML3	CAMK2A	0	0	0	0	0	0	0	0	0	0	0.999
DLGAP1	GRIN1	0	0	0	0	0	0	0	0	0	0	0.57
DLGAP1	NRXN3	0	0	0	0	0	0	0	0	0	0	0.659
DLGAP1	CAMK2A	0	0	0	0	0	0	0	0	0	0	0.703
DLGAP1	DLGAP2	0	0	0	0	0	0	0	0	0	0	0.704
DLGAP1	DLGAP3	0	0	0	0	0	0	0	0	0	0	0.724
DLGAP1	MAGI2	0	0	0	0	0	0	0	0	0	0	0.732
DLGAP1	NRXN1	0	0	0	0	0	0	0	0	0	0	0.774
DLGAP1	NLGN4Y	0	0	0	0	0	0	0	0	0	0	0.843
DLGAP1	GRIA1	0	0	0	0	0	0	0	0	0	0	0.852
DLGAP1	NLGN3	0	0	0	0	0	0	0	0	0	0	0.855
DLGAP1	NLGN4X	0	0	0	0	0	0	0	0	0	0	0.861
DLGAP1	GRIN2A	0	0	0	0	0	0	0	0	0	0	0.885
DLGAP1	DLG3	0	0	0	0	0	0	0	0	0	0	0.887
DLGAP1	DLG2	0	0	0	0	0	0	0	0	0	0	0.89
DLGAP1	GRIN2B	0	0	0	0	0	0	0	0	0	0	0.9
DLGAP1	NLGN1	0	0	0	0	0	0	0	0	0	0	0.927
DLGAP1	HOMER3	0	0	0	0	0	0	0	0	0	0	0.943
DLGAP1	DLG1	0	0	0	0	0	0	0	0	0	0	0.952
DLGAP1	SHANK2	0	0	0	0	0	0	0	0	0	0	0.981
DLGAP1	HOMER1	0	0	0	0	0	0	0	0	0	0	0.986
DLGAP1	SHANK3	0	0	0	0	0	0	0	0	0	0	0.997
DLGAP1	DLG4	0	0	0	0	0	0	0	0	0	0	0.999
LLGL1	FYN	0	0	0	0	0	0	0	0	0	0	0.406
LLGL1	DLG2	0	0	0	0	0	0	0	0	0	0	0.84
LLGL1	UBE3A	0	0	0	0	0	0	0	0	0	0	0.905
LLGL1	DLG3	0	0	0	0	0	0	0	0	0	0	0.939
LLGL1	SCRIB	0	0	0	0	0	0	0	0	0	0	0.964
LLGL1	DLG1	0	0	0	0	0	0	0	0	0	0	0.975
LLGL1	DLG4	0	0	0	0	0	0	0	0	0	0	0.983
LLGL1	LLGL2	0	0	0	0	0	0	0	0	0	0	0.993
LLGL1	PRKCZ	0	0	0	0	0	0	0	0	0	0	0.995
GRIN2A	NLGN4X	0	0	0	0	0	0	0	0	0	0	0.471
GRIN2A	NLGN3	0	0	0	0	0	0	0	0	0	0	0.472
GRIN2A	GPHN	0	0	0	0	0	0	0	0	0	0	0.482
GRIN2A	CACNB4	0	0	0	0	0	0	0	0	0	0	0.54
GRIN2A	NLGN1	0	0	0	0	0	0	0	0	0	0	0.554
GRIN2A	SHANK2	0	0	0	0	0	0	0	0	0	0	0.555
GRIN2A	DLGAP3	0	0	0	0	0	0	0	0	0	0	0.574
GRIN2A	MAGI2	0	0	0	0	0	0	0	0	0	0	0.575
GRIN2A	DLGAP2	0	0	0	0	0	0	0	0	0	0	0.577
GRIN2A	NRXN1	0	0	0	0	0	0	0	0	0	0	0.617
GRIN2A	SHANK3	0	0	0	0	0	0	0	0	0	0	0.638
GRIN2A	AKT1	0	0	0	0	0	0	0	0	0	0	0.659
GRIN2A	HOMER1	0	0	0	0	0	0	0	0	0	0	0.768
GRIN2A	SHISA9	0	0	0	0	0	0	0	0	0	0	0.786
GRIN2A	GRIA3	0	0	0	0	0	0	0	0	0	0	0.886
GRIN2A	CALML4	0	0	0	0	0	0	0	0	0	0	0.897
GRIN2A	GRIA1	0	0	0	0	0	0	0	0	0	0	0.926
GRIN2A	CAMK2A	0	0	0	0	0	0	0	0	0	0	0.968
GRIN2A	DLG1	0	0	0	0	0	0	0	0	0	0	0.979
GRIN2A	FYN	0	0	0	0	0	0	0	0	0	0	0.981
GRIN2A	DLG2	0	0	0	0	0	0	0	0	0	0	0.997
GRIN2A	DLG3	0	0	0	0	0	0	0	0	0	0	0.998
GRIN2A	GRIN1	0	0	0	0	0	0	0	0	0	0	0.999
GRIN2A	GRIN2B	0	0	0	0	0	0	0	0	0	0	0.999
GRIN2A	GRIN3A	0	0	0	0	0	0	0	0	0	0	0.999
GRIN2A	DLG4	0	0	0	0	0	0	0	0	0	0	0.999
HOMER1	GRIA3	0	0	0	0	0	0	0	0	0	0	0.43
HOMER1	PRNP	0	0	0	0	0	0	0	0	0	0	0.521
HOMER1	DLG1	0	0	0	0	0	0	0	0	0	0	0.553
HOMER1	NRXN3	0	0	0	0	0	0	0	0	0	0	0.608
HOMER1	CALML4	0	0	0	0	0	0	0	0	0	0	0.618
HOMER1	GRIN1	0	0	0	0	0	0	0	0	0	0	0.641
HOMER1	NLGN4Y	0	0	0	0	0	0	0	0	0	0	0.649
HOMER1	GRIN2B	0	0	0	0	0	0	0	0	0	0	0.675
HOMER1	NLGN4X	0	0	0	0	0	0	0	0	0	0	0.69
HOMER1	NRXN1	0	0	0	0	0	0	0	0	0	0	0.706
HOMER1	DLG3	0	0	0	0	0	0	0	0	0	0	0.707
HOMER1	NLGN3	0	0	0	0	0	0	0	0	0	0	0.721
HOMER1	NLGN1	0	0	0	0	0	0	0	0	0	0	0.726
HOMER1	GPHN	0	0	0	0	0	0	0	0	0	0	0.733
HOMER1	DLGAP2	0	0	0	0	0	0	0	0	0	0	0.734
HOMER1	CAMK2A	0	0	0	0	0	0	0	0	0	0	0.735
HOMER1	EPB41L1	0	0	0	0	0	0	0	0	0	0	0.747
HOMER1	DLGAP3	0	0	0	0	0	0	0	0	0	0	0.816
HOMER1	DLG2	0	0	0	0	0	0	0	0	0	0	0.821
HOMER1	GRIA1	0	0	0	0	0	0	0	0	0	0	0.873
HOMER1	SHANK2	0	0	0	0	0	0	0	0	0	0	0.937
HOMER1	SHANK3	0	0	0	0	0	0	0	0	0	0	0.957
HOMER1	DLG4	0	0	0	0	0	0	0	0	0	0	0.988
HOMER1	HOMER3	0	0	0	0	0	0	0	0	0	0	0.993
EPB41L1	DLG3	0	0	0	0	0	0	0	0	0	0	0.471
EPB41L1	NRXN3	0	0	0	0	0	0	0	0	0	0	0.528
EPB41L1	NLGN3	0	0	0	0	0	0	0	0	0	0	0.543
EPB41L1	NLGN4Y	0	0	0	0	0	0	0	0	0	0	0.547
EPB41L1	CAMK2A	0	0	0	0	0	0	0	0	0	0	0.571
EPB41L1	NLGN4X	0	0	0	0	0	0	0	0	0	0	0.578
EPB41L1	NRXN1	0	0	0	0	0	0	0	0	0	0	0.592
EPB41L1	NLGN1	0	0	0	0	0	0	0	0	0	0	0.639
EPB41L1	GRIA3	0	0	0	0	0	0	0	0	0	0	0.66
EPB41L1	DLG4	0	0	0	0	0	0	0	0	0	0	0.793
EPB41L1	DLG1	0	0	0	0	0	0	0	0	0	0	0.815
EPB41L1	GRIA1	0	0	0	0	0	0	0	0	0	0	0.997
PTK2	DAG1	0	0	0	0	0	0	0	0	0	0	0.434
PTK2	CTNNB1	0	0	0	0	0	0	0	0	0	0	0.802
PTK2	AKT1	0	0	0	0	0	0	0	0	0	0	0.879
PTK2	PIK3R1	0	0	0	0	0	0	0	0	0	0	0.988
PTK2	PTEN	0	0	0	0	0	0	0	0	0	0	0.995
PTK2	FYN	0	0	0	0	0	0	0	0	0	0	0.998
SHANK2	MAGI2	0	0	0	0	0	0	0	0	0	0	0.413
SHANK2	DLG1	0	0	0	0	0	0	0	0	0	0	0.416
SHANK2	CAMK2A	0	0	0	0	0	0	0	0	0	0	0.442
SHANK2	GRIN1	0	0	0	0	0	0	0	0	0	0	0.475
SHANK2	UBE3A	0	0	0	0	0	0	0	0	0	0	0.486
SHANK2	GPHN	0	0	0	0	0	0	0	0	0	0	0.486
SHANK2	AKT1	0	0	0	0	0	0	0	0	0	0	0.539
SHANK2	GRIN3A	0	0	0	0	0	0	0	0	0	0	0.575
SHANK2	GRIN2B	0	0	0	0	0	0	0	0	0	0	0.628
SHANK2	NRXN3	0	0	0	0	0	0	0	0	0	0	0.725
SHANK2	DLG3	0	0	0	0	0	0	0	0	0	0	0.744
SHANK2	GRIA1	0	0	0	0	0	0	0	0	0	0	0.75
SHANK2	HOMER3	0	0	0	0	0	0	0	0	0	0	0.799
SHANK2	DLG2	0	0	0	0	0	0	0	0	0	0	0.811
SHANK2	NLGN4Y	0	0	0	0	0	0	0	0	0	0	0.85
SHANK2	NRXN1	0	0	0	0	0	0	0	0	0	0	0.914
SHANK2	NLGN1	0	0	0	0	0	0	0	0	0	0	0.914
SHANK2	DLGAP3	0	0	0	0	0	0	0	0	0	0	0.917
SHANK2	NLGN3	0	0	0	0	0	0	0	0	0	0	0.958
SHANK2	NLGN4X	0	0	0	0	0	0	0	0	0	0	0.964
SHANK2	DLGAP2	0	0	0	0	0	0	0	0	0	0	0.969
SHANK2	SHANK3	0	0	0	0	0	0	0	0	0	0	0.98
SHANK2	DLG4	0	0	0	0	0	0	0	0	0	0	0.993
DLG1	NLGN4Y	0	0	0	0	0	0	0	0	0	0	0.402
DLG1	NLGN4X	0	0	0	0	0	0	0	0	0	0	0.414
DLG1	NLGN3	0	0	0	0	0	0	0	0	0	0	0.436
DLG1	CALML4	0	0	0	0	0	0	0	0	0	0	0.457
DLG1	NRXN1	0	0	0	0	0	0	0	0	0	0	0.472
DLG1	NLGN1	0	0	0	0	0	0	0	0	0	0	0.483
DLG1	MAST2	0	0	0	0	0	0	0	0	0	0	0.531
DLG1	MAGI2	0	0	0	0	0	0	0	0	0	0	0.579
DLG1	SHANK3	0	0	0	0	0	0	0	0	0	0	0.587
DLG1	GRIA3	0	0	0	0	0	0	0	0	0	0	0.697
DLG1	DLGAP2	0	0	0	0	0	0	0	0	0	0	0.714
DLG1	CAMK2A	0	0	0	0	0	0	0	0	0	0	0.721
DLG1	CTNNB1	0	0	0	0	0	0	0	0	0	0	0.786
DLG1	GRIN1	0	0	0	0	0	0	0	0	0	0	0.878
DLG1	LLGL2	0	0	0	0	0	0	0	0	0	0	0.916
DLG1	SCRIB	0	0	0	0	0	0	0	0	0	0	0.917
DLG1	DLG4	0	0	0	0	0	0	0	0	0	0	0.956
DLG1	DLG2	0	0	0	0	0	0	0	0	0	0	0.962
DLG1	UBE3A	0	0	0	0	0	0	0	0	0	0	0.974
DLG1	DLG3	0	0	0	0	0	0	0	0	0	0	0.974
DLG1	GRIN2B	0	0	0	0	0	0	0	0	0	0	0.992
DLG1	PTEN	0	0	0	0	0	0	0	0	0	0	0.996
DLG1	GRIA1	0	0	0	0	0	0	0	0	0	0	0.999
MAGI2	GRIA1	0	0	0	0	0	0	0	0	0	0	0.408
MAGI2	DLGAP2	0	0	0	0	0	0	0	0	0	0	0.42
MAGI2	NRXN1	0	0	0	0	0	0	0	0	0	0	0.461
MAGI2	GRIN2B	0	0	0	0	0	0	0	0	0	0	0.595
MAGI2	DLG4	0	0	0	0	0	0	0	0	0	0	0.616
MAGI2	DLGAP3	0	0	0	0	0	0	0	0	0	0	0.633
MAGI2	DAG1	0	0	0	0	0	0	0	0	0	0	0.669
MAGI2	NLGN4Y	0	0	0	0	0	0	0	0	0	0	0.743
MAGI2	NLGN4X	0	0	0	0	0	0	0	0	0	0	0.763
MAGI2	NLGN3	0	0	0	0	0	0	0	0	0	0	0.779
MAGI2	MAST2	0	0	0	0	0	0	0	0	0	0	0.84
MAGI2	NLGN1	0	0	0	0	0	0	0	0	0	0	0.893
MAGI2	CTNNB1	0	0	0	0	0	0	0	0	0	0	0.986
MAGI2	PTEN	0	0	0	0	0	0	0	0	0	0	0.998
FYN	GRIA1	0	0	0	0	0	0	0	0	0	0	0.451
FYN	DAG1	0	0	0	0	0	0	0	0	0	0	0.484
FYN	PTEN	0	0	0	0	0	0	0	0	0	0	0.657
FYN	CALML4	0	0	0	0	0	0	0	0	0	0	0.679
FYN	DLG3	0	0	0	0	0	0	0	0	0	0	0.705
FYN	GRIN1	0	0	0	0	0	0	0	0	0	0	0.743
FYN	DLG2	0	0	0	0	0	0	0	0	0	0	0.766
FYN	AKT1	0	0	0	0	0	0	0	0	0	0	0.834
FYN	CTNNB1	0	0	0	0	0	0	0	0	0	0	0.986
FYN	PIK3R1	0	0	0	0	0	0	0	0	0	0	0.988
FYN	PRNP	0	0	0	0	0	0	0	0	0	0	0.99
FYN	GRIN2B	0	0	0	0	0	0	0	0	0	0	0.993
FYN	DLG4	0	0	0	0	0	0	0	0	0	0	0.996
NLGN4Y	GRIA1	0	0	0	0	0	0	0	0	0	0	0.412
NLGN4Y	GRIN2B	0	0	0	0	0	0	0	0	0	0	0.448
NLGN4Y	PTEN	0	0	0	0	0	0	0	0	0	0	0.464
NLGN4Y	GPHN	0	0	0	0	0	0	0	0	0	0	0.478
NLGN4Y	PRNP	0	0	0	0	0	0	0	0	0	0	0.487
NLGN4Y	CTNNB1	0	0	0	0	0	0	0	0	0	0	0.498
NLGN4Y	MDGA1	0	0	0	0	0	0	0	0	0	0	0.505
NLGN4Y	NLGN4X	0	0	0	0	0	0	0	0	0	0	0.519
NLGN4Y	NLGN1	0	0	0	0	0	0	0	0	0	0	0.523
NLGN4Y	HOMER3	0	0	0	0	0	0	0	0	0	0	0.608
NLGN4Y	DLGAP3	0	0	0	0	0	0	0	0	0	0	0.66
NLGN4Y	DLGAP2	0	0	0	0	0	0	0	0	0	0	0.669
NLGN4Y	DLG2	0	0	0	0	0	0	0	0	0	0	0.696
NLGN4Y	NLGN3	0	0	0	0	0	0	0	0	0	0	0.697
NLGN4Y	NRXN3	0	0	0	0	0	0	0	0	0	0	0.827
NLGN4Y	DLG3	0	0	0	0	0	0	0	0	0	0	0.848
NLGN4Y	SHANK3	0	0	0	0	0	0	0	0	0	0	0.899
NLGN4Y	DLG4	0	0	0	0	0	0	0	0	0	0	0.986
NLGN4Y	NRXN1	0	0	0	0	0	0	0	0	0	0	0.999
SCRIB	GRIN2B	0	0	0	0	0	0	0	0	0	0	0.494
SCRIB	PRKCZ	0	0	0	0	0	0	0	0	0	0	0.657
SCRIB	AKT1	0	0	0	0	0	0	0	0	0	0	0.712
SCRIB	PTEN	0	0	0	0	0	0	0	0	0	0	0.834
SCRIB	DLG2	0	0	0	0	0	0	0	0	0	0	0.856
SCRIB	CTNNB1	0	0	0	0	0	0	0	0	0	0	0.88
SCRIB	DLG3	0	0	0	0	0	0	0	0	0	0	0.908
SCRIB	DLG4	0	0	0	0	0	0	0	0	0	0	0.921
SCRIB	LLGL2	0	0	0	0	0	0	0	0	0	0	0.959
SCRIB	UBE3A	0	0	0	0	0	0	0	0	0	0	0.98
NLGN3	NXPH1	0	0	0	0	0	0	0	0	0	0	0.418
NLGN3	GRIN1	0	0	0	0	0	0	0	0	0	0	0.446
NLGN3	PRNP	0	0	0	0	0	0	0	0	0	0	0.48
NLGN3	CTNNB1	0	0	0	0	0	0	0	0	0	0	0.513
NLGN3	GRIA1	0	0	0	0	0	0	0	0	0	0	0.536
NLGN3	GRIN2B	0	0	0	0	0	0	0	0	0	0	0.573
NLGN3	PTEN	0	0	0	0	0	0	0	0	0	0	0.591
NLGN3	GPHN	0	0	0	0	0	0	0	0	0	0	0.648
NLGN3	HOMER3	0	0	0	0	0	0	0	0	0	0	0.65
NLGN3	UBE3A	0	0	0	0	0	0	0	0	0	0	0.667
NLGN3	MDGA1	0	0	0	0	0	0	0	0	0	0	0.686
NLGN3	DLGAP3	0	0	0	0	0	0	0	0	0	0	0.763
NLGN3	DLG2	0	0	0	0	0	0	0	0	0	0	0.776
NLGN3	NLGN4X	0	0	0	0	0	0	0	0	0	0	0.796
NLGN3	NLGN1	0	0	0	0	0	0	0	0	0	0	0.799
NLGN3	DLGAP2	0	0	0	0	0	0	0	0	0	0	0.839
NLGN3	DLG3	0	0	0	0	0	0	0	0	0	0	0.885
NLGN3	NRXN3	0	0	0	0	0	0	0	0	0	0	0.94
NLGN3	SHANK3	0	0	0	0	0	0	0	0	0	0	0.993
NLGN3	DLG4	0	0	0	0	0	0	0	0	0	0	0.995
NLGN3	NRXN1	0	0	0	0	0	0	0	0	0	0	0.999
MAST2	PTEN	0	0	0	0	0	0	0	0	0	0	0.993
GRIN3A	DLG3	0	0	0	0	0	0	0	0	0	0	0.68
GRIN3A	SHISA9	0	0	0	0	0	0	0	0	0	0	0.784
GRIN3A	GRIA3	0	0	0	0	0	0	0	0	0	0	0.802
GRIN3A	GRIA1	0	0	0	0	0	0	0	0	0	0	0.815
GRIN3A	DLG4	0	0	0	0	0	0	0	0	0	0	0.966
GRIN3A	GRIN1	0	0	0	0	0	0	0	0	0	0	0.999
GRIN3A	GRIN2B	0	0	0	0	0	0	0	0	0	0	0.999
PSMD4	SPOP	0	0	0	0	0	0	0	0	0	0	0.425
PSMD4	UBE2L3	0	0	0	0	0	0	0	0	0	0	0.434
PSMD4	UBE2D2	0	0	0	0	0	0	0	0	0	0	0.501
PSMD4	PTEN	0	0	0	0	0	0	0	0	0	0	0.606
PSMD4	UBE2D1	0	0	0	0	0	0	0	0	0	0	0.668
PSMD4	PRNP	0	0	0	0	0	0	0	0	0	0	0.68
PSMD4	UBE3A	0	0	0	0	0	0	0	0	0	0	0.994
PSMD4	RAD23A	0	0	0	0	0	0	0	0	0	0	0.999
GRIN1	NLGN4X	0	0	0	0	0	0	0	0	0	0	0.422
GRIN1	DLGAP2	0	0	0	0	0	0	0	0	0	0	0.442
GRIN1	GPHN	0	0	0	0	0	0	0	0	0	0	0.446
GRIN1	NRXN1	0	0	0	0	0	0	0	0	0	0	0.449
GRIN1	DLGAP3	0	0	0	0	0	0	0	0	0	0	0.507
GRIN1	SHANK3	0	0	0	0	0	0	0	0	0	0	0.568
GRIN1	NLGN1	0	0	0	0	0	0	0	0	0	0	0.611
GRIN1	SHISA9	0	0	0	0	0	0	0	0	0	0	0.75
GRIN1	DLG2	0	0	0	0	0	0	0	0	0	0	0.761
GRIN1	GRIA3	0	0	0	0	0	0	0	0	0	0	0.877
GRIN1	DLG3	0	0	0	0	0	0	0	0	0	0	0.879
GRIN1	GRIA1	0	0	0	0	0	0	0	0	0	0	0.907
GRIN1	CAMK2A	0	0	0	0	0	0	0	0	0	0	0.911
GRIN1	CALML4	0	0	0	0	0	0	0	0	0	0	0.964
GRIN1	DLG4	0	0	0	0	0	0	0	0	0	0	0.998
GRIN1	GRIN2B	0	0	0	0	0	0	0	0	0	0	0.999
PTEN	UBE2D2	0	0	0	0	0	0	0	0	0	0	0.407
PTEN	CALML4	0	0	0	0	0	0	0	0	0	0	0.413
PTEN	SHANK3	0	0	0	0	0	0	0	0	0	0	0.483
PTEN	NLGN1	0	0	0	0	0	0	0	0	0	0	0.496
PTEN	GRIN2B	0	0	0	0	0	0	0	0	0	0	0.547
PTEN	NLGN4X	0	0	0	0	0	0	0	0	0	0	0.556
PTEN	UBE2L3	0	0	0	0	0	0	0	0	0	0	0.571
PTEN	DLG4	0	0	0	0	0	0	0	0	0	0	0.745
PTEN	CTNNB1	0	0	0	0	0	0	0	0	0	0	0.943
PTEN	PRKCZ	0	0	0	0	0	0	0	0	0	0	0.958
PTEN	UBE3A	0	0	0	0	0	0	0	0	0	0	0.96
PTEN	AKT1	0	0	0	0	0	0	0	0	0	0	0.988
PTEN	SPOP	0	0	0	0	0	0	0	0	0	0	0.99
PTEN	PIK3R1	0	0	0	0	0	0	0	0	0	0	0.997
DLGAP3	CAMK2A	0	0	0	0	0	0	0	0	0	0	0.451
DLGAP3	GRIA1	0	0	0	0	0	0	0	0	0	0	0.507
DLGAP3	NRXN3	0	0	0	0	0	0	0	0	0	0	0.634
DLGAP3	HOMER3	0	0	0	0	0	0	0	0	0	0	0.72
DLGAP3	NRXN1	0	0	0	0	0	0	0	0	0	0	0.733
DLGAP3	NLGN4X	0	0	0	0	0	0	0	0	0	0	0.737
DLGAP3	NLGN1	0	0	0	0	0	0	0	0	0	0	0.737
DLGAP3	GRIN2B	0	0	0	0	0	0	0	0	0	0	0.753
DLGAP3	DLG3	0	0	0	0	0	0	0	0	0	0	0.835
DLGAP3	DLG2	0	0	0	0	0	0	0	0	0	0	0.847
DLGAP3	DLGAP2	0	0	0	0	0	0	0	0	0	0	0.868
DLGAP3	SHANK3	0	0	0	0	0	0	0	0	0	0	0.992
DLGAP3	DLG4	0	0	0	0	0	0	0	0	0	0	0.993
UBE2D1	CTNNB1	0	0	0	0	0	0	0	0	0	0	0.456
UBE2D1	SPOP	0	0	0	0	0	0	0	0	0	0	0.505
UBE2D1	UBE2L3	0	0	0	0	0	0	0	0	0	0	0.654
UBE2D1	UBE2D2	0	0	0	0	0	0	0	0	0	0	0.943
UBE2D1	UBE3A	0	0	0	0	0	0	0	0	0	0	0.984
DLG3	GPHN	0	0	0	0	0	0	0	0	0	0	0.472
DLG3	SHISA9	0	0	0	0	0	0	0	0	0	0	0.513
DLG3	NRXN3	0	0	0	0	0	0	0	0	0	0	0.593
DLG3	HOMER3	0	0	0	0	0	0	0	0	0	0	0.633
DLG3	GRIA3	0	0	0	0	0	0	0	0	0	0	0.644
DLG3	CAMK2A	0	0	0	0	0	0	0	0	0	0	0.688
DLG3	NRXN1	0	0	0	0	0	0	0	0	0	0	0.717
DLG3	SHANK3	0	0	0	0	0	0	0	0	0	0	0.759
DLG3	GRIA1	0	0	0	0	0	0	0	0	0	0	0.815
DLG3	NLGN4X	0	0	0	0	0	0	0	0	0	0	0.863
DLG3	DLGAP2	0	0	0	0	0	0	0	0	0	0	0.872
DLG3	LLGL2	0	0	0	0	0	0	0	0	0	0	0.887
DLG3	NLGN1	0	0	0	0	0	0	0	0	0	0	0.892
DLG3	UBE3A	0	0	0	0	0	0	0	0	0	0	0.913
DLG3	DLG2	0	0	0	0	0	0	0	0	0	0	0.984
DLG3	DLG4	0	0	0	0	0	0	0	0	0	0	0.997
DLG3	GRIN2B	0	0	0	0	0	0	0	0	0	0	0.998
DLG2	CACNB4	0	0	0	0	0	0	0	0	0	0	0.455
DLG2	GPHN	0	0	0	0	0	0	0	0	0	0	0.607
DLG2	HOMER3	0	0	0	0	0	0	0	0	0	0	0.645
DLG2	GRIA3	0	0	0	0	0	0	0	0	0	0	0.655
DLG2	NRXN3	0	0	0	0	0	0	0	0	0	0	0.682
DLG2	CAMK2A	0	0	0	0	0	0	0	0	0	0	0.688
DLG2	NLGN4X	0	0	0	0	0	0	0	0	0	0	0.713
DLG2	NRXN1	0	0	0	0	0	0	0	0	0	0	0.778
DLG2	DLGAP2	0	0	0	0	0	0	0	0	0	0	0.811
DLG2	LLGL2	0	0	0	0	0	0	0	0	0	0	0.844
DLG2	NLGN1	0	0	0	0	0	0	0	0	0	0	0.868
DLG2	GRIA1	0	0	0	0	0	0	0	0	0	0	0.908
DLG2	UBE3A	0	0	0	0	0	0	0	0	0	0	0.913
DLG2	SHANK3	0	0	0	0	0	0	0	0	0	0	0.919
DLG2	DLG4	0	0	0	0	0	0	0	0	0	0	0.969
DLG2	GRIN2B	0	0	0	0	0	0	0	0	0	0	0.996
PRKCZ	CTNNB1	0	0	0	0	0	0	0	0	0	0	0.653
PRKCZ	PIK3R1	0	0	0	0	0	0	0	0	0	0	0.933
PRKCZ	AKT1	0	0	0	0	0	0	0	0	0	0	0.974
PRKCZ	LLGL2	0	0	0	0	0	0	0	0	0	0	0.994
NLGN4X	NXPH1	0	0	0	0	0	0	0	0	0	0	0.407
NLGN4X	PRNP	0	0	0	0	0	0	0	0	0	0	0.475
NLGN4X	CTNNB1	0	0	0	0	0	0	0	0	0	0	0.508
NLGN4X	GRIA1	0	0	0	0	0	0	0	0	0	0	0.514
NLGN4X	GRIN2B	0	0	0	0	0	0	0	0	0	0	0.546
NLGN4X	NLGN1	0	0	0	0	0	0	0	0	0	0	0.548
NLGN4X	MDGA1	0	0	0	0	0	0	0	0	0	0	0.613
NLGN4X	HOMER3	0	0	0	0	0	0	0	0	0	0	0.619
NLGN4X	UBE3A	0	0	0	0	0	0	0	0	0	0	0.633
NLGN4X	GPHN	0	0	0	0	0	0	0	0	0	0	0.767
NLGN4X	DLGAP2	0	0	0	0	0	0	0	0	0	0	0.841
NLGN4X	NRXN3	0	0	0	0	0	0	0	0	0	0	0.859
NLGN4X	SHANK3	0	0	0	0	0	0	0	0	0	0	0.995
NLGN4X	DLG4	0	0	0	0	0	0	0	0	0	0	0.995
NLGN4X	NRXN1	0	0	0	0	0	0	0	0	0	0	0.999
LLGL2	UBE3A	0	0	0	0	0	0	0	0	0	0	0.901
LLGL2	DLG4	0	0	0	0	0	0	0	0	0	0	0.982
SPOP	CTNNB1	0	0	0	0	0	0	0	0	0	0	0.407
SPOP	PIK3R1	0	0	0	0	0	0	0	0	0	0	0.421
SPOP	UBE2D2	0	0	0	0	0	0	0	0	0	0	0.662
UBE2D2	RAD23A	0	0	0	0	0	0	0	0	0	0	0.404
UBE2D2	CTNNB1	0	0	0	0	0	0	0	0	0	0	0.429
UBE2D2	UBE2L3	0	0	0	0	0	0	0	0	0	0	0.683
UBE2D2	UBE3A	0	0	0	0	0	0	0	0	0	0	0.984
NXPH1	NLGN1	0	0	0	0	0	0	0	0	0	0	0.525
NXPH1	NRXN3	0	0	0	0	0	0	0	0	0	0	0.671
NXPH1	NRXN1	0	0	0	0	0	0	0	0	0	0	0.973
NRXN1	GRIA3	0	0	0	0	0	0	0	0	0	0	0.509
NRXN1	UBE3A	0	0	0	0	0	0	0	0	0	0	0.532
NRXN1	CAMK2A	0	0	0	0	0	0	0	0	0	0	0.542
NRXN1	MDGA1	0	0	0	0	0	0	0	0	0	0	0.592
NRXN1	GRIA1	0	0	0	0	0	0	0	0	0	0	0.6
NRXN1	HOMER3	0	0	0	0	0	0	0	0	0	0	0.619
NRXN1	NRXN3	0	0	0	0	0	0	0	0	0	0	0.752
NRXN1	DLGAP2	0	0	0	0	0	0	0	0	0	0	0.803
NRXN1	GPHN	0	0	0	0	0	0	0	0	0	0	0.831
NRXN1	GRIN2B	0	0	0	0	0	0	0	0	0	0	0.832
NRXN1	SHANK3	0	0	0	0	0	0	0	0	0	0	0.961
NRXN1	DLG4	0	0	0	0	0	0	0	0	0	0	0.991
NRXN1	DAG1	0	0	0	0	0	0	0	0	0	0	0.998
NRXN1	NLGN1	0	0	0	0	0	0	0	0	0	0	0.999
NLGN1	CAMK2A	0	0	0	0	0	0	0	0	0	0	0.414
NLGN1	PRNP	0	0	0	0	0	0	0	0	0	0	0.538
NLGN1	UBE3A	0	0	0	0	0	0	0	0	0	0	0.548
NLGN1	CTNNB1	0	0	0	0	0	0	0	0	0	0	0.553
NLGN1	GRIA1	0	0	0	0	0	0	0	0	0	0	0.633
NLGN1	HOMER3	0	0	0	0	0	0	0	0	0	0	0.643
NLGN1	MDGA1	0	0	0	0	0	0	0	0	0	0	0.676
NLGN1	GPHN	0	0	0	0	0	0	0	0	0	0	0.722
NLGN1	GRIN2B	0	0	0	0	0	0	0	0	0	0	0.755
NLGN1	DLGAP2	0	0	0	0	0	0	0	0	0	0	0.811
NLGN1	NRXN3	0	0	0	0	0	0	0	0	0	0	0.964
NLGN1	SHANK3	0	0	0	0	0	0	0	0	0	0	0.978
NLGN1	DLG4	0	0	0	0	0	0	0	0	0	0	0.999
PRNP	AKT1	0	0	0	0	0	0	0	0	0	0	0.424
PRNP	GRIN2B	0	0	0	0	0	0	0	0	0	0	0.452
PRNP	DLG4	0	0	0	0	0	0	0	0	0	0	0.507
UBE2L3	RAD23A	0	0	0	0	0	0	0	0	0	0	0.437
UBE2L3	UBE3A	0	0	0	0	0	0	0	0	0	0	0.999
GPHN	NRXN3	0	0	0	0	0	0	0	0	0	0	0.404
GPHN	CAMK2A	0	0	0	0	0	0	0	0	0	0	0.418
GPHN	AKT1	0	0	0	0	0	0	0	0	0	0	0.472
GPHN	GRIN2B	0	0	0	0	0	0	0	0	0	0	0.526
GPHN	SHANK3	0	0	0	0	0	0	0	0	0	0	0.541
GPHN	GRIA1	0	0	0	0	0	0	0	0	0	0	0.621
GPHN	DLG4	0	0	0	0	0	0	0	0	0	0	0.884
CALML4	ADORA2A	0	0	0	0	0	0	0	0	0	0	0.446
CALML4	HOMER3	0	0	0	0	0	0	0	0	0	0	0.527
CALML4	GRIA1	0	0	0	0	0	0	0	0	0	0	0.586
CALML4	CTNNB1	0	0	0	0	0	0	0	0	0	0	0.631
CALML4	AKT1	0	0	0	0	0	0	0	0	0	0	0.713
CALML4	DLG4	0	0	0	0	0	0	0	0	0	0	0.892
CALML4	GRIN2B	0	0	0	0	0	0	0	0	0	0	0.926
CALML4	CAMK2A	0	0	0	0	0	0	0	0	0	0	0.999
PIK3R1	CTNNB1	0	0	0	0	0	0	0	0	0	0	0.858
PIK3R1	AKT1	0	0	0	0	0	0	0	0	0	0	0.995
GRIA1	NRXN3	0	0	0	0	0	0	0	0	0	0	0.404
GRIA1	DLGAP2	0	0	0	0	0	0	0	0	0	0	0.427
GRIA1	CACNB4	0	0	0	0	0	0	0	0	0	0	0.45
GRIA1	AKT1	0	0	0	0	0	0	0	0	0	0	0.48
GRIA1	UBE3A	0	0	0	0	0	0	0	0	0	0	0.592
GRIA1	SHANK3	0	0	0	0	0	0	0	0	0	0	0.623
GRIA1	GRIN2B	0	0	0	0	0	0	0	0	0	0	0.934
GRIA1	SHISA9	0	0	0	0	0	0	0	0	0	0	0.984
GRIA1	DLG4	0	0	0	0	0	0	0	0	0	0	0.994
GRIA1	GRIA3	0	0	0	0	0	0	0	0	0	0	0.999
GRIA1	CAMK2A	0	0	0	0	0	0	0	0	0	0	0.999
CACNB4	CAMK2A	0	0	0	0	0	0	0	0	0	0	0.717
HOMER3	AKT1	0	0	0	0	0	0	0	0	0	0	0.421
HOMER3	GRIN2B	0	0	0	0	0	0	0	0	0	0	0.466
HOMER3	NRXN3	0	0	0	0	0	0	0	0	0	0	0.516
HOMER3	DLGAP2	0	0	0	0	0	0	0	0	0	0	0.698
HOMER3	DLG4	0	0	0	0	0	0	0	0	0	0	0.868
HOMER3	SHANK3	0	0	0	0	0	0	0	0	0	0	0.884
DAG1	NRXN3	0	0	0	0	0	0	0	0	0	0	0.47
AKT1	ADORA2A	0	0	0	0	0	0	0	0	0	0	0.428
AKT1	GRIN2B	0	0	0	0	0	0	0	0	0	0	0.51
AKT1	SHANK3	0	0	0	0	0	0	0	0	0	0	0.548
AKT1	DLG4	0	0	0	0	0	0	0	0	0	0	0.747
AKT1	CTNNB1	0	0	0	0	0	0	0	0	0	0	0.979
SHISA9	GRIN2B	0	0	0	0	0	0	0	0	0	0	0.779
SHISA9	GRIA3	0	0	0	0	0	0	0	0	0	0	0.824
SHISA9	DLG4	0	0	0	0	0	0	0	0	0	0	0.858
RAD23A	UBE3A	0	0	0	0	0	0	0	0	0	0	0.974
GRIN2B	ADORA2A	0	0	0	0	0	0	0	0	0	0	0.414
GRIN2B	NRXN3	0	0	0	0	0	0	0	0	0	0	0.414
GRIN2B	DLGAP2	0	0	0	0	0	0	0	0	0	0	0.514
GRIN2B	CTNNB1	0	0	0	0	0	0	0	0	0	0	0.757
GRIN2B	SHANK3	0	0	0	0	0	0	0	0	0	0	0.785
GRIN2B	GRIA3	0	0	0	0	0	0	0	0	0	0	0.823
GRIN2B	DLG4	0	0	0	0	0	0	0	0	0	0	0.999
GRIN2B	CAMK2A	0	0	0	0	0	0	0	0	0	0	0.999
GRIA3	CAMK2A	0	0	0	0	0	0	0	0	0	0	0.808
GRIA3	DLG4	0	0	0	0	0	0	0	0	0	0	0.873
SHANK3	CAMK2A	0	0	0	0	0	0	0	0	0	0	0.509
SHANK3	UBE3A	0	0	0	0	0	0	0	0	0	0	0.647
SHANK3	NRXN3	0	0	0	0	0	0	0	0	0	0	0.703
SHANK3	DLGAP2	0	0	0	0	0	0	0	0	0	0	0.988
SHANK3	DLG4	0	0	0	0	0	0	0	0	0	0	0.996
NRXN3	CAMK2A	0	0	0	0	0	0	0	0	0	0	0.404
NRXN3	DLGAP2	0	0	0	0	0	0	0	0	0	0	0.645
NRXN3	DLG4	0	0	0	0	0	0	0	0	0	0	0.858
DLGAP2	CAMK2A	0	0	0	0	0	0	0	0	0	0	0.436
DLGAP2	DLG4	0	0	0	0	0	0	0	0	0	0	0.891
CTNNB1	DLG4	0	0	0	0	0	0	0	0	0	0	0.538
CTNNB1	UBE3A	0	0	0	0	0	0	0	0	0	0	0.974
UBE3A	DLG4	0	0	0	0	0	0	0	0	0	0	0.447
DLG4	CAMK2A	0	0	0	0	0	0	0	0	0	0	0.92
CBLN1	DLG4	0	0	0	0	0	0	0	0	0	0	0.402
CBLN1	NLGN3	0	0	0	0	0	0	0	0	0	0	0.507
CBLN1	NLGN2	0	0	0	0	0	0	0	0	0	0	0.559
CBLN1	NLGN4X	0	0	0	0	0	0	0	0	0	0	0.56
CBLN1	NRXN3	0	0	0	0	0	0	0	0	0	0	0.565
CBLN1	NLGN1	0	0	0	0	0	0	0	0	0	0	0.611
CBLN1	LRRTM2	0	0	0	0	0	0	0	0	0	0	0.717
CBLN1	NRXN2	0	0	0	0	0	0	0	0	0	0	0.989
CBLN1	NRXN1	0	0	0	0	0	0	0	0	0	0	0.994
TSC2	NLGN4X	0	0	0	0	0	0	0	0	0	0	0.459
TSC2	NLGN3	0	0	0	0	0	0	0	0	0	0	0.471
TSC2	PTK2	0	0	0	0	0	0	0	0	0	0	0.476
TSC2	CTNNB1	0	0	0	0	0	0	0	0	0	0	0.517
TSC2	PIK3R1	0	0	0	0	0	0	0	0	0	0	0.524
TSC2	SHANK3	0	0	0	0	0	0	0	0	0	0	0.537
TSC2	PIK3CA	0	0	0	0	0	0	0	0	0	0	0.687
TSC2	TP53	0	0	0	0	0	0	0	0	0	0	0.713
TSC2	PTEN	0	0	0	0	0	0	0	0	0	0	0.889
TSC2	UBE3A	0	0	0	0	0	0	0	0	0	0	0.981
TSC2	AKT1	0	0	0	0	0	0	0	0	0	0	0.99
CACNG1	CAMK2A	0	0	0	0	0	0	0	0	0	0	0.725
CACNG1	CACNB4	0	0	0	0	0	0	0	0	0	0	0.935
CACNG1	CACNG2	0	0	0	0	0	0	0	0	0	0	0.962
CACNG1	CACNG8	0	0	0	0	0	0	0	0	0	0	0.968
GRIN3B	GRM5	0	0	0	0	0	0	0	0	0	0	0.419
GRIN3B	GRM1	0	0	0	0	0	0	0	0	0	0	0.466
GRIN3B	DLG3	0	0	0	0	0	0	0	0	0	0	0.598
GRIN3B	CNIH2	0	0	0	0	0	0	0	0	0	0	0.746
GRIN3B	SHISA9	0	0	0	0	0	0	0	0	0	0	0.748
GRIN3B	CACNG8	0	0	0	0	0	0	0	0	0	0	0.758
GRIN3B	GRIA2	0	0	0	0	0	0	0	0	0	0	0.787
GRIN3B	GRIA3	0	0	0	0	0	0	0	0	0	0	0.791
GRIN3B	GRIA4	0	0	0	0	0	0	0	0	0	0	0.811
GRIN3B	GRIA1	0	0	0	0	0	0	0	0	0	0	0.84
GRIN3B	CACNG2	0	0	0	0	0	0	0	0	0	0	0.845
GRIN3B	DLG4	0	0	0	0	0	0	0	0	0	0	0.942
GRIN3B	GRIN3A	0	0	0	0	0	0	0	0	0	0	0.995
GRIN3B	GRIN2C	0	0	0	0	0	0	0	0	0	0	0.996
GRIN3B	GRIN2B	0	0	0	0	0	0	0	0	0	0	0.996
GRIN3B	GRIN2D	0	0	0	0	0	0	0	0	0	0	0.996
GRIN3B	GRIN2A	0	0	0	0	0	0	0	0	0	0	0.998
GRIN3B	GRIN1	0	0	0	0	0	0	0	0	0	0	0.999
GRIN2D	DLGAP3	0	0	0	0	0	0	0	0	0	0	0.451
GRIN2D	GRM5	0	0	0	0	0	0	0	0	0	0	0.556
GRIN2D	DLG1	0	0	0	0	0	0	0	0	0	0	0.604
GRIN2D	CAMK2A	0	0	0	0	0	0	0	0	0	0	0.607
GRIN2D	DLGAP1	0	0	0	0	0	0	0	0	0	0	0.617
GRIN2D	DLG2	0	0	0	0	0	0	0	0	0	0	0.634
GRIN2D	DLG3	0	0	0	0	0	0	0	0	0	0	0.659
GRIN2D	GRM1	0	0	0	0	0	0	0	0	0	0	0.678
GRIN2D	CALML4	0	0	0	0	0	0	0	0	0	0	0.74
GRIN2D	CALML3	0	0	0	0	0	0	0	0	0	0	0.74
GRIN2D	CALM3	0	0	0	0	0	0	0	0	0	0	0.755
GRIN2D	CNIH2	0	0	0	0	0	0	0	0	0	0	0.761
GRIN2D	SHISA9	0	0	0	0	0	0	0	0	0	0	0.767
GRIN2D	CACNG8	0	0	0	0	0	0	0	0	0	0	0.778
GRIN2D	PRNP	0	0	0	0	0	0	0	0	0	0	0.779
GRIN2D	CACNG2	0	0	0	0	0	0	0	0	0	0	0.795
GRIN2D	GRIA3	0	0	0	0	0	0	0	0	0	0	0.799
GRIN2D	GRIA2	0	0	0	0	0	0	0	0	0	0	0.8
GRIN2D	GRIA1	0	0	0	0	0	0	0	0	0	0	0.816
GRIN2D	GRIA4	0	0	0	0	0	0	0	0	0	0	0.864
GRIN2D	DLG4	0	0	0	0	0	0	0	0	0	0	0.976
GRIN2D	GRIN3A	0	0	0	0	0	0	0	0	0	0	0.998
GRIN2D	GRIN2B	0	0	0	0	0	0	0	0	0	0	0.998
GRIN2D	GRIN2A	0	0	0	0	0	0	0	0	0	0	0.998
GRIN2D	GRIN2C	0	0	0	0	0	0	0	0	0	0	0.998
GRIN2D	GRIN1	0	0	0	0	0	0	0	0	0	0	0.999
PIK3CA	CALML4	0	0	0	0	0	0	0	0	0	0	0.517
PIK3CA	CALML3	0	0	0	0	0	0	0	0	0	0	0.518
PIK3CA	SPOP	0	0	0	0	0	0	0	0	0	0	0.523
PIK3CA	DLG1	0	0	0	0	0	0	0	0	0	0	0.569
PIK3CA	PREX2	0	0	0	0	0	0	0	0	0	0	0.58
PIK3CA	GNAQ	0	0	0	0	0	0	0	0	0	0	0.901
PIK3CA	CTNNB1	0	0	0	0	0	0	0	0	0	0	0.901
PIK3CA	PRKCZ	0	0	0	0	0	0	0	0	0	0	0.925
PIK3CA	TP53	0	0	0	0	0	0	0	0	0	0	0.941
PIK3CA	FYN	0	0	0	0	0	0	0	0	0	0	0.951
PIK3CA	PRKCI	0	0	0	0	0	0	0	0	0	0	0.952
PIK3CA	PTK2	0	0	0	0	0	0	0	0	0	0	0.97
PIK3CA	PTEN	0	0	0	0	0	0	0	0	0	0	0.995
PIK3CA	AKT1	0	0	0	0	0	0	0	0	0	0	0.998
PIK3CA	PIK3R1	0	0	0	0	0	0	0	0	0	0	0.999
NRXN2	CACNG2	0	0	0	0	0	0	0	0	0	0	0.408
NRXN2	GRIN1	0	0	0	0	0	0	0	0	0	0	0.436
NRXN2	GRIN2A	0	0	0	0	0	0	0	0	0	0	0.452
NRXN2	DLG1	0	0	0	0	0	0	0	0	0	0	0.457
NRXN2	CAMK2A	0	0	0	0	0	0	0	0	0	0	0.507
NRXN2	GRIN2B	0	0	0	0	0	0	0	0	0	0	0.516
NRXN2	GRIA1	0	0	0	0	0	0	0	0	0	0	0.538
NRXN2	NRXN3	0	0	0	0	0	0	0	0	0	0	0.585
NRXN2	HOMER2	0	0	0	0	0	0	0	0	0	0	0.592
NRXN2	EPB41L1	0	0	0	0	0	0	0	0	0	0	0.599
NRXN2	GRIA2	0	0	0	0	0	0	0	0	0	0	0.607
NRXN2	MDGA1	0	0	0	0	0	0	0	0	0	0	0.612
NRXN2	HOMER3	0	0	0	0	0	0	0	0	0	0	0.619
NRXN2	GRM1	0	0	0	0	0	0	0	0	0	0	0.676
NRXN2	GRIA4	0	0	0	0	0	0	0	0	0	0	0.684
NRXN2	HOMER1	0	0	0	0	0	0	0	0	0	0	0.687
NRXN2	DLG3	0	0	0	0	0	0	0	0	0	0	0.713
NRXN2	GRM5	0	0	0	0	0	0	0	0	0	0	0.713
NRXN2	DLGAP2	0	0	0	0	0	0	0	0	0	0	0.714
NRXN2	DLGAP3	0	0	0	0	0	0	0	0	0	0	0.719
NRXN2	DLG2	0	0	0	0	0	0	0	0	0	0	0.741
NRXN2	DLGAP1	0	0	0	0	0	0	0	0	0	0	0.743
NRXN2	NXPH1	0	0	0	0	0	0	0	0	0	0	0.827
NRXN2	GPHN	0	0	0	0	0	0	0	0	0	0	0.831
NRXN2	SHANK1	0	0	0	0	0	0	0	0	0	0	0.876
NRXN2	SHANK2	0	0	0	0	0	0	0	0	0	0	0.88
NRXN2	SHANK3	0	0	0	0	0	0	0	0	0	0	0.897
NRXN2	NRXN1	0	0	0	0	0	0	0	0	0	0	0.922
NRXN2	DLG4	0	0	0	0	0	0	0	0	0	0	0.987
NRXN2	LRRTM2	0	0	0	0	0	0	0	0	0	0	0.993
NRXN2	DAG1	0	0	0	0	0	0	0	0	0	0	0.997
NRXN2	NLGN2	0	0	0	0	0	0	0	0	0	0	0.999
NRXN2	NLGN1	0	0	0	0	0	0	0	0	0	0	0.999
NRXN2	NLGN3	0	0	0	0	0	0	0	0	0	0	0.999
NRXN2	NLGN4Y	0	0	0	0	0	0	0	0	0	0	0.999
NRXN2	NLGN4X	0	0	0	0	0	0	0	0	0	0	0.999
TP53	GNAQ	0	0	0	0	0	0	0	0	0	0	0.479
TP53	UBE2L3	0	0	0	0	0	0	0	0	0	0	0.5
TP53	CALM3	0	0	0	0	0	0	0	0	0	0	0.508
TP53	UBE2D2	0	0	0	0	0	0	0	0	0	0	0.531
TP53	DLG1	0	0	0	0	0	0	0	0	0	0	0.533
TP53	SPOP	0	0	0	0	0	0	0	0	0	0	0.571
TP53	UBE2D1	0	0	0	0	0	0	0	0	0	0	0.578
TP53	SCRIB	0	0	0	0	0	0	0	0	0	0	0.587
TP53	CALML4	0	0	0	0	0	0	0	0	0	0	0.657
TP53	RAD23A	0	0	0	0	0	0	0	0	0	0	0.657
TP53	CALML3	0	0	0	0	0	0	0	0	0	0	0.657
TP53	FYN	0	0	0	0	0	0	0	0	0	0	0.657
TP53	PRKCI	0	0	0	0	0	0	0	0	0	0	0.661
TP53	DLG4	0	0	0	0	0	0	0	0	0	0	0.734
TP53	PIK3R1	0	0	0	0	0	0	0	0	0	0	0.853
TP53	PSMD4	0	0	0	0	0	0	0	0	0	0	0.88
TP53	CTNNB1	0	0	0	0	0	0	0	0	0	0	0.927
TP53	PTK2	0	0	0	0	0	0	0	0	0	0	0.928
TP53	PRKCZ	0	0	0	0	0	0	0	0	0	0	0.933
TP53	AKT1	0	0	0	0	0	0	0	0	0	0	0.994
TP53	UBE3A	0	0	0	0	0	0	0	0	0	0	0.999
TP53	PTEN	0	0	0	0	0	0	0	0	0	0	0.999
CACNG8	EPB41L1	0	0	0	0	0	0	0	0	0	0	0.46
CACNG8	NLGN1	0	0	0	0	0	0	0	0	0	0	0.514
CACNG8	DLG1	0	0	0	0	0	0	0	0	0	0	0.584
CACNG8	DLG3	0	0	0	0	0	0	0	0	0	0	0.649
CACNG8	GRIN3A	0	0	0	0	0	0	0	0	0	0	0.743
CACNG8	CACNG2	0	0	0	0	0	0	0	0	0	0	0.748
CACNG8	GRIN2C	0	0	0	0	0	0	0	0	0	0	0.761
CACNG8	CAMK2A	0	0	0	0	0	0	0	0	0	0	0.782
CACNG8	GRIN1	0	0	0	0	0	0	0	0	0	0	0.799
CACNG8	GRIN2A	0	0	0	0	0	0	0	0	0	0	0.812
CACNG8	GRIN2B	0	0	0	0	0	0	0	0	0	0	0.822
CACNG8	DLG4	0	0	0	0	0	0	0	0	0	0	0.901
CACNG8	GRIA3	0	0	0	0	0	0	0	0	0	0	0.936
CACNG8	GRIA4	0	0	0	0	0	0	0	0	0	0	0.936
CACNG8	CACNB4	0	0	0	0	0	0	0	0	0	0	0.94
CACNG8	SHISA9	0	0	0	0	0	0	0	0	0	0	0.948
CACNG8	CNIH2	0	0	0	0	0	0	0	0	0	0	0.99
CACNG8	GRIA2	0	0	0	0	0	0	0	0	0	0	0.994
CACNG8	GRIA1	0	0	0	0	0	0	0	0	0	0	0.996
LRRTM2	MDGA1	0	0	0	0	0	0	0	0	0	0	0.419
LRRTM2	GPHN	0	0	0	0	0	0	0	0	0	0	0.464
LRRTM2	NLGN4Y	0	0	0	0	0	0	0	0	0	0	0.474
LRRTM2	GRIA1	0	0	0	0	0	0	0	0	0	0	0.493
LRRTM2	NLGN2	0	0	0	0	0	0	0	0	0	0	0.65
LRRTM2	GRIA2	0	0	0	0	0	0	0	0	0	0	0.681
LRRTM2	NLGN4X	0	0	0	0	0	0	0	0	0	0	0.724
LRRTM2	NLGN3	0	0	0	0	0	0	0	0	0	0	0.725
LRRTM2	NLGN1	0	0	0	0	0	0	0	0	0	0	0.815
LRRTM2	DLG4	0	0	0	0	0	0	0	0	0	0	0.902
LRRTM2	NRXN3	0	0	0	0	0	0	0	0	0	0	0.92
LRRTM2	NRXN1	0	0	0	0	0	0	0	0	0	0	0.997
GRIA4	HOMER1	0	0	0	0	0	0	0	0	0	0	0.42
GRIA4	NXPH1	0	0	0	0	0	0	0	0	0	0	0.421
GRIA4	DLGAP1	0	0	0	0	0	0	0	0	0	0	0.423
GRIA4	SHANK1	0	0	0	0	0	0	0	0	0	0	0.45
GRIA4	NLGN1	0	0	0	0	0	0	0	0	0	0	0.496
GRIA4	SHANK2	0	0	0	0	0	0	0	0	0	0	0.579
GRIA4	DLG3	0	0	0	0	0	0	0	0	0	0	0.646
GRIA4	GRM1	0	0	0	0	0	0	0	0	0	0	0.653
GRIA4	GRM5	0	0	0	0	0	0	0	0	0	0	0.667
GRIA4	NRXN1	0	0	0	0	0	0	0	0	0	0	0.688
GRIA4	DLG2	0	0	0	0	0	0	0	0	0	0	0.698
GRIA4	EPB41L1	0	0	0	0	0	0	0	0	0	0	0.807
GRIA4	CAMK2A	0	0	0	0	0	0	0	0	0	0	0.814
GRIA4	GRIN2C	0	0	0	0	0	0	0	0	0	0	0.824
GRIA4	DLG1	0	0	0	0	0	0	0	0	0	0	0.828
GRIA4	DLG4	0	0	0	0	0	0	0	0	0	0	0.829
GRIA4	GRIN2B	0	0	0	0	0	0	0	0	0	0	0.853
GRIA4	GRIN3A	0	0	0	0	0	0	0	0	0	0	0.878
GRIA4	GRIN1	0	0	0	0	0	0	0	0	0	0	0.886
GRIA4	GRIN2A	0	0	0	0	0	0	0	0	0	0	0.898
GRIA4	SHISA9	0	0	0	0	0	0	0	0	0	0	0.919
GRIA4	CNIH2	0	0	0	0	0	0	0	0	0	0	0.94
GRIA4	CACNG2	0	0	0	0	0	0	0	0	0	0	0.975
GRIA4	GRIA3	0	0	0	0	0	0	0	0	0	0	0.997
GRIA4	GRIA1	0	0	0	0	0	0	0	0	0	0	0.997
GRIA4	GRIA2	0	0	0	0	0	0	0	0	0	0	0.999
GRM1	AKT1	0	0	0	0	0	0	0	0	0	0	0.421
GRM1	CALML4	0	0	0	0	0	0	0	0	0	0	0.427
GRM1	CALML3	0	0	0	0	0	0	0	0	0	0	0.432
GRM1	CALM3	0	0	0	0	0	0	0	0	0	0	0.445
GRM1	FYN	0	0	0	0	0	0	0	0	0	0	0.45
GRM1	DLG1	0	0	0	0	0	0	0	0	0	0	0.46
GRM1	PIK3R1	0	0	0	0	0	0	0	0	0	0	0.48
GRM1	GRIN3A	0	0	0	0	0	0	0	0	0	0	0.537
GRM1	NLGN4Y	0	0	0	0	0	0	0	0	0	0	0.573
GRM1	DLG3	0	0	0	0	0	0	0	0	0	0	0.598
GRM1	GRIA3	0	0	0	0	0	0	0	0	0	0	0.602
GRM1	NLGN2	0	0	0	0	0	0	0	0	0	0	0.61
GRM1	GRIN2C	0	0	0	0	0	0	0	0	0	0	0.616
GRM1	NLGN4X	0	0	0	0	0	0	0	0	0	0	0.624
GRM1	DLGAP2	0	0	0	0	0	0	0	0	0	0	0.628
GRM1	DLG2	0	0	0	0	0	0	0	0	0	0	0.64
GRM1	NLGN3	0	0	0	0	0	0	0	0	0	0	0.648
GRM1	NLGN1	0	0	0	0	0	0	0	0	0	0	0.652
GRM1	GRIN1	0	0	0	0	0	0	0	0	0	0	0.659
GRM1	NRXN3	0	0	0	0	0	0	0	0	0	0	0.687
GRM1	DLGAP3	0	0	0	0	0	0	0	0	0	0	0.688
GRM1	NRXN1	0	0	0	0	0	0	0	0	0	0	0.705
GRM1	SHANK2	0	0	0	0	0	0	0	0	0	0	0.714
GRM1	GRIN2A	0	0	0	0	0	0	0	0	0	0	0.738
GRM1	GRIN2B	0	0	0	0	0	0	0	0	0	0	0.758
GRM1	SHANK3	0	0	0	0	0	0	0	0	0	0	0.788
GRM1	GRIA2	0	0	0	0	0	0	0	0	0	0	0.809
GRM1	GRIA1	0	0	0	0	0	0	0	0	0	0	0.849
GRM1	DLG4	0	0	0	0	0	0	0	0	0	0	0.862
GRM1	SHANK1	0	0	0	0	0	0	0	0	0	0	0.899
GRM1	DLGAP1	0	0	0	0	0	0	0	0	0	0	0.938
GRM1	CAMK2A	0	0	0	0	0	0	0	0	0	0	0.968
GRM1	GRM5	0	0	0	0	0	0	0	0	0	0	0.977
GRM1	HOMER2	0	0	0	0	0	0	0	0	0	0	0.989
GRM1	HOMER3	0	0	0	0	0	0	0	0	0	0	0.99
GRM1	GNAQ	0	0	0	0	0	0	0	0	0	0	0.998
GRM1	HOMER1	0	0	0	0	0	0	0	0	0	0	0.998
GNAQ	CTNNB1	0	0	0	0	0	0	0	0	0	0	0.56
GNAQ	PTEN	0	0	0	0	0	0	0	0	0	0	0.567
GNAQ	CALML4	0	0	0	0	0	0	0	0	0	0	0.57
GNAQ	CALML3	0	0	0	0	0	0	0	0	0	0	0.581
GNAQ	CALM3	0	0	0	0	0	0	0	0	0	0	0.593
GNAQ	AKT1	0	0	0	0	0	0	0	0	0	0	0.775
GNAQ	PIK3R1	0	0	0	0	0	0	0	0	0	0	0.854
GNAQ	ADORA2A	0	0	0	0	0	0	0	0	0	0	0.959
GNAQ	GRM5	0	0	0	0	0	0	0	0	0	0	0.999
PREX2	AKT1	0	0	0	0	0	0	0	0	0	0	0.444
PREX2	PTEN	0	0	0	0	0	0	0	0	0	0	0.99
CALM3	GRIA2	0	0	0	0	0	0	0	0	0	0	0.434
CALM3	PTEN	0	0	0	0	0	0	0	0	0	0	0.451
CALM3	DLG1	0	0	0	0	0	0	0	0	0	0	0.457
CALM3	CACNB4	0	0	0	0	0	0	0	0	0	0	0.463
CALM3	MAST2	0	0	0	0	0	0	0	0	0	0	0.471
CALM3	PIK3R1	0	0	0	0	0	0	0	0	0	0	0.513
CALM3	GRIN3A	0	0	0	0	0	0	0	0	0	0	0.515
CALM3	ADORA2A	0	0	0	0	0	0	0	0	0	0	0.515
CALM3	HOMER2	0	0	0	0	0	0	0	0	0	0	0.517
CALM3	CTNNB1	0	0	0	0	0	0	0	0	0	0	0.528
CALM3	HOMER3	0	0	0	0	0	0	0	0	0	0	0.533
CALM3	GRIA1	0	0	0	0	0	0	0	0	0	0	0.583
CALM3	HOMER1	0	0	0	0	0	0	0	0	0	0	0.63
CALM3	FYN	0	0	0	0	0	0	0	0	0	0	0.685
CALM3	GRM5	0	0	0	0	0	0	0	0	0	0	0.688
CALM3	GRIN2C	0	0	0	0	0	0	0	0	0	0	0.758
CALM3	AKT1	0	0	0	0	0	0	0	0	0	0	0.802
CALM3	GRIN2A	0	0	0	0	0	0	0	0	0	0	0.901
CALM3	GRIN2B	0	0	0	0	0	0	0	0	0	0	0.91
CALM3	DLG4	0	0	0	0	0	0	0	0	0	0	0.989
CALM3	CALML4	0	0	0	0	0	0	0	0	0	0	0.996
CALM3	GRIN1	0	0	0	0	0	0	0	0	0	0	0.996
CALM3	CALML3	0	0	0	0	0	0	0	0	0	0	0.996
CALM3	CAMK2A	0	0	0	0	0	0	0	0	0	0	0.999
GRIN2C	MAGI2	0	0	0	0	0	0	0	0	0	0	0.409
GRIN2C	SHANK1	0	0	0	0	0	0	0	0	0	0	0.416
GRIN2C	GRM5	0	0	0	0	0	0	0	0	0	0	0.621
GRIN2C	DLG1	0	0	0	0	0	0	0	0	0	0	0.681
GRIN2C	SHISA9	0	0	0	0	0	0	0	0	0	0	0.733
GRIN2C	CAMK2A	0	0	0	0	0	0	0	0	0	0	0.735
GRIN2C	CALML3	0	0	0	0	0	0	0	0	0	0	0.741
GRIN2C	CALML4	0	0	0	0	0	0	0	0	0	0	0.741
GRIN2C	CNIH2	0	0	0	0	0	0	0	0	0	0	0.765
GRIN2C	GRIA3	0	0	0	0	0	0	0	0	0	0	0.809
GRIN2C	CACNG2	0	0	0	0	0	0	0	0	0	0	0.817
GRIN2C	DLG2	0	0	0	0	0	0	0	0	0	0	0.818
GRIN2C	GRIA2	0	0	0	0	0	0	0	0	0	0	0.822
GRIN2C	GRIA1	0	0	0	0	0	0	0	0	0	0	0.829
GRIN2C	DLG3	0	0	0	0	0	0	0	0	0	0	0.872
GRIN2C	DLG4	0	0	0	0	0	0	0	0	0	0	0.99
GRIN2C	GRIN2A	0	0	0	0	0	0	0	0	0	0	0.998
GRIN2C	GRIN2B	0	0	0	0	0	0	0	0	0	0	0.998
GRIN2C	GRIN3A	0	0	0	0	0	0	0	0	0	0	0.998
GRIN2C	GRIN1	0	0	0	0	0	0	0	0	0	0	0.999
SHANK1	GPHN	0	0	0	0	0	0	0	0	0	0	0.416
SHANK1	CACNG2	0	0	0	0	0	0	0	0	0	0	0.418
SHANK1	MAGI2	0	0	0	0	0	0	0	0	0	0	0.418
SHANK1	DLG1	0	0	0	0	0	0	0	0	0	0	0.446
SHANK1	CAMK2A	0	0	0	0	0	0	0	0	0	0	0.533
SHANK1	GRIA2	0	0	0	0	0	0	0	0	0	0	0.563
SHANK1	GRIN1	0	0	0	0	0	0	0	0	0	0	0.596
SHANK1	GRIA1	0	0	0	0	0	0	0	0	0	0	0.619
SHANK1	NRXN3	0	0	0	0	0	0	0	0	0	0	0.696
SHANK1	GRIN2A	0	0	0	0	0	0	0	0	0	0	0.742
SHANK1	GRIN2B	0	0	0	0	0	0	0	0	0	0	0.752
SHANK1	NLGN4Y	0	0	0	0	0	0	0	0	0	0	0.76
SHANK1	DLG3	0	0	0	0	0	0	0	0	0	0	0.778
SHANK1	DLGAP2	0	0	0	0	0	0	0	0	0	0	0.841
SHANK1	NLGN2	0	0	0	0	0	0	0	0	0	0	0.868
SHANK1	DLG2	0	0	0	0	0	0	0	0	0	0	0.878
SHANK1	NRXN1	0	0	0	0	0	0	0	0	0	0	0.887
SHANK1	NLGN4X	0	0	0	0	0	0	0	0	0	0	0.894
SHANK1	NLGN3	0	0	0	0	0	0	0	0	0	0	0.904
SHANK1	DLGAP3	0	0	0	0	0	0	0	0	0	0	0.92
SHANK1	NLGN1	0	0	0	0	0	0	0	0	0	0	0.926
SHANK1	HOMER2	0	0	0	0	0	0	0	0	0	0	0.927
SHANK1	GRM5	0	0	0	0	0	0	0	0	0	0	0.939
SHANK1	HOMER3	0	0	0	0	0	0	0	0	0	0	0.966
SHANK1	SHANK2	0	0	0	0	0	0	0	0	0	0	0.968
SHANK1	SHANK3	0	0	0	0	0	0	0	0	0	0	0.982
SHANK1	HOMER1	0	0	0	0	0	0	0	0	0	0	0.984
SHANK1	DLG4	0	0	0	0	0	0	0	0	0	0	0.992
SHANK1	DLGAP1	0	0	0	0	0	0	0	0	0	0	0.996
PRKCI	PIK3R1	0	0	0	0	0	0	0	0	0	0	0.919
PRKCI	PTEN	0	0	0	0	0	0	0	0	0	0	0.933
PRKCI	PRKCZ	0	0	0	0	0	0	0	0	0	0	0.989
PRKCI	LLGL1	0	0	0	0	0	0	0	0	0	0	0.993
PRKCI	LLGL2	0	0	0	0	0	0	0	0	0	0	0.996
GRIA2	DLGAP3	0	0	0	0	0	0	0	0	0	0	0.401
GRIA2	CALML4	0	0	0	0	0	0	0	0	0	0	0.404
GRIA2	PIK3R1	0	0	0	0	0	0	0	0	0	0	0.415
GRIA2	NRXN3	0	0	0	0	0	0	0	0	0	0	0.416
GRIA2	DLGAP2	0	0	0	0	0	0	0	0	0	0	0.422
GRIA2	NLGN4Y	0	0	0	0	0	0	0	0	0	0	0.426
GRIA2	NLGN4X	0	0	0	0	0	0	0	0	0	0	0.485
GRIA2	EPB41L1	0	0	0	0	0	0	0	0	0	0	0.485
GRIA2	NLGN2	0	0	0	0	0	0	0	0	0	0	0.516
GRIA2	GPHN	0	0	0	0	0	0	0	0	0	0	0.52
GRIA2	NLGN3	0	0	0	0	0	0	0	0	0	0	0.535
GRIA2	SHANK3	0	0	0	0	0	0	0	0	0	0	0.573
GRIA2	HOMER1	0	0	0	0	0	0	0	0	0	0	0.596
GRIA2	CTNNB1	0	0	0	0	0	0	0	0	0	0	0.615
GRIA2	SHANK2	0	0	0	0	0	0	0	0	0	0	0.637
GRIA2	NLGN1	0	0	0	0	0	0	0	0	0	0	0.64
GRIA2	NRXN1	0	0	0	0	0	0	0	0	0	0	0.695
GRIA2	DLGAP1	0	0	0	0	0	0	0	0	0	0	0.722
GRIA2	DLG3	0	0	0	0	0	0	0	0	0	0	0.789
GRIA2	DLG1	0	0	0	0	0	0	0	0	0	0	0.809
GRIA2	DLG2	0	0	0	0	0	0	0	0	0	0	0.815
GRIA2	GRIN3A	0	0	0	0	0	0	0	0	0	0	0.845
GRIA2	GRM5	0	0	0	0	0	0	0	0	0	0	0.852
GRIA2	SHISA9	0	0	0	0	0	0	0	0	0	0	0.855
GRIA2	GRIN2B	0	0	0	0	0	0	0	0	0	0	0.885
GRIA2	GRIN1	0	0	0	0	0	0	0	0	0	0	0.901
GRIA2	GRIN2A	0	0	0	0	0	0	0	0	0	0	0.933
GRIA2	DLG4	0	0	0	0	0	0	0	0	0	0	0.968
GRIA2	CAMK2A	0	0	0	0	0	0	0	0	0	0	0.977
GRIA2	CNIH2	0	0	0	0	0	0	0	0	0	0	0.99
GRIA2	CACNG2	0	0	0	0	0	0	0	0	0	0	0.995
GRIA2	GRIA1	0	0	0	0	0	0	0	0	0	0	0.999
GRIA2	GRIA3	0	0	0	0	0	0	0	0	0	0	0.999
CACNG2	NLGN1	0	0	0	0	0	0	0	0	0	0	0.413
CACNG2	NRXN1	0	0	0	0	0	0	0	0	0	0	0.435
CACNG2	HOMER1	0	0	0	0	0	0	0	0	0	0	0.446
CACNG2	EPB41L1	0	0	0	0	0	0	0	0	0	0	0.67
CACNG2	DLGAP1	0	0	0	0	0	0	0	0	0	0	0.751
CACNG2	DLG2	0	0	0	0	0	0	0	0	0	0	0.783
CACNG2	CAMK2A	0	0	0	0	0	0	0	0	0	0	0.808
CACNG2	GRIN3A	0	0	0	0	0	0	0	0	0	0	0.852
CACNG2	GRIN2A	0	0	0	0	0	0	0	0	0	0	0.88
CACNG2	GRIN2B	0	0	0	0	0	0	0	0	0	0	0.893
CACNG2	GRIN1	0	0	0	0	0	0	0	0	0	0	0.894
CACNG2	DLG3	0	0	0	0	0	0	0	0	0	0	0.9
CACNG2	CNIH2	0	0	0	0	0	0	0	0	0	0	0.906
CACNG2	MAGI2	0	0	0	0	0	0	0	0	0	0	0.915
CACNG2	DLG1	0	0	0	0	0	0	0	0	0	0	0.941
CACNG2	CACNB4	0	0	0	0	0	0	0	0	0	0	0.951
CACNG2	SHISA9	0	0	0	0	0	0	0	0	0	0	0.973
CACNG2	GRIA3	0	0	0	0	0	0	0	0	0	0	0.984
CACNG2	DLG4	0	0	0	0	0	0	0	0	0	0	0.999
CACNG2	GRIA1	0	0	0	0	0	0	0	0	0	0	0.999
NLGN2	CAMK2A	0	0	0	0	0	0	0	0	0	0	0.411
NLGN2	NXPH1	0	0	0	0	0	0	0	0	0	0	0.414
NLGN2	DLG1	0	0	0	0	0	0	0	0	0	0	0.44
NLGN2	PTEN	0	0	0	0	0	0	0	0	0	0	0.455
NLGN2	GRIN1	0	0	0	0	0	0	0	0	0	0	0.469
NLGN2	PRNP	0	0	0	0	0	0	0	0	0	0	0.485
NLGN2	GRIN2B	0	0	0	0	0	0	0	0	0	0	0.496
NLGN2	CTNNB1	0	0	0	0	0	0	0	0	0	0	0.499
NLGN2	GRIN2A	0	0	0	0	0	0	0	0	0	0	0.521
NLGN2	NLGN4Y	0	0	0	0	0	0	0	0	0	0	0.525
NLGN2	GRIA1	0	0	0	0	0	0	0	0	0	0	0.532
NLGN2	DAG1	0	0	0	0	0	0	0	0	0	0	0.59
NLGN2	EPB41L1	0	0	0	0	0	0	0	0	0	0	0.624
NLGN2	HOMER2	0	0	0	0	0	0	0	0	0	0	0.647
NLGN2	GRM5	0	0	0	0	0	0	0	0	0	0	0.668
NLGN2	NLGN3	0	0	0	0	0	0	0	0	0	0	0.683
NLGN2	HOMER3	0	0	0	0	0	0	0	0	0	0	0.697
NLGN2	HOMER1	0	0	0	0	0	0	0	0	0	0	0.699
NLGN2	NLGN4X	0	0	0	0	0	0	0	0	0	0	0.704
NLGN2	NLGN1	0	0	0	0	0	0	0	0	0	0	0.704
NLGN2	DLGAP3	0	0	0	0	0	0	0	0	0	0	0.709
NLGN2	DLGAP2	0	0	0	0	0	0	0	0	0	0	0.715
NLGN2	DLG2	0	0	0	0	0	0	0	0	0	0	0.784
NLGN2	MAGI2	0	0	0	0	0	0	0	0	0	0	0.813
NLGN2	DLGAP1	0	0	0	0	0	0	0	0	0	0	0.844
NLGN2	SHANK2	0	0	0	0	0	0	0	0	0	0	0.868
NLGN2	DLG3	0	0	0	0	0	0	0	0	0	0	0.883
NLGN2	SHANK3	0	0	0	0	0	0	0	0	0	0	0.935
NLGN2	GPHN	0	0	0	0	0	0	0	0	0	0	0.968
NLGN2	NRXN3	0	0	0	0	0	0	0	0	0	0	0.978
NLGN2	MDGA1	0	0	0	0	0	0	0	0	0	0	0.994
NLGN2	DLG4	0	0	0	0	0	0	0	0	0	0	0.998
NLGN2	NRXN1	0	0	0	0	0	0	0	0	0	0	0.999
HOMER2	GRIA1	0	0	0	0	0	0	0	0	0	0	0.4
HOMER2	GRIN1	0	0	0	0	0	0	0	0	0	0	0.42
HOMER2	GRIN2A	0	0	0	0	0	0	0	0	0	0	0.478
HOMER2	GRIN2B	0	0	0	0	0	0	0	0	0	0	0.502
HOMER2	CALML4	0	0	0	0	0	0	0	0	0	0	0.507
HOMER2	CALML3	0	0	0	0	0	0	0	0	0	0	0.518
HOMER2	NLGN4X	0	0	0	0	0	0	0	0	0	0	0.596
HOMER2	NRXN1	0	0	0	0	0	0	0	0	0	0	0.605
HOMER2	NLGN4Y	0	0	0	0	0	0	0	0	0	0	0.607
HOMER2	DLG2	0	0	0	0	0	0	0	0	0	0	0.61
HOMER2	DLG3	0	0	0	0	0	0	0	0	0	0	0.613
HOMER2	NLGN1	0	0	0	0	0	0	0	0	0	0	0.618
HOMER2	DLGAP2	0	0	0	0	0	0	0	0	0	0	0.637
HOMER2	AKT1	0	0	0	0	0	0	0	0	0	0	0.638
HOMER2	NLGN3	0	0	0	0	0	0	0	0	0	0	0.641
HOMER2	DLGAP3	0	0	0	0	0	0	0	0	0	0	0.666
HOMER2	NRXN3	0	0	0	0	0	0	0	0	0	0	0.691
HOMER2	SHANK3	0	0	0	0	0	0	0	0	0	0	0.758
HOMER2	DLG4	0	0	0	0	0	0	0	0	0	0	0.779
HOMER2	SHANK2	0	0	0	0	0	0	0	0	0	0	0.782
HOMER2	DLGAP1	0	0	0	0	0	0	0	0	0	0	0.857
HOMER2	GRM5	0	0	0	0	0	0	0	0	0	0	0.965
HOMER2	HOMER3	0	0	0	0	0	0	0	0	0	0	0.99
HOMER2	HOMER1	0	0	0	0	0	0	0	0	0	0	0.991
GRM5	AKT1	0	0	0	0	0	0	0	0	0	0	0.44
GRM5	FYN	0	0	0	0	0	0	0	0	0	0	0.471
GRM5	CALML4	0	0	0	0	0	0	0	0	0	0	0.49
GRM5	CALML3	0	0	0	0	0	0	0	0	0	0	0.493
GRM5	PRKCZ	0	0	0	0	0	0	0	0	0	0	0.515
GRM5	NXPH1	0	0	0	0	0	0	0	0	0	0	0.54
GRM5	GPHN	0	0	0	0	0	0	0	0	0	0	0.545
GRM5	EPB41L1	0	0	0	0	0	0	0	0	0	0	0.547
GRM5	NLGN4Y	0	0	0	0	0	0	0	0	0	0	0.611
GRM5	DLG3	0	0	0	0	0	0	0	0	0	0	0.642
GRM5	DLGAP2	0	0	0	0	0	0	0	0	0	0	0.686
GRM5	NLGN4X	0	0	0	0	0	0	0	0	0	0	0.696
GRM5	GRIN3A	0	0	0	0	0	0	0	0	0	0	0.699
GRM5	DLG2	0	0	0	0	0	0	0	0	0	0	0.702
GRM5	NLGN1	0	0	0	0	0	0	0	0	0	0	0.716
GRM5	NRXN3	0	0	0	0	0	0	0	0	0	0	0.724
GRM5	NLGN3	0	0	0	0	0	0	0	0	0	0	0.735
GRM5	NRXN1	0	0	0	0	0	0	0	0	0	0	0.766
GRM5	GRIA3	0	0	0	0	0	0	0	0	0	0	0.782
GRM5	DLGAP3	0	0	0	0	0	0	0	0	0	0	0.786
GRM5	GRIN1	0	0	0	0	0	0	0	0	0	0	0.792
GRM5	GRIN2A	0	0	0	0	0	0	0	0	0	0	0.841
GRM5	GRIN2B	0	0	0	0	0	0	0	0	0	0	0.842
GRM5	SHANK2	0	0	0	0	0	0	0	0	0	0	0.869
GRM5	SHANK3	0	0	0	0	0	0	0	0	0	0	0.88
GRM5	DLG4	0	0	0	0	0	0	0	0	0	0	0.902
GRM5	DLGAP1	0	0	0	0	0	0	0	0	0	0	0.915
GRM5	GRIA1	0	0	0	0	0	0	0	0	0	0	0.916
GRM5	HOMER3	0	0	0	0	0	0	0	0	0	0	0.929
GRM5	PRNP	0	0	0	0	0	0	0	0	0	0	0.953
GRM5	CAMK2A	0	0	0	0	0	0	0	0	0	0	0.975
GRM5	ADORA2A	0	0	0	0	0	0	0	0	0	0	0.976
GRM5	HOMER1	0	0	0	0	0	0	0	0	0	0	0.999
CNIH2	DLG3	0	0	0	0	0	0	0	0	0	0	0.552
CNIH2	GRIN3A	0	0	0	0	0	0	0	0	0	0	0.763
CNIH2	GRIN2B	0	0	0	0	0	0	0	0	0	0	0.774
CNIH2	GRIN2A	0	0	0	0	0	0	0	0	0	0	0.784
CNIH2	GRIN1	0	0	0	0	0	0	0	0	0	0	0.796
CNIH2	DLG4	0	0	0	0	0	0	0	0	0	0	0.856
CNIH2	SHISA9	0	0	0	0	0	0	0	0	0	0	0.949
CNIH2	GRIA3	0	0	0	0	0	0	0	0	0	0	0.97
CNIH2	GRIA1	0	0	0	0	0	0	0	0	0	0	0.995
CALML3	PTEN	0	0	0	0	0	0	0	0	0	0	0.437
CALML3	ADORA2A	0	0	0	0	0	0	0	0	0	0	0.455
CALML3	DLG1	0	0	0	0	0	0	0	0	0	0	0.456
CALML3	HOMER3	0	0	0	0	0	0	0	0	0	0	0.532
CALML3	GRIA1	0	0	0	0	0	0	0	0	0	0	0.581
CALML3	HOMER1	0	0	0	0	0	0	0	0	0	0	0.625
CALML3	CTNNB1	0	0	0	0	0	0	0	0	0	0	0.628
CALML3	FYN	0	0	0	0	0	0	0	0	0	0	0.682
CALML3	AKT1	0	0	0	0	0	0	0	0	0	0	0.719
CALML3	DLG4	0	0	0	0	0	0	0	0	0	0	0.891
CALML3	GRIN2A	0	0	0	0	0	0	0	0	0	0	0.895
CALML3	GRIN2B	0	0	0	0	0	0	0	0	0	0	0.927
CALML3	GRIN1	0	0	0	0	0	0	0	0	0	0	0.96
CALML3	CALML4	0	0	0	0	0	0	0	0	0	0	0.963
CALML3	CAMK2A	0	0	0	0	0	0	0	0	0	0	0.999
DLGAP1	GRIN1	0	0	0	0	0	0	0	0	0	0	0.57
DLGAP1	NRXN3	0	0	0	0	0	0	0	0	0	0	0.659
DLGAP1	CAMK2A	0	0	0	0	0	0	0	0	0	0	0.703
DLGAP1	DLGAP2	0	0	0	0	0	0	0	0	0	0	0.704
DLGAP1	DLGAP3	0	0	0	0	0	0	0	0	0	0	0.724
DLGAP1	MAGI2	0	0	0	0	0	0	0	0	0	0	0.732
DLGAP1	NRXN1	0	0	0	0	0	0	0	0	0	0	0.774
DLGAP1	NLGN4Y	0	0	0	0	0	0	0	0	0	0	0.843
DLGAP1	GRIA1	0	0	0	0	0	0	0	0	0	0	0.852
DLGAP1	NLGN3	0	0	0	0	0	0	0	0	0	0	0.855
DLGAP1	NLGN4X	0	0	0	0	0	0	0	0	0	0	0.861
DLGAP1	GRIN2A	0	0	0	0	0	0	0	0	0	0	0.885
DLGAP1	DLG3	0	0	0	0	0	0	0	0	0	0	0.887
DLGAP1	DLG2	0	0	0	0	0	0	0	0	0	0	0.89
DLGAP1	GRIN2B	0	0	0	0	0	0	0	0	0	0	0.9
DLGAP1	NLGN1	0	0	0	0	0	0	0	0	0	0	0.927
DLGAP1	HOMER3	0	0	0	0	0	0	0	0	0	0	0.943
DLGAP1	DLG1	0	0	0	0	0	0	0	0	0	0	0.952
DLGAP1	SHANK2	0	0	0	0	0	0	0	0	0	0	0.981
DLGAP1	HOMER1	0	0	0	0	0	0	0	0	0	0	0.986
DLGAP1	SHANK3	0	0	0	0	0	0	0	0	0	0	0.997
DLGAP1	DLG4	0	0	0	0	0	0	0	0	0	0	0.999
LLGL1	FYN	0	0	0	0	0	0	0	0	0	0	0.406
LLGL1	DLG2	0	0	0	0	0	0	0	0	0	0	0.84
LLGL1	UBE3A	0	0	0	0	0	0	0	0	0	0	0.905
LLGL1	DLG3	0	0	0	0	0	0	0	0	0	0	0.939
LLGL1	SCRIB	0	0	0	0	0	0	0	0	0	0	0.964
LLGL1	DLG1	0	0	0	0	0	0	0	0	0	0	0.975
LLGL1	DLG4	0	0	0	0	0	0	0	0	0	0	0.983
LLGL1	LLGL2	0	0	0	0	0	0	0	0	0	0	0.993
LLGL1	PRKCZ	0	0	0	0	0	0	0	0	0	0	0.995
GRIN2A	NLGN4X	0	0	0	0	0	0	0	0	0	0	0.471
GRIN2A	NLGN3	0	0	0	0	0	0	0	0	0	0	0.472
GRIN2A	GPHN	0	0	0	0	0	0	0	0	0	0	0.482
GRIN2A	CACNB4	0	0	0	0	0	0	0	0	0	0	0.54
GRIN2A	NLGN1	0	0	0	0	0	0	0	0	0	0	0.554
GRIN2A	SHANK2	0	0	0	0	0	0	0	0	0	0	0.555
GRIN2A	DLGAP3	0	0	0	0	0	0	0	0	0	0	0.574
GRIN2A	MAGI2	0	0	0	0	0	0	0	0	0	0	0.575
GRIN2A	DLGAP2	0	0	0	0	0	0	0	0	0	0	0.577
GRIN2A	NRXN1	0	0	0	0	0	0	0	0	0	0	0.617
GRIN2A	SHANK3	0	0	0	0	0	0	0	0	0	0	0.638
GRIN2A	AKT1	0	0	0	0	0	0	0	0	0	0	0.659
GRIN2A	HOMER1	0	0	0	0	0	0	0	0	0	0	0.768
GRIN2A	SHISA9	0	0	0	0	0	0	0	0	0	0	0.786
GRIN2A	GRIA3	0	0	0	0	0	0	0	0	0	0	0.886
GRIN2A	CALML4	0	0	0	0	0	0	0	0	0	0	0.897
GRIN2A	GRIA1	0	0	0	0	0	0	0	0	0	0	0.926
GRIN2A	CAMK2A	0	0	0	0	0	0	0	0	0	0	0.968
GRIN2A	DLG1	0	0	0	0	0	0	0	0	0	0	0.979
GRIN2A	FYN	0	0	0	0	0	0	0	0	0	0	0.981
GRIN2A	DLG2	0	0	0	0	0	0	0	0	0	0	0.997
GRIN2A	DLG3	0	0	0	0	0	0	0	0	0	0	0.998
GRIN2A	GRIN1	0	0	0	0	0	0	0	0	0	0	0.999
GRIN2A	GRIN2B	0	0	0	0	0	0	0	0	0	0	0.999
GRIN2A	GRIN3A	0	0	0	0	0	0	0	0	0	0	0.999
GRIN2A	DLG4	0	0	0	0	0	0	0	0	0	0	0.999
HOMER1	GRIA3	0	0	0	0	0	0	0	0	0	0	0.43
HOMER1	PRNP	0	0	0	0	0	0	0	0	0	0	0.521
HOMER1	DLG1	0	0	0	0	0	0	0	0	0	0	0.553
HOMER1	NRXN3	0	0	0	0	0	0	0	0	0	0	0.608
HOMER1	CALML4	0	0	0	0	0	0	0	0	0	0	0.618
HOMER1	GRIN1	0	0	0	0	0	0	0	0	0	0	0.641
HOMER1	NLGN4Y	0	0	0	0	0	0	0	0	0	0	0.649
HOMER1	GRIN2B	0	0	0	0	0	0	0	0	0	0	0.675
HOMER1	NLGN4X	0	0	0	0	0	0	0	0	0	0	0.69
HOMER1	NRXN1	0	0	0	0	0	0	0	0	0	0	0.706
HOMER1	DLG3	0	0	0	0	0	0	0	0	0	0	0.707
HOMER1	NLGN3	0	0	0	0	0	0	0	0	0	0	0.721
HOMER1	NLGN1	0	0	0	0	0	0	0	0	0	0	0.726
HOMER1	GPHN	0	0	0	0	0	0	0	0	0	0	0.733
HOMER1	DLGAP2	0	0	0	0	0	0	0	0	0	0	0.734
HOMER1	CAMK2A	0	0	0	0	0	0	0	0	0	0	0.735
HOMER1	EPB41L1	0	0	0	0	0	0	0	0	0	0	0.747
HOMER1	DLGAP3	0	0	0	0	0	0	0	0	0	0	0.816
HOMER1	DLG2	0	0	0	0	0	0	0	0	0	0	0.821
HOMER1	GRIA1	0	0	0	0	0	0	0	0	0	0	0.873
HOMER1	SHANK2	0	0	0	0	0	0	0	0	0	0	0.937
HOMER1	SHANK3	0	0	0	0	0	0	0	0	0	0	0.957
HOMER1	DLG4	0	0	0	0	0	0	0	0	0	0	0.988
HOMER1	HOMER3	0	0	0	0	0	0	0	0	0	0	0.993
EPB41L1	DLG3	0	0	0	0	0	0	0	0	0	0	0.471
EPB41L1	NRXN3	0	0	0	0	0	0	0	0	0	0	0.528
EPB41L1	NLGN3	0	0	0	0	0	0	0	0	0	0	0.543
EPB41L1	NLGN4Y	0	0	0	0	0	0	0	0	0	0	0.547
EPB41L1	CAMK2A	0	0	0	0	0	0	0	0	0	0	0.571
EPB41L1	NLGN4X	0	0	0	0	0	0	0	0	0	0	0.578
EPB41L1	NRXN1	0	0	0	0	0	0	0	0	0	0	0.592
EPB41L1	NLGN1	0	0	0	0	0	0	0	0	0	0	0.639
EPB41L1	GRIA3	0	0	0	0	0	0	0	0	0	0	0.66
EPB41L1	DLG4	0	0	0	0	0	0	0	0	0	0	0.793
EPB41L1	DLG1	0	0	0	0	0	0	0	0	0	0	0.815
EPB41L1	GRIA1	0	0	0	0	0	0	0	0	0	0	0.997
PTK2	DAG1	0	0	0	0	0	0	0	0	0	0	0.434
PTK2	CTNNB1	0	0	0	0	0	0	0	0	0	0	0.802
PTK2	AKT1	0	0	0	0	0	0	0	0	0	0	0.879
PTK2	PIK3R1	0	0	0	0	0	0	0	0	0	0	0.988
PTK2	PTEN	0	0	0	0	0	0	0	0	0	0	0.995
PTK2	FYN	0	0	0	0	0	0	0	0	0	0	0.998
SHANK2	MAGI2	0	0	0	0	0	0	0	0	0	0	0.413
SHANK2	DLG1	0	0	0	0	0	0	0	0	0	0	0.416
SHANK2	CAMK2A	0	0	0	0	0	0	0	0	0	0	0.442
SHANK2	GRIN1	0	0	0	0	0	0	0	0	0	0	0.475
SHANK2	UBE3A	0	0	0	0	0	0	0	0	0	0	0.486
SHANK2	GPHN	0	0	0	0	0	0	0	0	0	0	0.486
SHANK2	AKT1	0	0	0	0	0	0	0	0	0	0	0.539
SHANK2	GRIN3A	0	0	0	0	0	0	0	0	0	0	0.575
SHANK2	GRIN2B	0	0	0	0	0	0	0	0	0	0	0.628
SHANK2	NRXN3	0	0	0	0	0	0	0	0	0	0	0.725
SHANK2	DLG3	0	0	0	0	0	0	0	0	0	0	0.744
SHANK2	GRIA1	0	0	0	0	0	0	0	0	0	0	0.75
SHANK2	HOMER3	0	0	0	0	0	0	0	0	0	0	0.799
SHANK2	DLG2	0	0	0	0	0	0	0	0	0	0	0.811
SHANK2	NLGN4Y	0	0	0	0	0	0	0	0	0	0	0.85
SHANK2	NRXN1	0	0	0	0	0	0	0	0	0	0	0.914
SHANK2	NLGN1	0	0	0	0	0	0	0	0	0	0	0.914
SHANK2	DLGAP3	0	0	0	0	0	0	0	0	0	0	0.917
SHANK2	NLGN3	0	0	0	0	0	0	0	0	0	0	0.958
SHANK2	NLGN4X	0	0	0	0	0	0	0	0	0	0	0.964
SHANK2	DLGAP2	0	0	0	0	0	0	0	0	0	0	0.969
SHANK2	SHANK3	0	0	0	0	0	0	0	0	0	0	0.98
SHANK2	DLG4	0	0	0	0	0	0	0	0	0	0	0.993
DLG1	NLGN4Y	0	0	0	0	0	0	0	0	0	0	0.402
DLG1	NLGN4X	0	0	0	0	0	0	0	0	0	0	0.414
DLG1	NLGN3	0	0	0	0	0	0	0	0	0	0	0.436
DLG1	CALML4	0	0	0	0	0	0	0	0	0	0	0.457
DLG1	NRXN1	0	0	0	0	0	0	0	0	0	0	0.472
DLG1	NLGN1	0	0	0	0	0	0	0	0	0	0	0.483
DLG1	MAST2	0	0	0	0	0	0	0	0	0	0	0.531
DLG1	MAGI2	0	0	0	0	0	0	0	0	0	0	0.579
DLG1	SHANK3	0	0	0	0	0	0	0	0	0	0	0.587
DLG1	GRIA3	0	0	0	0	0	0	0	0	0	0	0.697
DLG1	DLGAP2	0	0	0	0	0	0	0	0	0	0	0.714
DLG1	CAMK2A	0	0	0	0	0	0	0	0	0	0	0.721
DLG1	CTNNB1	0	0	0	0	0	0	0	0	0	0	0.786
DLG1	GRIN1	0	0	0	0	0	0	0	0	0	0	0.878
DLG1	LLGL2	0	0	0	0	0	0	0	0	0	0	0.916
DLG1	SCRIB	0	0	0	0	0	0	0	0	0	0	0.917
DLG1	DLG4	0	0	0	0	0	0	0	0	0	0	0.956
DLG1	DLG2	0	0	0	0	0	0	0	0	0	0	0.962
DLG1	UBE3A	0	0	0	0	0	0	0	0	0	0	0.974
DLG1	DLG3	0	0	0	0	0	0	0	0	0	0	0.974
DLG1	GRIN2B	0	0	0	0	0	0	0	0	0	0	0.992
DLG1	PTEN	0	0	0	0	0	0	0	0	0	0	0.996
DLG1	GRIA1	0	0	0	0	0	0	0	0	0	0	0.999
MAGI2	GRIA1	0	0	0	0	0	0	0	0	0	0	0.408
MAGI2	DLGAP2	0	0	0	0	0	0	0	0	0	0	0.42
MAGI2	NRXN1	0	0	0	0	0	0	0	0	0	0	0.461
MAGI2	GRIN2B	0	0	0	0	0	0	0	0	0	0	0.595
MAGI2	DLG4	0	0	0	0	0	0	0	0	0	0	0.616
MAGI2	DLGAP3	0	0	0	0	0	0	0	0	0	0	0.633
MAGI2	DAG1	0	0	0	0	0	0	0	0	0	0	0.669
MAGI2	NLGN4Y	0	0	0	0	0	0	0	0	0	0	0.743
MAGI2	NLGN4X	0	0	0	0	0	0	0	0	0	0	0.763
MAGI2	NLGN3	0	0	0	0	0	0	0	0	0	0	0.779
MAGI2	MAST2	0	0	0	0	0	0	0	0	0	0	0.84
MAGI2	NLGN1	0	0	0	0	0	0	0	0	0	0	0.893
MAGI2	CTNNB1	0	0	0	0	0	0	0	0	0	0	0.986
MAGI2	PTEN	0	0	0	0	0	0	0	0	0	0	0.998
FYN	GRIA1	0	0	0	0	0	0	0	0	0	0	0.451
FYN	DAG1	0	0	0	0	0	0	0	0	0	0	0.484
FYN	PTEN	0	0	0	0	0	0	0	0	0	0	0.657
FYN	CALML4	0	0	0	0	0	0	0	0	0	0	0.679
FYN	DLG3	0	0	0	0	0	0	0	0	0	0	0.705
FYN	GRIN1	0	0	0	0	0	0	0	0	0	0	0.743
FYN	DLG2	0	0	0	0	0	0	0	0	0	0	0.766
FYN	AKT1	0	0	0	0	0	0	0	0	0	0	0.834
FYN	CTNNB1	0	0	0	0	0	0	0	0	0	0	0.986
FYN	PIK3R1	0	0	0	0	0	0	0	0	0	0	0.988
FYN	PRNP	0	0	0	0	0	0	0	0	0	0	0.99
FYN	GRIN2B	0	0	0	0	0	0	0	0	0	0	0.993
FYN	DLG4	0	0	0	0	0	0	0	0	0	0	0.996
NLGN4Y	GRIA1	0	0	0	0	0	0	0	0	0	0	0.412
NLGN4Y	GRIN2B	0	0	0	0	0	0	0	0	0	0	0.448
NLGN4Y	PTEN	0	0	0	0	0	0	0	0	0	0	0.464
NLGN4Y	GPHN	0	0	0	0	0	0	0	0	0	0	0.478
NLGN4Y	PRNP	0	0	0	0	0	0	0	0	0	0	0.487
NLGN4Y	CTNNB1	0	0	0	0	0	0	0	0	0	0	0.498
NLGN4Y	MDGA1	0	0	0	0	0	0	0	0	0	0	0.505
NLGN4Y	NLGN4X	0	0	0	0	0	0	0	0	0	0	0.519
NLGN4Y	NLGN1	0	0	0	0	0	0	0	0	0	0	0.523
NLGN4Y	HOMER3	0	0	0	0	0	0	0	0	0	0	0.608
NLGN4Y	DLGAP3	0	0	0	0	0	0	0	0	0	0	0.66
NLGN4Y	DLGAP2	0	0	0	0	0	0	0	0	0	0	0.669
NLGN4Y	DLG2	0	0	0	0	0	0	0	0	0	0	0.696
NLGN4Y	NLGN3	0	0	0	0	0	0	0	0	0	0	0.697
NLGN4Y	NRXN3	0	0	0	0	0	0	0	0	0	0	0.827
NLGN4Y	DLG3	0	0	0	0	0	0	0	0	0	0	0.848
NLGN4Y	SHANK3	0	0	0	0	0	0	0	0	0	0	0.899
NLGN4Y	DLG4	0	0	0	0	0	0	0	0	0	0	0.986
NLGN4Y	NRXN1	0	0	0	0	0	0	0	0	0	0	0.999
SCRIB	GRIN2B	0	0	0	0	0	0	0	0	0	0	0.494
SCRIB	PRKCZ	0	0	0	0	0	0	0	0	0	0	0.657
SCRIB	AKT1	0	0	0	0	0	0	0	0	0	0	0.712
SCRIB	PTEN	0	0	0	0	0	0	0	0	0	0	0.834
SCRIB	DLG2	0	0	0	0	0	0	0	0	0	0	0.856
SCRIB	CTNNB1	0	0	0	0	0	0	0	0	0	0	0.88
SCRIB	DLG3	0	0	0	0	0	0	0	0	0	0	0.908
SCRIB	DLG4	0	0	0	0	0	0	0	0	0	0	0.921
SCRIB	LLGL2	0	0	0	0	0	0	0	0	0	0	0.959
SCRIB	UBE3A	0	0	0	0	0	0	0	0	0	0	0.98
NLGN3	NXPH1	0	0	0	0	0	0	0	0	0	0	0.418
NLGN3	GRIN1	0	0	0	0	0	0	0	0	0	0	0.446
NLGN3	PRNP	0	0	0	0	0	0	0	0	0	0	0.48
NLGN3	CTNNB1	0	0	0	0	0	0	0	0	0	0	0.513
NLGN3	GRIA1	0	0	0	0	0	0	0	0	0	0	0.536
NLGN3	GRIN2B	0	0	0	0	0	0	0	0	0	0	0.573
NLGN3	PTEN	0	0	0	0	0	0	0	0	0	0	0.591
NLGN3	GPHN	0	0	0	0	0	0	0	0	0	0	0.648
NLGN3	HOMER3	0	0	0	0	0	0	0	0	0	0	0.65
NLGN3	UBE3A	0	0	0	0	0	0	0	0	0	0	0.667
NLGN3	MDGA1	0	0	0	0	0	0	0	0	0	0	0.686
NLGN3	DLGAP3	0	0	0	0	0	0	0	0	0	0	0.763
NLGN3	DLG2	0	0	0	0	0	0	0	0	0	0	0.776
NLGN3	NLGN4X	0	0	0	0	0	0	0	0	0	0	0.796
NLGN3	NLGN1	0	0	0	0	0	0	0	0	0	0	0.799
NLGN3	DLGAP2	0	0	0	0	0	0	0	0	0	0	0.839
NLGN3	DLG3	0	0	0	0	0	0	0	0	0	0	0.885
NLGN3	NRXN3	0	0	0	0	0	0	0	0	0	0	0.94
NLGN3	SHANK3	0	0	0	0	0	0	0	0	0	0	0.993
NLGN3	DLG4	0	0	0	0	0	0	0	0	0	0	0.995
NLGN3	NRXN1	0	0	0	0	0	0	0	0	0	0	0.999
MAST2	PTEN	0	0	0	0	0	0	0	0	0	0	0.993
GRIN3A	DLG3	0	0	0	0	0	0	0	0	0	0	0.68
GRIN3A	SHISA9	0	0	0	0	0	0	0	0	0	0	0.784
GRIN3A	GRIA3	0	0	0	0	0	0	0	0	0	0	0.802
GRIN3A	GRIA1	0	0	0	0	0	0	0	0	0	0	0.815
GRIN3A	DLG4	0	0	0	0	0	0	0	0	0	0	0.966
GRIN3A	GRIN1	0	0	0	0	0	0	0	0	0	0	0.999
GRIN3A	GRIN2B	0	0	0	0	0	0	0	0	0	0	0.999
PSMD4	SPOP	0	0	0	0	0	0	0	0	0	0	0.425
PSMD4	UBE2L3	0	0	0	0	0	0	0	0	0	0	0.434
PSMD4	UBE2D2	0	0	0	0	0	0	0	0	0	0	0.501
PSMD4	PTEN	0	0	0	0	0	0	0	0	0	0	0.606
PSMD4	UBE2D1	0	0	0	0	0	0	0	0	0	0	0.668
PSMD4	PRNP	0	0	0	0	0	0	0	0	0	0	0.68
PSMD4	UBE3A	0	0	0	0	0	0	0	0	0	0	0.994
PSMD4	RAD23A	0	0	0	0	0	0	0	0	0	0	0.999
GRIN1	NLGN4X	0	0	0	0	0	0	0	0	0	0	0.422
GRIN1	DLGAP2	0	0	0	0	0	0	0	0	0	0	0.442
GRIN1	GPHN	0	0	0	0	0	0	0	0	0	0	0.446
GRIN1	NRXN1	0	0	0	0	0	0	0	0	0	0	0.449
GRIN1	DLGAP3	0	0	0	0	0	0	0	0	0	0	0.507
GRIN1	SHANK3	0	0	0	0	0	0	0	0	0	0	0.568
GRIN1	NLGN1	0	0	0	0	0	0	0	0	0	0	0.611
GRIN1	SHISA9	0	0	0	0	0	0	0	0	0	0	0.75
GRIN1	DLG2	0	0	0	0	0	0	0	0	0	0	0.761
GRIN1	GRIA3	0	0	0	0	0	0	0	0	0	0	0.877
GRIN1	DLG3	0	0	0	0	0	0	0	0	0	0	0.879
GRIN1	GRIA1	0	0	0	0	0	0	0	0	0	0	0.907
GRIN1	CAMK2A	0	0	0	0	0	0	0	0	0	0	0.911
GRIN1	CALML4	0	0	0	0	0	0	0	0	0	0	0.964
GRIN1	DLG4	0	0	0	0	0	0	0	0	0	0	0.998
GRIN1	GRIN2B	0	0	0	0	0	0	0	0	0	0	0.999
PTEN	UBE2D2	0	0	0	0	0	0	0	0	0	0	0.407
PTEN	CALML4	0	0	0	0	0	0	0	0	0	0	0.413
PTEN	SHANK3	0	0	0	0	0	0	0	0	0	0	0.483
PTEN	NLGN1	0	0	0	0	0	0	0	0	0	0	0.496
PTEN	GRIN2B	0	0	0	0	0	0	0	0	0	0	0.547
PTEN	NLGN4X	0	0	0	0	0	0	0	0	0	0	0.556
PTEN	UBE2L3	0	0	0	0	0	0	0	0	0	0	0.571
PTEN	DLG4	0	0	0	0	0	0	0	0	0	0	0.745
PTEN	CTNNB1	0	0	0	0	0	0	0	0	0	0	0.943
PTEN	PRKCZ	0	0	0	0	0	0	0	0	0	0	0.958
PTEN	UBE3A	0	0	0	0	0	0	0	0	0	0	0.96
PTEN	AKT1	0	0	0	0	0	0	0	0	0	0	0.988
PTEN	SPOP	0	0	0	0	0	0	0	0	0	0	0.99
PTEN	PIK3R1	0	0	0	0	0	0	0	0	0	0	0.997
DLGAP3	CAMK2A	0	0	0	0	0	0	0	0	0	0	0.451
DLGAP3	GRIA1	0	0	0	0	0	0	0	0	0	0	0.507
DLGAP3	NRXN3	0	0	0	0	0	0	0	0	0	0	0.634
DLGAP3	HOMER3	0	0	0	0	0	0	0	0	0	0	0.72
DLGAP3	NRXN1	0	0	0	0	0	0	0	0	0	0	0.733
DLGAP3	NLGN4X	0	0	0	0	0	0	0	0	0	0	0.737
DLGAP3	NLGN1	0	0	0	0	0	0	0	0	0	0	0.737
DLGAP3	GRIN2B	0	0	0	0	0	0	0	0	0	0	0.753
DLGAP3	DLG3	0	0	0	0	0	0	0	0	0	0	0.835
DLGAP3	DLG2	0	0	0	0	0	0	0	0	0	0	0.847
DLGAP3	DLGAP2	0	0	0	0	0	0	0	0	0	0	0.868
DLGAP3	SHANK3	0	0	0	0	0	0	0	0	0	0	0.992
DLGAP3	DLG4	0	0	0	0	0	0	0	0	0	0	0.993
UBE2D1	CTNNB1	0	0	0	0	0	0	0	0	0	0	0.456
UBE2D1	SPOP	0	0	0	0	0	0	0	0	0	0	0.505
UBE2D1	UBE2L3	0	0	0	0	0	0	0	0	0	0	0.654
UBE2D1	UBE2D2	0	0	0	0	0	0	0	0	0	0	0.943
UBE2D1	UBE3A	0	0	0	0	0	0	0	0	0	0	0.984
DLG3	GPHN	0	0	0	0	0	0	0	0	0	0	0.472
DLG3	SHISA9	0	0	0	0	0	0	0	0	0	0	0.513
DLG3	NRXN3	0	0	0	0	0	0	0	0	0	0	0.593
DLG3	HOMER3	0	0	0	0	0	0	0	0	0	0	0.633
DLG3	GRIA3	0	0	0	0	0	0	0	0	0	0	0.644
DLG3	CAMK2A	0	0	0	0	0	0	0	0	0	0	0.688
DLG3	NRXN1	0	0	0	0	0	0	0	0	0	0	0.717
DLG3	SHANK3	0	0	0	0	0	0	0	0	0	0	0.759
DLG3	GRIA1	0	0	0	0	0	0	0	0	0	0	0.815
DLG3	NLGN4X	0	0	0	0	0	0	0	0	0	0	0.863
DLG3	DLGAP2	0	0	0	0	0	0	0	0	0	0	0.872
DLG3	LLGL2	0	0	0	0	0	0	0	0	0	0	0.887
DLG3	NLGN1	0	0	0	0	0	0	0	0	0	0	0.892
DLG3	UBE3A	0	0	0	0	0	0	0	0	0	0	0.913
DLG3	DLG2	0	0	0	0	0	0	0	0	0	0	0.984
DLG3	DLG4	0	0	0	0	0	0	0	0	0	0	0.997
DLG3	GRIN2B	0	0	0	0	0	0	0	0	0	0	0.998
DLG2	CACNB4	0	0	0	0	0	0	0	0	0	0	0.455
DLG2	GPHN	0	0	0	0	0	0	0	0	0	0	0.607
DLG2	HOMER3	0	0	0	0	0	0	0	0	0	0	0.645
DLG2	GRIA3	0	0	0	0	0	0	0	0	0	0	0.655
DLG2	NRXN3	0	0	0	0	0	0	0	0	0	0	0.682
DLG2	CAMK2A	0	0	0	0	0	0	0	0	0	0	0.688
DLG2	NLGN4X	0	0	0	0	0	0	0	0	0	0	0.713
DLG2	NRXN1	0	0	0	0	0	0	0	0	0	0	0.778
DLG2	DLGAP2	0	0	0	0	0	0	0	0	0	0	0.811
DLG2	LLGL2	0	0	0	0	0	0	0	0	0	0	0.844
DLG2	NLGN1	0	0	0	0	0	0	0	0	0	0	0.868
DLG2	GRIA1	0	0	0	0	0	0	0	0	0	0	0.908
DLG2	UBE3A	0	0	0	0	0	0	0	0	0	0	0.913
DLG2	SHANK3	0	0	0	0	0	0	0	0	0	0	0.919
DLG2	DLG4	0	0	0	0	0	0	0	0	0	0	0.969
DLG2	GRIN2B	0	0	0	0	0	0	0	0	0	0	0.996
PRKCZ	CTNNB1	0	0	0	0	0	0	0	0	0	0	0.653
PRKCZ	PIK3R1	0	0	0	0	0	0	0	0	0	0	0.933
PRKCZ	AKT1	0	0	0	0	0	0	0	0	0	0	0.974
PRKCZ	LLGL2	0	0	0	0	0	0	0	0	0	0	0.994
NLGN4X	NXPH1	0	0	0	0	0	0	0	0	0	0	0.407
NLGN4X	PRNP	0	0	0	0	0	0	0	0	0	0	0.475
NLGN4X	CTNNB1	0	0	0	0	0	0	0	0	0	0	0.508
NLGN4X	GRIA1	0	0	0	0	0	0	0	0	0	0	0.514
NLGN4X	GRIN2B	0	0	0	0	0	0	0	0	0	0	0.546
NLGN4X	NLGN1	0	0	0	0	0	0	0	0	0	0	0.548
NLGN4X	MDGA1	0	0	0	0	0	0	0	0	0	0	0.613
NLGN4X	HOMER3	0	0	0	0	0	0	0	0	0	0	0.619
NLGN4X	UBE3A	0	0	0	0	0	0	0	0	0	0	0.633
NLGN4X	GPHN	0	0	0	0	0	0	0	0	0	0	0.767
NLGN4X	DLGAP2	0	0	0	0	0	0	0	0	0	0	0.841
NLGN4X	NRXN3	0	0	0	0	0	0	0	0	0	0	0.859
NLGN4X	SHANK3	0	0	0	0	0	0	0	0	0	0	0.995
NLGN4X	DLG4	0	0	0	0	0	0	0	0	0	0	0.995
NLGN4X	NRXN1	0	0	0	0	0	0	0	0	0	0	0.999
LLGL2	UBE3A	0	0	0	0	0	0	0	0	0	0	0.901
LLGL2	DLG4	0	0	0	0	0	0	0	0	0	0	0.982
SPOP	CTNNB1	0	0	0	0	0	0	0	0	0	0	0.407
SPOP	PIK3R1	0	0	0	0	0	0	0	0	0	0	0.421
SPOP	UBE2D2	0	0	0	0	0	0	0	0	0	0	0.662
UBE2D2	RAD23A	0	0	0	0	0	0	0	0	0	0	0.404
UBE2D2	CTNNB1	0	0	0	0	0	0	0	0	0	0	0.429
UBE2D2	UBE2L3	0	0	0	0	0	0	0	0	0	0	0.683
UBE2D2	UBE3A	0	0	0	0	0	0	0	0	0	0	0.984
NXPH1	NLGN1	0	0	0	0	0	0	0	0	0	0	0.525
NXPH1	NRXN3	0	0	0	0	0	0	0	0	0	0	0.671
NXPH1	NRXN1	0	0	0	0	0	0	0	0	0	0	0.973
NRXN1	GRIA3	0	0	0	0	0	0	0	0	0	0	0.509
NRXN1	UBE3A	0	0	0	0	0	0	0	0	0	0	0.532
NRXN1	CAMK2A	0	0	0	0	0	0	0	0	0	0	0.542
NRXN1	MDGA1	0	0	0	0	0	0	0	0	0	0	0.592
NRXN1	GRIA1	0	0	0	0	0	0	0	0	0	0	0.6
NRXN1	HOMER3	0	0	0	0	0	0	0	0	0	0	0.619
NRXN1	NRXN3	0	0	0	0	0	0	0	0	0	0	0.752
NRXN1	DLGAP2	0	0	0	0	0	0	0	0	0	0	0.803
NRXN1	GPHN	0	0	0	0	0	0	0	0	0	0	0.831
NRXN1	GRIN2B	0	0	0	0	0	0	0	0	0	0	0.832
NRXN1	SHANK3	0	0	0	0	0	0	0	0	0	0	0.961
NRXN1	DLG4	0	0	0	0	0	0	0	0	0	0	0.991
NRXN1	DAG1	0	0	0	0	0	0	0	0	0	0	0.998
NRXN1	NLGN1	0	0	0	0	0	0	0	0	0	0	0.999
NLGN1	CAMK2A	0	0	0	0	0	0	0	0	0	0	0.414
NLGN1	PRNP	0	0	0	0	0	0	0	0	0	0	0.538
NLGN1	UBE3A	0	0	0	0	0	0	0	0	0	0	0.548
NLGN1	CTNNB1	0	0	0	0	0	0	0	0	0	0	0.553
NLGN1	GRIA1	0	0	0	0	0	0	0	0	0	0	0.633
NLGN1	HOMER3	0	0	0	0	0	0	0	0	0	0	0.643
NLGN1	MDGA1	0	0	0	0	0	0	0	0	0	0	0.676
NLGN1	GPHN	0	0	0	0	0	0	0	0	0	0	0.722
NLGN1	GRIN2B	0	0	0	0	0	0	0	0	0	0	0.755
NLGN1	DLGAP2	0	0	0	0	0	0	0	0	0	0	0.811
NLGN1	NRXN3	0	0	0	0	0	0	0	0	0	0	0.964
NLGN1	SHANK3	0	0	0	0	0	0	0	0	0	0	0.978
NLGN1	DLG4	0	0	0	0	0	0	0	0	0	0	0.999
PRNP	AKT1	0	0	0	0	0	0	0	0	0	0	0.424
PRNP	GRIN2B	0	0	0	0	0	0	0	0	0	0	0.452
PRNP	DLG4	0	0	0	0	0	0	0	0	0	0	0.507
UBE2L3	RAD23A	0	0	0	0	0	0	0	0	0	0	0.437
UBE2L3	UBE3A	0	0	0	0	0	0	0	0	0	0	0.999
GPHN	NRXN3	0	0	0	0	0	0	0	0	0	0	0.404
GPHN	CAMK2A	0	0	0	0	0	0	0	0	0	0	0.418
GPHN	AKT1	0	0	0	0	0	0	0	0	0	0	0.472
GPHN	GRIN2B	0	0	0	0	0	0	0	0	0	0	0.526
GPHN	SHANK3	0	0	0	0	0	0	0	0	0	0	0.541
GPHN	GRIA1	0	0	0	0	0	0	0	0	0	0	0.621
GPHN	DLG4	0	0	0	0	0	0	0	0	0	0	0.884
CALML4	ADORA2A	0	0	0	0	0	0	0	0	0	0	0.446
CALML4	HOMER3	0	0	0	0	0	0	0	0	0	0	0.527
CALML4	GRIA1	0	0	0	0	0	0	0	0	0	0	0.586
CALML4	CTNNB1	0	0	0	0	0	0	0	0	0	0	0.631
CALML4	AKT1	0	0	0	0	0	0	0	0	0	0	0.713
CALML4	DLG4	0	0	0	0	0	0	0	0	0	0	0.892
CALML4	GRIN2B	0	0	0	0	0	0	0	0	0	0	0.926
CALML4	CAMK2A	0	0	0	0	0	0	0	0	0	0	0.999
PIK3R1	CTNNB1	0	0	0	0	0	0	0	0	0	0	0.858
PIK3R1	AKT1	0	0	0	0	0	0	0	0	0	0	0.995
GRIA1	NRXN3	0	0	0	0	0	0	0	0	0	0	0.404
GRIA1	DLGAP2	0	0	0	0	0	0	0	0	0	0	0.427
GRIA1	CACNB4	0	0	0	0	0	0	0	0	0	0	0.45
GRIA1	AKT1	0	0	0	0	0	0	0	0	0	0	0.48
GRIA1	UBE3A	0	0	0	0	0	0	0	0	0	0	0.592
GRIA1	SHANK3	0	0	0	0	0	0	0	0	0	0	0.623
GRIA1	GRIN2B	0	0	0	0	0	0	0	0	0	0	0.934
GRIA1	SHISA9	0	0	0	0	0	0	0	0	0	0	0.984
GRIA1	DLG4	0	0	0	0	0	0	0	0	0	0	0.994
GRIA1	GRIA3	0	0	0	0	0	0	0	0	0	0	0.999
GRIA1	CAMK2A	0	0	0	0	0	0	0	0	0	0	0.999
CACNB4	CAMK2A	0	0	0	0	0	0	0	0	0	0	0.717
HOMER3	AKT1	0	0	0	0	0	0	0	0	0	0	0.421
HOMER3	GRIN2B	0	0	0	0	0	0	0	0	0	0	0.466
HOMER3	NRXN3	0	0	0	0	0	0	0	0	0	0	0.516
HOMER3	DLGAP2	0	0	0	0	0	0	0	0	0	0	0.698
HOMER3	DLG4	0	0	0	0	0	0	0	0	0	0	0.868
HOMER3	SHANK3	0	0	0	0	0	0	0	0	0	0	0.884
DAG1	NRXN3	0	0	0	0	0	0	0	0	0	0	0.47
AKT1	ADORA2A	0	0	0	0	0	0	0	0	0	0	0.428
AKT1	GRIN2B	0	0	0	0	0	0	0	0	0	0	0.51
AKT1	SHANK3	0	0	0	0	0	0	0	0	0	0	0.548
AKT1	DLG4	0	0	0	0	0	0	0	0	0	0	0.747
AKT1	CTNNB1	0	0	0	0	0	0	0	0	0	0	0.979
SHISA9	GRIN2B	0	0	0	0	0	0	0	0	0	0	0.779
SHISA9	GRIA3	0	0	0	0	0	0	0	0	0	0	0.824
SHISA9	DLG4	0	0	0	0	0	0	0	0	0	0	0.858
RAD23A	UBE3A	0	0	0	0	0	0	0	0	0	0	0.974
GRIN2B	ADORA2A	0	0	0	0	0	0	0	0	0	0	0.414
GRIN2B	NRXN3	0	0	0	0	0	0	0	0	0	0	0.414
GRIN2B	DLGAP2	0	0	0	0	0	0	0	0	0	0	0.514
GRIN2B	CTNNB1	0	0	0	0	0	0	0	0	0	0	0.757
GRIN2B	SHANK3	0	0	0	0	0	0	0	0	0	0	0.785
GRIN2B	GRIA3	0	0	0	0	0	0	0	0	0	0	0.823
GRIN2B	DLG4	0	0	0	0	0	0	0	0	0	0	0.999
GRIN2B	CAMK2A	0	0	0	0	0	0	0	0	0	0	0.999
GRIA3	CAMK2A	0	0	0	0	0	0	0	0	0	0	0.808
GRIA3	DLG4	0	0	0	0	0	0	0	0	0	0	0.873
SHANK3	CAMK2A	0	0	0	0	0	0	0	0	0	0	0.509
SHANK3	UBE3A	0	0	0	0	0	0	0	0	0	0	0.647
SHANK3	NRXN3	0	0	0	0	0	0	0	0	0	0	0.703
SHANK3	DLGAP2	0	0	0	0	0	0	0	0	0	0	0.988
SHANK3	DLG4	0	0	0	0	0	0	0	0	0	0	0.996
NRXN3	CAMK2A	0	0	0	0	0	0	0	0	0	0	0.404
NRXN3	DLGAP2	0	0	0	0	0	0	0	0	0	0	0.645
NRXN3	DLG4	0	0	0	0	0	0	0	0	0	0	0.858
DLGAP2	CAMK2A	0	0	0	0	0	0	0	0	0	0	0.436
DLGAP2	DLG4	0	0	0	0	0	0	0	0	0	0	0.891
CTNNB1	DLG4	0	0	0	0	0	0	0	0	0	0	0.538
CTNNB1	UBE3A	0	0	0	0	0	0	0	0	0	0	0.974
UBE3A	DLG4	0	0	0	0	0	0	0	0	0	0	0.447
DLG4	CAMK2A	0	0	0	0	0	0	0	0	0	0	0.92
CBLN1	DLG4	0	0	0	0	0	0	0	0	0	0	0.402
CBLN1	NLGN3	0	0	0	0	0	0	0	0	0	0	0.507
CBLN1	NLGN2	0	0	0	0	0	0	0	0	0	0	0.559
CBLN1	NLGN4X	0	0	0	0	0	0	0	0	0	0	0.56
CBLN1	NRXN3	0	0	0	0	0	0	0	0	0	0	0.565
CBLN1	NLGN1	0	0	0	0	0	0	0	0	0	0	0.611
CBLN1	LRRTM2	0	0	0	0	0	0	0	0	0	0	0.717
CBLN1	NRXN2	0	0	0	0	0	0	0	0	0	0	0.989
CBLN1	NRXN1	0	0	0	0	0	0	0	0	0	0	0.994
TSC2	NLGN4X	0	0	0	0	0	0	0	0	0	0	0.459
TSC2	NLGN3	0	0	0	0	0	0	0	0	0	0	0.471
TSC2	PTK2	0	0	0	0	0	0	0	0	0	0	0.476
TSC2	CTNNB1	0	0	0	0	0	0	0	0	0	0	0.517
TSC2	PIK3R1	0	0	0	0	0	0	0	0	0	0	0.524
TSC2	SHANK3	0	0	0	0	0	0	0	0	0	0	0.537
TSC2	PIK3CA	0	0	0	0	0	0	0	0	0	0	0.687
TSC2	TP53	0	0	0	0	0	0	0	0	0	0	0.713
TSC2	PTEN	0	0	0	0	0	0	0	0	0	0	0.889
TSC2	UBE3A	0	0	0	0	0	0	0	0	0	0	0.981
TSC2	AKT1	0	0	0	0	0	0	0	0	0	0	0.99
CACNG1	CAMK2A	0	0	0	0	0	0	0	0	0	0	0.725
CACNG1	CACNB4	0	0	0	0	0	0	0	0	0	0	0.935
CACNG1	CACNG2	0	0	0	0	0	0	0	0	0	0	0.962
CACNG1	CACNG8	0	0	0	0	0	0	0	0	0	0	0.968
GRIN3B	GRM5	0	0	0	0	0	0	0	0	0	0	0.419
GRIN3B	GRM1	0	0	0	0	0	0	0	0	0	0	0.466
GRIN3B	DLG3	0	0	0	0	0	0	0	0	0	0	0.598
GRIN3B	CNIH2	0	0	0	0	0	0	0	0	0	0	0.746
GRIN3B	SHISA9	0	0	0	0	0	0	0	0	0	0	0.748
GRIN3B	CACNG8	0	0	0	0	0	0	0	0	0	0	0.758
GRIN3B	GRIA2	0	0	0	0	0	0	0	0	0	0	0.787
GRIN3B	GRIA3	0	0	0	0	0	0	0	0	0	0	0.791
GRIN3B	GRIA4	0	0	0	0	0	0	0	0	0	0	0.811
GRIN3B	GRIA1	0	0	0	0	0	0	0	0	0	0	0.84
GRIN3B	CACNG2	0	0	0	0	0	0	0	0	0	0	0.845
GRIN3B	DLG4	0	0	0	0	0	0	0	0	0	0	0.942
GRIN3B	GRIN3A	0	0	0	0	0	0	0	0	0	0	0.995
GRIN3B	GRIN2C	0	0	0	0	0	0	0	0	0	0	0.996
GRIN3B	GRIN2B	0	0	0	0	0	0	0	0	0	0	0.996
GRIN3B	GRIN2D	0	0	0	0	0	0	0	0	0	0	0.996
GRIN3B	GRIN2A	0	0	0	0	0	0	0	0	0	0	0.998
GRIN3B	GRIN1	0	0	0	0	0	0	0	0	0	0	0.999
GRIN2D	DLGAP3	0	0	0	0	0	0	0	0	0	0	0.451
GRIN2D	GRM5	0	0	0	0	0	0	0	0	0	0	0.556
GRIN2D	DLG1	0	0	0	0	0	0	0	0	0	0	0.604
GRIN2D	CAMK2A	0	0	0	0	0	0	0	0	0	0	0.607
GRIN2D	DLGAP1	0	0	0	0	0	0	0	0	0	0	0.617
GRIN2D	DLG2	0	0	0	0	0	0	0	0	0	0	0.634
GRIN2D	DLG3	0	0	0	0	0	0	0	0	0	0	0.659
GRIN2D	GRM1	0	0	0	0	0	0	0	0	0	0	0.678
GRIN2D	CALML4	0	0	0	0	0	0	0	0	0	0	0.74
GRIN2D	CALML3	0	0	0	0	0	0	0	0	0	0	0.74
GRIN2D	CALM3	0	0	0	0	0	0	0	0	0	0	0.755
GRIN2D	CNIH2	0	0	0	0	0	0	0	0	0	0	0.761
GRIN2D	SHISA9	0	0	0	0	0	0	0	0	0	0	0.767
GRIN2D	CACNG8	0	0	0	0	0	0	0	0	0	0	0.778
GRIN2D	PRNP	0	0	0	0	0	0	0	0	0	0	0.779
GRIN2D	CACNG2	0	0	0	0	0	0	0	0	0	0	0.795
GRIN2D	GRIA3	0	0	0	0	0	0	0	0	0	0	0.799
GRIN2D	GRIA2	0	0	0	0	0	0	0	0	0	0	0.8
GRIN2D	GRIA1	0	0	0	0	0	0	0	0	0	0	0.816
GRIN2D	GRIA4	0	0	0	0	0	0	0	0	0	0	0.864
GRIN2D	DLG4	0	0	0	0	0	0	0	0	0	0	0.976
GRIN2D	GRIN3A	0	0	0	0	0	0	0	0	0	0	0.998
GRIN2D	GRIN2B	0	0	0	0	0	0	0	0	0	0	0.998
GRIN2D	GRIN2A	0	0	0	0	0	0	0	0	0	0	0.998
GRIN2D	GRIN2C	0	0	0	0	0	0	0	0	0	0	0.998
GRIN2D	GRIN1	0	0	0	0	0	0	0	0	0	0	0.999
PIK3CA	CALML4	0	0	0	0	0	0	0	0	0	0	0.517
PIK3CA	CALML3	0	0	0	0	0	0	0	0	0	0	0.518
PIK3CA	SPOP	0	0	0	0	0	0	0	0	0	0	0.523
PIK3CA	DLG1	0	0	0	0	0	0	0	0	0	0	0.569
PIK3CA	PREX2	0	0	0	0	0	0	0	0	0	0	0.58
PIK3CA	GNAQ	0	0	0	0	0	0	0	0	0	0	0.901
PIK3CA	CTNNB1	0	0	0	0	0	0	0	0	0	0	0.901
PIK3CA	PRKCZ	0	0	0	0	0	0	0	0	0	0	0.925
PIK3CA	TP53	0	0	0	0	0	0	0	0	0	0	0.941
PIK3CA	FYN	0	0	0	0	0	0	0	0	0	0	0.951
PIK3CA	PRKCI	0	0	0	0	0	0	0	0	0	0	0.952
PIK3CA	PTK2	0	0	0	0	0	0	0	0	0	0	0.97
PIK3CA	PTEN	0	0	0	0	0	0	0	0	0	0	0.995
PIK3CA	AKT1	0	0	0	0	0	0	0	0	0	0	0.998
PIK3CA	PIK3R1	0	0	0	0	0	0	0	0	0	0	0.999
NRXN2	CACNG2	0	0	0	0	0	0	0	0	0	0	0.408
NRXN2	GRIN1	0	0	0	0	0	0	0	0	0	0	0.436
NRXN2	GRIN2A	0	0	0	0	0	0	0	0	0	0	0.452
NRXN2	DLG1	0	0	0	0	0	0	0	0	0	0	0.457
NRXN2	CAMK2A	0	0	0	0	0	0	0	0	0	0	0.507
NRXN2	GRIN2B	0	0	0	0	0	0	0	0	0	0	0.516
NRXN2	GRIA1	0	0	0	0	0	0	0	0	0	0	0.538
NRXN2	NRXN3	0	0	0	0	0	0	0	0	0	0	0.585
NRXN2	HOMER2	0	0	0	0	0	0	0	0	0	0	0.592
NRXN2	EPB41L1	0	0	0	0	0	0	0	0	0	0	0.599
NRXN2	GRIA2	0	0	0	0	0	0	0	0	0	0	0.607
NRXN2	MDGA1	0	0	0	0	0	0	0	0	0	0	0.612
NRXN2	HOMER3	0	0	0	0	0	0	0	0	0	0	0.619
NRXN2	GRM1	0	0	0	0	0	0	0	0	0	0	0.676
NRXN2	GRIA4	0	0	0	0	0	0	0	0	0	0	0.684
NRXN2	HOMER1	0	0	0	0	0	0	0	0	0	0	0.687
NRXN2	DLG3	0	0	0	0	0	0	0	0	0	0	0.713
NRXN2	GRM5	0	0	0	0	0	0	0	0	0	0	0.713
NRXN2	DLGAP2	0	0	0	0	0	0	0	0	0	0	0.714
NRXN2	DLGAP3	0	0	0	0	0	0	0	0	0	0	0.719
NRXN2	DLG2	0	0	0	0	0	0	0	0	0	0	0.741
NRXN2	DLGAP1	0	0	0	0	0	0	0	0	0	0	0.743
NRXN2	NXPH1	0	0	0	0	0	0	0	0	0	0	0.827
NRXN2	GPHN	0	0	0	0	0	0	0	0	0	0	0.831
NRXN2	SHANK1	0	0	0	0	0	0	0	0	0	0	0.876
NRXN2	SHANK2	0	0	0	0	0	0	0	0	0	0	0.88
NRXN2	SHANK3	0	0	0	0	0	0	0	0	0	0	0.897
NRXN2	NRXN1	0	0	0	0	0	0	0	0	0	0	0.922
NRXN2	DLG4	0	0	0	0	0	0	0	0	0	0	0.987
NRXN2	LRRTM2	0	0	0	0	0	0	0	0	0	0	0.993
NRXN2	DAG1	0	0	0	0	0	0	0	0	0	0	0.997
NRXN2	NLGN2	0	0	0	0	0	0	0	0	0	0	0.999
NRXN2	NLGN1	0	0	0	0	0	0	0	0	0	0	0.999
NRXN2	NLGN3	0	0	0	0	0	0	0	0	0	0	0.999
NRXN2	NLGN4Y	0	0	0	0	0	0	0	0	0	0	0.999
NRXN2	NLGN4X	0	0	0	0	0	0	0	0	0	0	0.999
TP53	GNAQ	0	0	0	0	0	0	0	0	0	0	0.479
TP53	UBE2L3	0	0	0	0	0	0	0	0	0	0	0.5
TP53	CALM3	0	0	0	0	0	0	0	0	0	0	0.508
TP53	UBE2D2	0	0	0	0	0	0	0	0	0	0	0.531
TP53	DLG1	0	0	0	0	0	0	0	0	0	0	0.533
TP53	SPOP	0	0	0	0	0	0	0	0	0	0	0.571
TP53	UBE2D1	0	0	0	0	0	0	0	0	0	0	0.578
TP53	SCRIB	0	0	0	0	0	0	0	0	0	0	0.587
TP53	CALML4	0	0	0	0	0	0	0	0	0	0	0.657
TP53	RAD23A	0	0	0	0	0	0	0	0	0	0	0.657
TP53	CALML3	0	0	0	0	0	0	0	0	0	0	0.657
TP53	FYN	0	0	0	0	0	0	0	0	0	0	0.657
TP53	PRKCI	0	0	0	0	0	0	0	0	0	0	0.661
TP53	DLG4	0	0	0	0	0	0	0	0	0	0	0.734
TP53	PIK3R1	0	0	0	0	0	0	0	0	0	0	0.853
TP53	PSMD4	0	0	0	0	0	0	0	0	0	0	0.88
TP53	CTNNB1	0	0	0	0	0	0	0	0	0	0	0.927
TP53	PTK2	0	0	0	0	0	0	0	0	0	0	0.928
TP53	PRKCZ	0	0	0	0	0	0	0	0	0	0	0.933
TP53	AKT1	0	0	0	0	0	0	0	0	0	0	0.994
TP53	UBE3A	0	0	0	0	0	0	0	0	0	0	0.999
TP53	PTEN	0	0	0	0	0	0	0	0	0	0	0.999
CACNG8	EPB41L1	0	0	0	0	0	0	0	0	0	0	0.46
CACNG8	NLGN1	0	0	0	0	0	0	0	0	0	0	0.514
CACNG8	DLG1	0	0	0	0	0	0	0	0	0	0	0.584
CACNG8	DLG3	0	0	0	0	0	0	0	0	0	0	0.649
CACNG8	GRIN3A	0	0	0	0	0	0	0	0	0	0	0.743
CACNG8	CACNG2	0	0	0	0	0	0	0	0	0	0	0.748
CACNG8	GRIN2C	0	0	0	0	0	0	0	0	0	0	0.761
CACNG8	CAMK2A	0	0	0	0	0	0	0	0	0	0	0.782
CACNG8	GRIN1	0	0	0	0	0	0	0	0	0	0	0.799
CACNG8	GRIN2A	0	0	0	0	0	0	0	0	0	0	0.812
CACNG8	GRIN2B	0	0	0	0	0	0	0	0	0	0	0.822
CACNG8	DLG4	0	0	0	0	0	0	0	0	0	0	0.901
CACNG8	GRIA3	0	0	0	0	0	0	0	0	0	0	0.936
CACNG8	GRIA4	0	0	0	0	0	0	0	0	0	0	0.936
CACNG8	CACNB4	0	0	0	0	0	0	0	0	0	0	0.94
CACNG8	SHISA9	0	0	0	0	0	0	0	0	0	0	0.948
CACNG8	CNIH2	0	0	0	0	0	0	0	0	0	0	0.99
CACNG8	GRIA2	0	0	0	0	0	0	0	0	0	0	0.994
CACNG8	GRIA1	0	0	0	0	0	0	0	0	0	0	0.996
LRRTM2	MDGA1	0	0	0	0	0	0	0	0	0	0	0.419
LRRTM2	GPHN	0	0	0	0	0	0	0	0	0	0	0.464
LRRTM2	NLGN4Y	0	0	0	0	0	0	0	0	0	0	0.474
LRRTM2	GRIA1	0	0	0	0	0	0	0	0	0	0	0.493
LRRTM2	NLGN2	0	0	0	0	0	0	0	0	0	0	0.65
LRRTM2	GRIA2	0	0	0	0	0	0	0	0	0	0	0.681
LRRTM2	NLGN4X	0	0	0	0	0	0	0	0	0	0	0.724
LRRTM2	NLGN3	0	0	0	0	0	0	0	0	0	0	0.725
LRRTM2	NLGN1	0	0	0	0	0	0	0	0	0	0	0.815
LRRTM2	DLG4	0	0	0	0	0	0	0	0	0	0	0.902
LRRTM2	NRXN3	0	0	0	0	0	0	0	0	0	0	0.92
LRRTM2	NRXN1	0	0	0	0	0	0	0	0	0	0	0.997
GRIA4	HOMER1	0	0	0	0	0	0	0	0	0	0	0.42
GRIA4	NXPH1	0	0	0	0	0	0	0	0	0	0	0.421
GRIA4	DLGAP1	0	0	0	0	0	0	0	0	0	0	0.423
GRIA4	SHANK1	0	0	0	0	0	0	0	0	0	0	0.45
GRIA4	NLGN1	0	0	0	0	0	0	0	0	0	0	0.496
GRIA4	SHANK2	0	0	0	0	0	0	0	0	0	0	0.579
GRIA4	DLG3	0	0	0	0	0	0	0	0	0	0	0.646
GRIA4	GRM1	0	0	0	0	0	0	0	0	0	0	0.653
GRIA4	GRM5	0	0	0	0	0	0	0	0	0	0	0.667
GRIA4	NRXN1	0	0	0	0	0	0	0	0	0	0	0.688
GRIA4	DLG2	0	0	0	0	0	0	0	0	0	0	0.698
GRIA4	EPB41L1	0	0	0	0	0	0	0	0	0	0	0.807
GRIA4	CAMK2A	0	0	0	0	0	0	0	0	0	0	0.814
GRIA4	GRIN2C	0	0	0	0	0	0	0	0	0	0	0.824
GRIA4	DLG1	0	0	0	0	0	0	0	0	0	0	0.828
GRIA4	DLG4	0	0	0	0	0	0	0	0	0	0	0.829
GRIA4	GRIN2B	0	0	0	0	0	0	0	0	0	0	0.853
GRIA4	GRIN3A	0	0	0	0	0	0	0	0	0	0	0.878
GRIA4	GRIN1	0	0	0	0	0	0	0	0	0	0	0.886
GRIA4	GRIN2A	0	0	0	0	0	0	0	0	0	0	0.898
GRIA4	SHISA9	0	0	0	0	0	0	0	0	0	0	0.919
GRIA4	CNIH2	0	0	0	0	0	0	0	0	0	0	0.94
GRIA4	CACNG2	0	0	0	0	0	0	0	0	0	0	0.975
GRIA4	GRIA3	0	0	0	0	0	0	0	0	0	0	0.997
GRIA4	GRIA1	0	0	0	0	0	0	0	0	0	0	0.997
GRIA4	GRIA2	0	0	0	0	0	0	0	0	0	0	0.999
GRM1	AKT1	0	0	0	0	0	0	0	0	0	0	0.421
GRM1	CALML4	0	0	0	0	0	0	0	0	0	0	0.427
GRM1	CALML3	0	0	0	0	0	0	0	0	0	0	0.432
GRM1	CALM3	0	0	0	0	0	0	0	0	0	0	0.445
GRM1	FYN	0	0	0	0	0	0	0	0	0	0	0.45
GRM1	DLG1	0	0	0	0	0	0	0	0	0	0	0.46
GRM1	PIK3R1	0	0	0	0	0	0	0	0	0	0	0.48
GRM1	GRIN3A	0	0	0	0	0	0	0	0	0	0	0.537
GRM1	NLGN4Y	0	0	0	0	0	0	0	0	0	0	0.573
GRM1	DLG3	0	0	0	0	0	0	0	0	0	0	0.598
GRM1	GRIA3	0	0	0	0	0	0	0	0	0	0	0.602
GRM1	NLGN2	0	0	0	0	0	0	0	0	0	0	0.61
GRM1	GRIN2C	0	0	0	0	0	0	0	0	0	0	0.616
GRM1	NLGN4X	0	0	0	0	0	0	0	0	0	0	0.624
GRM1	DLGAP2	0	0	0	0	0	0	0	0	0	0	0.628
GRM1	DLG2	0	0	0	0	0	0	0	0	0	0	0.64
GRM1	NLGN3	0	0	0	0	0	0	0	0	0	0	0.648
GRM1	NLGN1	0	0	0	0	0	0	0	0	0	0	0.652
GRM1	GRIN1	0	0	0	0	0	0	0	0	0	0	0.659
GRM1	NRXN3	0	0	0	0	0	0	0	0	0	0	0.687
GRM1	DLGAP3	0	0	0	0	0	0	0	0	0	0	0.688
GRM1	NRXN1	0	0	0	0	0	0	0	0	0	0	0.705
GRM1	SHANK2	0	0	0	0	0	0	0	0	0	0	0.714
GRM1	GRIN2A	0	0	0	0	0	0	0	0	0	0	0.738
GRM1	GRIN2B	0	0	0	0	0	0	0	0	0	0	0.758
GRM1	SHANK3	0	0	0	0	0	0	0	0	0	0	0.788
GRM1	GRIA2	0	0	0	0	0	0	0	0	0	0	0.809
GRM1	GRIA1	0	0	0	0	0	0	0	0	0	0	0.849
GRM1	DLG4	0	0	0	0	0	0	0	0	0	0	0.862
GRM1	SHANK1	0	0	0	0	0	0	0	0	0	0	0.899
GRM1	DLGAP1	0	0	0	0	0	0	0	0	0	0	0.938
GRM1	CAMK2A	0	0	0	0	0	0	0	0	0	0	0.968
GRM1	GRM5	0	0	0	0	0	0	0	0	0	0	0.977
GRM1	HOMER2	0	0	0	0	0	0	0	0	0	0	0.989
GRM1	HOMER3	0	0	0	0	0	0	0	0	0	0	0.99
GRM1	GNAQ	0	0	0	0	0	0	0	0	0	0	0.998
GRM1	HOMER1	0	0	0	0	0	0	0	0	0	0	0.998
GNAQ	CTNNB1	0	0	0	0	0	0	0	0	0	0	0.56
GNAQ	PTEN	0	0	0	0	0	0	0	0	0	0	0.567
GNAQ	CALML4	0	0	0	0	0	0	0	0	0	0	0.57
GNAQ	CALML3	0	0	0	0	0	0	0	0	0	0	0.581
GNAQ	CALM3	0	0	0	0	0	0	0	0	0	0	0.593
GNAQ	AKT1	0	0	0	0	0	0	0	0	0	0	0.775
GNAQ	PIK3R1	0	0	0	0	0	0	0	0	0	0	0.854
GNAQ	ADORA2A	0	0	0	0	0	0	0	0	0	0	0.959
GNAQ	GRM5	0	0	0	0	0	0	0	0	0	0	0.999
PREX2	AKT1	0	0	0	0	0	0	0	0	0	0	0.444
PREX2	PTEN	0	0	0	0	0	0	0	0	0	0	0.99
CALM3	GRIA2	0	0	0	0	0	0	0	0	0	0	0.434
CALM3	PTEN	0	0	0	0	0	0	0	0	0	0	0.451
CALM3	DLG1	0	0	0	0	0	0	0	0	0	0	0.457
CALM3	CACNB4	0	0	0	0	0	0	0	0	0	0	0.463
CALM3	MAST2	0	0	0	0	0	0	0	0	0	0	0.471
CALM3	PIK3R1	0	0	0	0	0	0	0	0	0	0	0.513
CALM3	GRIN3A	0	0	0	0	0	0	0	0	0	0	0.515
CALM3	ADORA2A	0	0	0	0	0	0	0	0	0	0	0.515
CALM3	HOMER2	0	0	0	0	0	0	0	0	0	0	0.517
CALM3	CTNNB1	0	0	0	0	0	0	0	0	0	0	0.528
CALM3	HOMER3	0	0	0	0	0	0	0	0	0	0	0.533
CALM3	GRIA1	0	0	0	0	0	0	0	0	0	0	0.583
CALM3	HOMER1	0	0	0	0	0	0	0	0	0	0	0.63
CALM3	FYN	0	0	0	0	0	0	0	0	0	0	0.685
CALM3	GRM5	0	0	0	0	0	0	0	0	0	0	0.688
CALM3	GRIN2C	0	0	0	0	0	0	0	0	0	0	0.758
CALM3	AKT1	0	0	0	0	0	0	0	0	0	0	0.802
CALM3	GRIN2A	0	0	0	0	0	0	0	0	0	0	0.901
CALM3	GRIN2B	0	0	0	0	0	0	0	0	0	0	0.91
CALM3	DLG4	0	0	0	0	0	0	0	0	0	0	0.989
CALM3	CALML4	0	0	0	0	0	0	0	0	0	0	0.996
CALM3	GRIN1	0	0	0	0	0	0	0	0	0	0	0.996
CALM3	CALML3	0	0	0	0	0	0	0	0	0	0	0.996
CALM3	CAMK2A	0	0	0	0	0	0	0	0	0	0	0.999
GRIN2C	MAGI2	0	0	0	0	0	0	0	0	0	0	0.409
GRIN2C	SHANK1	0	0	0	0	0	0	0	0	0	0	0.416
GRIN2C	GRM5	0	0	0	0	0	0	0	0	0	0	0.621
GRIN2C	DLG1	0	0	0	0	0	0	0	0	0	0	0.681
GRIN2C	SHISA9	0	0	0	0	0	0	0	0	0	0	0.733
GRIN2C	CAMK2A	0	0	0	0	0	0	0	0	0	0	0.735
GRIN2C	CALML3	0	0	0	0	0	0	0	0	0	0	0.741
GRIN2C	CALML4	0	0	0	0	0	0	0	0	0	0	0.741
GRIN2C	CNIH2	0	0	0	0	0	0	0	0	0	0	0.765
GRIN2C	GRIA3	0	0	0	0	0	0	0	0	0	0	0.809
GRIN2C	CACNG2	0	0	0	0	0	0	0	0	0	0	0.817
GRIN2C	DLG2	0	0	0	0	0	0	0	0	0	0	0.818
GRIN2C	GRIA2	0	0	0	0	0	0	0	0	0	0	0.822
GRIN2C	GRIA1	0	0	0	0	0	0	0	0	0	0	0.829
GRIN2C	DLG3	0	0	0	0	0	0	0	0	0	0	0.872
GRIN2C	DLG4	0	0	0	0	0	0	0	0	0	0	0.99
GRIN2C	GRIN2A	0	0	0	0	0	0	0	0	0	0	0.998
GRIN2C	GRIN2B	0	0	0	0	0	0	0	0	0	0	0.998
GRIN2C	GRIN3A	0	0	0	0	0	0	0	0	0	0	0.998
GRIN2C	GRIN1	0	0	0	0	0	0	0	0	0	0	0.999
SHANK1	GPHN	0	0	0	0	0	0	0	0	0	0	0.416
SHANK1	CACNG2	0	0	0	0	0	0	0	0	0	0	0.418
SHANK1	MAGI2	0	0	0	0	0	0	0	0	0	0	0.418
SHANK1	DLG1	0	0	0	0	0	0	0	0	0	0	0.446
SHANK1	CAMK2A	0	0	0	0	0	0	0	0	0	0	0.533
SHANK1	GRIA2	0	0	0	0	0	0	0	0	0	0	0.563
SHANK1	GRIN1	0	0	0	0	0	0	0	0	0	0	0.596
SHANK1	GRIA1	0	0	0	0	0	0	0	0	0	0	0.619
SHANK1	NRXN3	0	0	0	0	0	0	0	0	0	0	0.696
SHANK1	GRIN2A	0	0	0	0	0	0	0	0	0	0	0.742
SHANK1	GRIN2B	0	0	0	0	0	0	0	0	0	0	0.752
SHANK1	NLGN4Y	0	0	0	0	0	0	0	0	0	0	0.76
SHANK1	DLG3	0	0	0	0	0	0	0	0	0	0	0.778
SHANK1	DLGAP2	0	0	0	0	0	0	0	0	0	0	0.841
SHANK1	NLGN2	0	0	0	0	0	0	0	0	0	0	0.868
SHANK1	DLG2	0	0	0	0	0	0	0	0	0	0	0.878
SHANK1	NRXN1	0	0	0	0	0	0	0	0	0	0	0.887
SHANK1	NLGN4X	0	0	0	0	0	0	0	0	0	0	0.894
SHANK1	NLGN3	0	0	0	0	0	0	0	0	0	0	0.904
SHANK1	DLGAP3	0	0	0	0	0	0	0	0	0	0	0.92
SHANK1	NLGN1	0	0	0	0	0	0	0	0	0	0	0.926
SHANK1	HOMER2	0	0	0	0	0	0	0	0	0	0	0.927
SHANK1	GRM5	0	0	0	0	0	0	0	0	0	0	0.939
SHANK1	HOMER3	0	0	0	0	0	0	0	0	0	0	0.966
SHANK1	SHANK2	0	0	0	0	0	0	0	0	0	0	0.968
SHANK1	SHANK3	0	0	0	0	0	0	0	0	0	0	0.982
SHANK1	HOMER1	0	0	0	0	0	0	0	0	0	0	0.984
SHANK1	DLG4	0	0	0	0	0	0	0	0	0	0	0.992
SHANK1	DLGAP1	0	0	0	0	0	0	0	0	0	0	0.996
PRKCI	PIK3R1	0	0	0	0	0	0	0	0	0	0	0.919
PRKCI	PTEN	0	0	0	0	0	0	0	0	0	0	0.933
PRKCI	PRKCZ	0	0	0	0	0	0	0	0	0	0	0.989
PRKCI	LLGL1	0	0	0	0	0	0	0	0	0	0	0.993
PRKCI	LLGL2	0	0	0	0	0	0	0	0	0	0	0.996
GRIA2	DLGAP3	0	0	0	0	0	0	0	0	0	0	0.401
GRIA2	CALML4	0	0	0	0	0	0	0	0	0	0	0.404
GRIA2	PIK3R1	0	0	0	0	0	0	0	0	0	0	0.415
GRIA2	NRXN3	0	0	0	0	0	0	0	0	0	0	0.416
GRIA2	DLGAP2	0	0	0	0	0	0	0	0	0	0	0.422
GRIA2	NLGN4Y	0	0	0	0	0	0	0	0	0	0	0.426
GRIA2	NLGN4X	0	0	0	0	0	0	0	0	0	0	0.485
GRIA2	EPB41L1	0	0	0	0	0	0	0	0	0	0	0.485
GRIA2	NLGN2	0	0	0	0	0	0	0	0	0	0	0.516
GRIA2	GPHN	0	0	0	0	0	0	0	0	0	0	0.52
GRIA2	NLGN3	0	0	0	0	0	0	0	0	0	0	0.535
GRIA2	SHANK3	0	0	0	0	0	0	0	0	0	0	0.573
GRIA2	HOMER1	0	0	0	0	0	0	0	0	0	0	0.596
GRIA2	CTNNB1	0	0	0	0	0	0	0	0	0	0	0.615
GRIA2	SHANK2	0	0	0	0	0	0	0	0	0	0	0.637
GRIA2	NLGN1	0	0	0	0	0	0	0	0	0	0	0.64
GRIA2	NRXN1	0	0	0	0	0	0	0	0	0	0	0.695
GRIA2	DLGAP1	0	0	0	0	0	0	0	0	0	0	0.722
GRIA2	DLG3	0	0	0	0	0	0	0	0	0	0	0.789
GRIA2	DLG1	0	0	0	0	0	0	0	0	0	0	0.809
GRIA2	DLG2	0	0	0	0	0	0	0	0	0	0	0.815
GRIA2	GRIN3A	0	0	0	0	0	0	0	0	0	0	0.845
GRIA2	GRM5	0	0	0	0	0	0	0	0	0	0	0.852
GRIA2	SHISA9	0	0	0	0	0	0	0	0	0	0	0.855
GRIA2	GRIN2B	0	0	0	0	0	0	0	0	0	0	0.885
GRIA2	GRIN1	0	0	0	0	0	0	0	0	0	0	0.901
GRIA2	GRIN2A	0	0	0	0	0	0	0	0	0	0	0.933
GRIA2	DLG4	0	0	0	0	0	0	0	0	0	0	0.968
GRIA2	CAMK2A	0	0	0	0	0	0	0	0	0	0	0.977
GRIA2	CNIH2	0	0	0	0	0	0	0	0	0	0	0.99
GRIA2	CACNG2	0	0	0	0	0	0	0	0	0	0	0.995
GRIA2	GRIA1	0	0	0	0	0	0	0	0	0	0	0.999
GRIA2	GRIA3	0	0	0	0	0	0	0	0	0	0	0.999
CACNG2	NLGN1	0	0	0	0	0	0	0	0	0	0	0.413
CACNG2	NRXN1	0	0	0	0	0	0	0	0	0	0	0.435
CACNG2	HOMER1	0	0	0	0	0	0	0	0	0	0	0.446
CACNG2	EPB41L1	0	0	0	0	0	0	0	0	0	0	0.67
CACNG2	DLGAP1	0	0	0	0	0	0	0	0	0	0	0.751
CACNG2	DLG2	0	0	0	0	0	0	0	0	0	0	0.783
CACNG2	CAMK2A	0	0	0	0	0	0	0	0	0	0	0.808
CACNG2	GRIN3A	0	0	0	0	0	0	0	0	0	0	0.852
CACNG2	GRIN2A	0	0	0	0	0	0	0	0	0	0	0.88
CACNG2	GRIN2B	0	0	0	0	0	0	0	0	0	0	0.893
CACNG2	GRIN1	0	0	0	0	0	0	0	0	0	0	0.894
CACNG2	DLG3	0	0	0	0	0	0	0	0	0	0	0.9
CACNG2	CNIH2	0	0	0	0	0	0	0	0	0	0	0.906
CACNG2	MAGI2	0	0	0	0	0	0	0	0	0	0	0.915
CACNG2	DLG1	0	0	0	0	0	0	0	0	0	0	0.941
CACNG2	CACNB4	0	0	0	0	0	0	0	0	0	0	0.951
CACNG2	SHISA9	0	0	0	0	0	0	0	0	0	0	0.973
CACNG2	GRIA3	0	0	0	0	0	0	0	0	0	0	0.984
CACNG2	DLG4	0	0	0	0	0	0	0	0	0	0	0.999
CACNG2	GRIA1	0	0	0	0	0	0	0	0	0	0	0.999
NLGN2	CAMK2A	0	0	0	0	0	0	0	0	0	0	0.411
NLGN2	NXPH1	0	0	0	0	0	0	0	0	0	0	0.414
NLGN2	DLG1	0	0	0	0	0	0	0	0	0	0	0.44
NLGN2	PTEN	0	0	0	0	0	0	0	0	0	0	0.455
NLGN2	GRIN1	0	0	0	0	0	0	0	0	0	0	0.469
NLGN2	PRNP	0	0	0	0	0	0	0	0	0	0	0.485
NLGN2	GRIN2B	0	0	0	0	0	0	0	0	0	0	0.496
NLGN2	CTNNB1	0	0	0	0	0	0	0	0	0	0	0.499
NLGN2	GRIN2A	0	0	0	0	0	0	0	0	0	0	0.521
NLGN2	NLGN4Y	0	0	0	0	0	0	0	0	0	0	0.525
NLGN2	GRIA1	0	0	0	0	0	0	0	0	0	0	0.532
NLGN2	DAG1	0	0	0	0	0	0	0	0	0	0	0.59
NLGN2	EPB41L1	0	0	0	0	0	0	0	0	0	0	0.624
NLGN2	HOMER2	0	0	0	0	0	0	0	0	0	0	0.647
NLGN2	GRM5	0	0	0	0	0	0	0	0	0	0	0.668
NLGN2	NLGN3	0	0	0	0	0	0	0	0	0	0	0.683
NLGN2	HOMER3	0	0	0	0	0	0	0	0	0	0	0.697
NLGN2	HOMER1	0	0	0	0	0	0	0	0	0	0	0.699
NLGN2	NLGN4X	0	0	0	0	0	0	0	0	0	0	0.704
NLGN2	NLGN1	0	0	0	0	0	0	0	0	0	0	0.704
NLGN2	DLGAP3	0	0	0	0	0	0	0	0	0	0	0.709
NLGN2	DLGAP2	0	0	0	0	0	0	0	0	0	0	0.715
NLGN2	DLG2	0	0	0	0	0	0	0	0	0	0	0.784
NLGN2	MAGI2	0	0	0	0	0	0	0	0	0	0	0.813
NLGN2	DLGAP1	0	0	0	0	0	0	0	0	0	0	0.844
NLGN2	SHANK2	0	0	0	0	0	0	0	0	0	0	0.868
NLGN2	DLG3	0	0	0	0	0	0	0	0	0	0	0.883
NLGN2	SHANK3	0	0	0	0	0	0	0	0	0	0	0.935
NLGN2	GPHN	0	0	0	0	0	0	0	0	0	0	0.968
NLGN2	NRXN3	0	0	0	0	0	0	0	0	0	0	0.978
NLGN2	MDGA1	0	0	0	0	0	0	0	0	0	0	0.994
NLGN2	DLG4	0	0	0	0	0	0	0	0	0	0	0.998
NLGN2	NRXN1	0	0	0	0	0	0	0	0	0	0	0.999
HOMER2	GRIA1	0	0	0	0	0	0	0	0	0	0	0.4
HOMER2	GRIN1	0	0	0	0	0	0	0	0	0	0	0.42
HOMER2	GRIN2A	0	0	0	0	0	0	0	0	0	0	0.478
HOMER2	GRIN2B	0	0	0	0	0	0	0	0	0	0	0.502
HOMER2	CALML4	0	0	0	0	0	0	0	0	0	0	0.507
HOMER2	CALML3	0	0	0	0	0	0	0	0	0	0	0.518
HOMER2	NLGN4X	0	0	0	0	0	0	0	0	0	0	0.596
HOMER2	NRXN1	0	0	0	0	0	0	0	0	0	0	0.605
HOMER2	NLGN4Y	0	0	0	0	0	0	0	0	0	0	0.607
HOMER2	DLG2	0	0	0	0	0	0	0	0	0	0	0.61
HOMER2	DLG3	0	0	0	0	0	0	0	0	0	0	0.613
HOMER2	NLGN1	0	0	0	0	0	0	0	0	0	0	0.618
HOMER2	DLGAP2	0	0	0	0	0	0	0	0	0	0	0.637
HOMER2	AKT1	0	0	0	0	0	0	0	0	0	0	0.638
HOMER2	NLGN3	0	0	0	0	0	0	0	0	0	0	0.641
HOMER2	DLGAP3	0	0	0	0	0	0	0	0	0	0	0.666
HOMER2	NRXN3	0	0	0	0	0	0	0	0	0	0	0.691
HOMER2	SHANK3	0	0	0	0	0	0	0	0	0	0	0.758
HOMER2	DLG4	0	0	0	0	0	0	0	0	0	0	0.779
HOMER2	SHANK2	0	0	0	0	0	0	0	0	0	0	0.782
HOMER2	DLGAP1	0	0	0	0	0	0	0	0	0	0	0.857
HOMER2	GRM5	0	0	0	0	0	0	0	0	0	0	0.965
HOMER2	HOMER3	0	0	0	0	0	0	0	0	0	0	0.99
HOMER2	HOMER1	0	0	0	0	0	0	0	0	0	0	0.991
GRM5	AKT1	0	0	0	0	0	0	0	0	0	0	0.44
GRM5	FYN	0	0	0	0	0	0	0	0	0	0	0.471
GRM5	CALML4	0	0	0	0	0	0	0	0	0	0	0.49
GRM5	CALML3	0	0	0	0	0	0	0	0	0	0	0.493
GRM5	PRKCZ	0	0	0	0	0	0	0	0	0	0	0.515
GRM5	NXPH1	0	0	0	0	0	0	0	0	0	0	0.54
GRM5	GPHN	0	0	0	0	0	0	0	0	0	0	0.545
GRM5	EPB41L1	0	0	0	0	0	0	0	0	0	0	0.547
GRM5	NLGN4Y	0	0	0	0	0	0	0	0	0	0	0.611
GRM5	DLG3	0	0	0	0	0	0	0	0	0	0	0.642
GRM5	DLGAP2	0	0	0	0	0	0	0	0	0	0	0.686
GRM5	NLGN4X	0	0	0	0	0	0	0	0	0	0	0.696
GRM5	GRIN3A	0	0	0	0	0	0	0	0	0	0	0.699
GRM5	DLG2	0	0	0	0	0	0	0	0	0	0	0.702
GRM5	NLGN1	0	0	0	0	0	0	0	0	0	0	0.716
GRM5	NRXN3	0	0	0	0	0	0	0	0	0	0	0.724
GRM5	NLGN3	0	0	0	0	0	0	0	0	0	0	0.735
GRM5	NRXN1	0	0	0	0	0	0	0	0	0	0	0.766
GRM5	GRIA3	0	0	0	0	0	0	0	0	0	0	0.782
GRM5	DLGAP3	0	0	0	0	0	0	0	0	0	0	0.786
GRM5	GRIN1	0	0	0	0	0	0	0	0	0	0	0.792
GRM5	GRIN2A	0	0	0	0	0	0	0	0	0	0	0.841
GRM5	GRIN2B	0	0	0	0	0	0	0	0	0	0	0.842
GRM5	SHANK2	0	0	0	0	0	0	0	0	0	0	0.869
GRM5	SHANK3	0	0	0	0	0	0	0	0	0	0	0.88
GRM5	DLG4	0	0	0	0	0	0	0	0	0	0	0.902
GRM5	DLGAP1	0	0	0	0	0	0	0	0	0	0	0.915
GRM5	GRIA1	0	0	0	0	0	0	0	0	0	0	0.916
GRM5	HOMER3	0	0	0	0	0	0	0	0	0	0	0.929
GRM5	PRNP	0	0	0	0	0	0	0	0	0	0	0.953
GRM5	CAMK2A	0	0	0	0	0	0	0	0	0	0	0.975
GRM5	ADORA2A	0	0	0	0	0	0	0	0	0	0	0.976
GRM5	HOMER1	0	0	0	0	0	0	0	0	0	0	0.999
CNIH2	DLG3	0	0	0	0	0	0	0	0	0	0	0.552
CNIH2	GRIN3A	0	0	0	0	0	0	0	0	0	0	0.763
CNIH2	GRIN2B	0	0	0	0	0	0	0	0	0	0	0.774
CNIH2	GRIN2A	0	0	0	0	0	0	0	0	0	0	0.784
CNIH2	GRIN1	0	0	0	0	0	0	0	0	0	0	0.796
CNIH2	DLG4	0	0	0	0	0	0	0	0	0	0	0.856
CNIH2	SHISA9	0	0	0	0	0	0	0	0	0	0	0.949
CNIH2	GRIA3	0	0	0	0	0	0	0	0	0	0	0.97
CNIH2	GRIA1	0	0	0	0	0	0	0	0	0	0	0.995
CALML3	PTEN	0	0	0	0	0	0	0	0	0	0	0.437
CALML3	ADORA2A	0	0	0	0	0	0	0	0	0	0	0.455
CALML3	DLG1	0	0	0	0	0	0	0	0	0	0	0.456
CALML3	HOMER3	0	0	0	0	0	0	0	0	0	0	0.532
CALML3	GRIA1	0	0	0	0	0	0	0	0	0	0	0.581
CALML3	HOMER1	0	0	0	0	0	0	0	0	0	0	0.625
CALML3	CTNNB1	0	0	0	0	0	0	0	0	0	0	0.628
CALML3	FYN	0	0	0	0	0	0	0	0	0	0	0.682
CALML3	AKT1	0	0	0	0	0	0	0	0	0	0	0.719
CALML3	DLG4	0	0	0	0	0	0	0	0	0	0	0.891
CALML3	GRIN2A	0	0	0	0	0	0	0	0	0	0	0.895
CALML3	GRIN2B	0	0	0	0	0	0	0	0	0	0	0.927
CALML3	GRIN1	0	0	0	0	0	0	0	0	0	0	0.96
CALML3	CALML4	0	0	0	0	0	0	0	0	0	0	0.963
CALML3	CAMK2A	0	0	0	0	0	0	0	0	0	0	0.999
DLGAP1	GRIN1	0	0	0	0	0	0	0	0	0	0	0.57
DLGAP1	NRXN3	0	0	0	0	0	0	0	0	0	0	0.659
DLGAP1	CAMK2A	0	0	0	0	0	0	0	0	0	0	0.703
DLGAP1	DLGAP2	0	0	0	0	0	0	0	0	0	0	0.704
DLGAP1	DLGAP3	0	0	0	0	0	0	0	0	0	0	0.724
DLGAP1	MAGI2	0	0	0	0	0	0	0	0	0	0	0.732
DLGAP1	NRXN1	0	0	0	0	0	0	0	0	0	0	0.774
DLGAP1	NLGN4Y	0	0	0	0	0	0	0	0	0	0	0.843
DLGAP1	GRIA1	0	0	0	0	0	0	0	0	0	0	0.852
DLGAP1	NLGN3	0	0	0	0	0	0	0	0	0	0	0.855
DLGAP1	NLGN4X	0	0	0	0	0	0	0	0	0	0	0.861
DLGAP1	GRIN2A	0	0	0	0	0	0	0	0	0	0	0.885
DLGAP1	DLG3	0	0	0	0	0	0	0	0	0	0	0.887
DLGAP1	DLG2	0	0	0	0	0	0	0	0	0	0	0.89
DLGAP1	GRIN2B	0	0	0	0	0	0	0	0	0	0	0.9
DLGAP1	NLGN1	0	0	0	0	0	0	0	0	0	0	0.927
DLGAP1	HOMER3	0	0	0	0	0	0	0	0	0	0	0.943
DLGAP1	DLG1	0	0	0	0	0	0	0	0	0	0	0.952
DLGAP1	SHANK2	0	0	0	0	0	0	0	0	0	0	0.981
DLGAP1	HOMER1	0	0	0	0	0	0	0	0	0	0	0.986
DLGAP1	SHANK3	0	0	0	0	0	0	0	0	0	0	0.997
DLGAP1	DLG4	0	0	0	0	0	0	0	0	0	0	0.999
LLGL1	FYN	0	0	0	0	0	0	0	0	0	0	0.406
LLGL1	DLG2	0	0	0	0	0	0	0	0	0	0	0.84
LLGL1	UBE3A	0	0	0	0	0	0	0	0	0	0	0.905
LLGL1	DLG3	0	0	0	0	0	0	0	0	0	0	0.939
LLGL1	SCRIB	0	0	0	0	0	0	0	0	0	0	0.964
LLGL1	DLG1	0	0	0	0	0	0	0	0	0	0	0.975
LLGL1	DLG4	0	0	0	0	0	0	0	0	0	0	0.983
LLGL1	LLGL2	0	0	0	0	0	0	0	0	0	0	0.993
LLGL1	PRKCZ	0	0	0	0	0	0	0	0	0	0	0.995
GRIN2A	NLGN4X	0	0	0	0	0	0	0	0	0	0	0.471
GRIN2A	NLGN3	0	0	0	0	0	0	0	0	0	0	0.472
GRIN2A	GPHN	0	0	0	0	0	0	0	0	0	0	0.482
GRIN2A	CACNB4	0	0	0	0	0	0	0	0	0	0	0.54
GRIN2A	NLGN1	0	0	0	0	0	0	0	0	0	0	0.554
GRIN2A	SHANK2	0	0	0	0	0	0	0	0	0	0	0.555
GRIN2A	DLGAP3	0	0	0	0	0	0	0	0	0	0	0.574
GRIN2A	MAGI2	0	0	0	0	0	0	0	0	0	0	0.575
GRIN2A	DLGAP2	0	0	0	0	0	0	0	0	0	0	0.577
GRIN2A	NRXN1	0	0	0	0	0	0	0	0	0	0	0.617
GRIN2A	SHANK3	0	0	0	0	0	0	0	0	0	0	0.638
GRIN2A	AKT1	0	0	0	0	0	0	0	0	0	0	0.659
GRIN2A	HOMER1	0	0	0	0	0	0	0	0	0	0	0.768
GRIN2A	SHISA9	0	0	0	0	0	0	0	0	0	0	0.786
GRIN2A	GRIA3	0	0	0	0	0	0	0	0	0	0	0.886
GRIN2A	CALML4	0	0	0	0	0	0	0	0	0	0	0.897
GRIN2A	GRIA1	0	0	0	0	0	0	0	0	0	0	0.926
GRIN2A	CAMK2A	0	0	0	0	0	0	0	0	0	0	0.968
GRIN2A	DLG1	0	0	0	0	0	0	0	0	0	0	0.979
GRIN2A	FYN	0	0	0	0	0	0	0	0	0	0	0.981
GRIN2A	DLG2	0	0	0	0	0	0	0	0	0	0	0.997
GRIN2A	DLG3	0	0	0	0	0	0	0	0	0	0	0.998
GRIN2A	GRIN1	0	0	0	0	0	0	0	0	0	0	0.999
GRIN2A	GRIN2B	0	0	0	0	0	0	0	0	0	0	0.999
GRIN2A	GRIN3A	0	0	0	0	0	0	0	0	0	0	0.999
GRIN2A	DLG4	0	0	0	0	0	0	0	0	0	0	0.999
HOMER1	GRIA3	0	0	0	0	0	0	0	0	0	0	0.43
HOMER1	PRNP	0	0	0	0	0	0	0	0	0	0	0.521
HOMER1	DLG1	0	0	0	0	0	0	0	0	0	0	0.553
HOMER1	NRXN3	0	0	0	0	0	0	0	0	0	0	0.608
HOMER1	CALML4	0	0	0	0	0	0	0	0	0	0	0.618
HOMER1	GRIN1	0	0	0	0	0	0	0	0	0	0	0.641
HOMER1	NLGN4Y	0	0	0	0	0	0	0	0	0	0	0.649
HOMER1	GRIN2B	0	0	0	0	0	0	0	0	0	0	0.675
HOMER1	NLGN4X	0	0	0	0	0	0	0	0	0	0	0.69
HOMER1	NRXN1	0	0	0	0	0	0	0	0	0	0	0.706
HOMER1	DLG3	0	0	0	0	0	0	0	0	0	0	0.707
HOMER1	NLGN3	0	0	0	0	0	0	0	0	0	0	0.721
HOMER1	NLGN1	0	0	0	0	0	0	0	0	0	0	0.726
HOMER1	GPHN	0	0	0	0	0	0	0	0	0	0	0.733
HOMER1	DLGAP2	0	0	0	0	0	0	0	0	0	0	0.734
HOMER1	CAMK2A	0	0	0	0	0	0	0	0	0	0	0.735
HOMER1	EPB41L1	0	0	0	0	0	0	0	0	0	0	0.747
HOMER1	DLGAP3	0	0	0	0	0	0	0	0	0	0	0.816
HOMER1	DLG2	0	0	0	0	0	0	0	0	0	0	0.821
HOMER1	GRIA1	0	0	0	0	0	0	0	0	0	0	0.873
HOMER1	SHANK2	0	0	0	0	0	0	0	0	0	0	0.937
HOMER1	SHANK3	0	0	0	0	0	0	0	0	0	0	0.957
HOMER1	DLG4	0	0	0	0	0	0	0	0	0	0	0.988
HOMER1	HOMER3	0	0	0	0	0	0	0	0	0	0	0.993
EPB41L1	DLG3	0	0	0	0	0	0	0	0	0	0	0.471
EPB41L1	NRXN3	0	0	0	0	0	0	0	0	0	0	0.528
EPB41L1	NLGN3	0	0	0	0	0	0	0	0	0	0	0.543
EPB41L1	NLGN4Y	0	0	0	0	0	0	0	0	0	0	0.547
EPB41L1	CAMK2A	0	0	0	0	0	0	0	0	0	0	0.571
EPB41L1	NLGN4X	0	0	0	0	0	0	0	0	0	0	0.578
EPB41L1	NRXN1	0	0	0	0	0	0	0	0	0	0	0.592
EPB41L1	NLGN1	0	0	0	0	0	0	0	0	0	0	0.639
EPB41L1	GRIA3	0	0	0	0	0	0	0	0	0	0	0.66
EPB41L1	DLG4	0	0	0	0	0	0	0	0	0	0	0.793
EPB41L1	DLG1	0	0	0	0	0	0	0	0	0	0	0.815
EPB41L1	GRIA1	0	0	0	0	0	0	0	0	0	0	0.997
PTK2	DAG1	0	0	0	0	0	0	0	0	0	0	0.434
PTK2	CTNNB1	0	0	0	0	0	0	0	0	0	0	0.802
PTK2	AKT1	0	0	0	0	0	0	0	0	0	0	0.879
PTK2	PIK3R1	0	0	0	0	0	0	0	0	0	0	0.988
PTK2	PTEN	0	0	0	0	0	0	0	0	0	0	0.995
PTK2	FYN	0	0	0	0	0	0	0	0	0	0	0.998
SHANK2	MAGI2	0	0	0	0	0	0	0	0	0	0	0.413
SHANK2	DLG1	0	0	0	0	0	0	0	0	0	0	0.416
SHANK2	CAMK2A	0	0	0	0	0	0	0	0	0	0	0.442
SHANK2	GRIN1	0	0	0	0	0	0	0	0	0	0	0.475
SHANK2	UBE3A	0	0	0	0	0	0	0	0	0	0	0.486
SHANK2	GPHN	0	0	0	0	0	0	0	0	0	0	0.486
SHANK2	AKT1	0	0	0	0	0	0	0	0	0	0	0.539
SHANK2	GRIN3A	0	0	0	0	0	0	0	0	0	0	0.575
SHANK2	GRIN2B	0	0	0	0	0	0	0	0	0	0	0.628
SHANK2	NRXN3	0	0	0	0	0	0	0	0	0	0	0.725
SHANK2	DLG3	0	0	0	0	0	0	0	0	0	0	0.744
SHANK2	GRIA1	0	0	0	0	0	0	0	0	0	0	0.75
SHANK2	HOMER3	0	0	0	0	0	0	0	0	0	0	0.799
SHANK2	DLG2	0	0	0	0	0	0	0	0	0	0	0.811
SHANK2	NLGN4Y	0	0	0	0	0	0	0	0	0	0	0.85
SHANK2	NRXN1	0	0	0	0	0	0	0	0	0	0	0.914
SHANK2	NLGN1	0	0	0	0	0	0	0	0	0	0	0.914
SHANK2	DLGAP3	0	0	0	0	0	0	0	0	0	0	0.917
SHANK2	NLGN3	0	0	0	0	0	0	0	0	0	0	0.958
SHANK2	NLGN4X	0	0	0	0	0	0	0	0	0	0	0.964
SHANK2	DLGAP2	0	0	0	0	0	0	0	0	0	0	0.969
SHANK2	SHANK3	0	0	0	0	0	0	0	0	0	0	0.98
SHANK2	DLG4	0	0	0	0	0	0	0	0	0	0	0.993
DLG1	NLGN4Y	0	0	0	0	0	0	0	0	0	0	0.402
DLG1	NLGN4X	0	0	0	0	0	0	0	0	0	0	0.414
DLG1	NLGN3	0	0	0	0	0	0	0	0	0	0	0.436
DLG1	CALML4	0	0	0	0	0	0	0	0	0	0	0.457
DLG1	NRXN1	0	0	0	0	0	0	0	0	0	0	0.472
DLG1	NLGN1	0	0	0	0	0	0	0	0	0	0	0.483
DLG1	MAST2	0	0	0	0	0	0	0	0	0	0	0.531
DLG1	MAGI2	0	0	0	0	0	0	0	0	0	0	0.579
DLG1	SHANK3	0	0	0	0	0	0	0	0	0	0	0.587
DLG1	GRIA3	0	0	0	0	0	0	0	0	0	0	0.697
DLG1	DLGAP2	0	0	0	0	0	0	0	0	0	0	0.714
DLG1	CAMK2A	0	0	0	0	0	0	0	0	0	0	0.721
DLG1	CTNNB1	0	0	0	0	0	0	0	0	0	0	0.786
DLG1	GRIN1	0	0	0	0	0	0	0	0	0	0	0.878
DLG1	LLGL2	0	0	0	0	0	0	0	0	0	0	0.916
DLG1	SCRIB	0	0	0	0	0	0	0	0	0	0	0.917
DLG1	DLG4	0	0	0	0	0	0	0	0	0	0	0.956
DLG1	DLG2	0	0	0	0	0	0	0	0	0	0	0.962
DLG1	UBE3A	0	0	0	0	0	0	0	0	0	0	0.974
DLG1	DLG3	0	0	0	0	0	0	0	0	0	0	0.974
DLG1	GRIN2B	0	0	0	0	0	0	0	0	0	0	0.992
DLG1	PTEN	0	0	0	0	0	0	0	0	0	0	0.996
DLG1	GRIA1	0	0	0	0	0	0	0	0	0	0	0.999
MAGI2	GRIA1	0	0	0	0	0	0	0	0	0	0	0.408
MAGI2	DLGAP2	0	0	0	0	0	0	0	0	0	0	0.42
MAGI2	NRXN1	0	0	0	0	0	0	0	0	0	0	0.461
MAGI2	GRIN2B	0	0	0	0	0	0	0	0	0	0	0.595
MAGI2	DLG4	0	0	0	0	0	0	0	0	0	0	0.616
MAGI2	DLGAP3	0	0	0	0	0	0	0	0	0	0	0.633
MAGI2	DAG1	0	0	0	0	0	0	0	0	0	0	0.669
MAGI2	NLGN4Y	0	0	0	0	0	0	0	0	0	0	0.743
MAGI2	NLGN4X	0	0	0	0	0	0	0	0	0	0	0.763
MAGI2	NLGN3	0	0	0	0	0	0	0	0	0	0	0.779
MAGI2	MAST2	0	0	0	0	0	0	0	0	0	0	0.84
MAGI2	NLGN1	0	0	0	0	0	0	0	0	0	0	0.893
MAGI2	CTNNB1	0	0	0	0	0	0	0	0	0	0	0.986
MAGI2	PTEN	0	0	0	0	0	0	0	0	0	0	0.998
FYN	GRIA1	0	0	0	0	0	0	0	0	0	0	0.451
FYN	DAG1	0	0	0	0	0	0	0	0	0	0	0.484
FYN	PTEN	0	0	0	0	0	0	0	0	0	0	0.657
FYN	CALML4	0	0	0	0	0	0	0	0	0	0	0.679
FYN	DLG3	0	0	0	0	0	0	0	0	0	0	0.705
FYN	GRIN1	0	0	0	0	0	0	0	0	0	0	0.743
FYN	DLG2	0	0	0	0	0	0	0	0	0	0	0.766
FYN	AKT1	0	0	0	0	0	0	0	0	0	0	0.834
FYN	CTNNB1	0	0	0	0	0	0	0	0	0	0	0.986
FYN	PIK3R1	0	0	0	0	0	0	0	0	0	0	0.988
FYN	PRNP	0	0	0	0	0	0	0	0	0	0	0.99
FYN	GRIN2B	0	0	0	0	0	0	0	0	0	0	0.993
FYN	DLG4	0	0	0	0	0	0	0	0	0	0	0.996
NLGN4Y	GRIA1	0	0	0	0	0	0	0	0	0	0	0.412
NLGN4Y	GRIN2B	0	0	0	0	0	0	0	0	0	0	0.448
NLGN4Y	PTEN	0	0	0	0	0	0	0	0	0	0	0.464
NLGN4Y	GPHN	0	0	0	0	0	0	0	0	0	0	0.478
NLGN4Y	PRNP	0	0	0	0	0	0	0	0	0	0	0.487
NLGN4Y	CTNNB1	0	0	0	0	0	0	0	0	0	0	0.498
NLGN4Y	MDGA1	0	0	0	0	0	0	0	0	0	0	0.505
NLGN4Y	NLGN4X	0	0	0	0	0	0	0	0	0	0	0.519
NLGN4Y	NLGN1	0	0	0	0	0	0	0	0	0	0	0.523
NLGN4Y	HOMER3	0	0	0	0	0	0	0	0	0	0	0.608
NLGN4Y	DLGAP3	0	0	0	0	0	0	0	0	0	0	0.66
NLGN4Y	DLGAP2	0	0	0	0	0	0	0	0	0	0	0.669
NLGN4Y	DLG2	0	0	0	0	0	0	0	0	0	0	0.696
NLGN4Y	NLGN3	0	0	0	0	0	0	0	0	0	0	0.697
NLGN4Y	NRXN3	0	0	0	0	0	0	0	0	0	0	0.827
NLGN4Y	DLG3	0	0	0	0	0	0	0	0	0	0	0.848
NLGN4Y	SHANK3	0	0	0	0	0	0	0	0	0	0	0.899
NLGN4Y	DLG4	0	0	0	0	0	0	0	0	0	0	0.986
NLGN4Y	NRXN1	0	0	0	0	0	0	0	0	0	0	0.999
SCRIB	GRIN2B	0	0	0	0	0	0	0	0	0	0	0.494
SCRIB	PRKCZ	0	0	0	0	0	0	0	0	0	0	0.657
SCRIB	AKT1	0	0	0	0	0	0	0	0	0	0	0.712
SCRIB	PTEN	0	0	0	0	0	0	0	0	0	0	0.834
SCRIB	DLG2	0	0	0	0	0	0	0	0	0	0	0.856
SCRIB	CTNNB1	0	0	0	0	0	0	0	0	0	0	0.88
SCRIB	DLG3	0	0	0	0	0	0	0	0	0	0	0.908
SCRIB	DLG4	0	0	0	0	0	0	0	0	0	0	0.921
SCRIB	LLGL2	0	0	0	0	0	0	0	0	0	0	0.959
SCRIB	UBE3A	0	0	0	0	0	0	0	0	0	0	0.98
NLGN3	NXPH1	0	0	0	0	0	0	0	0	0	0	0.418
NLGN3	GRIN1	0	0	0	0	0	0	0	0	0	0	0.446
NLGN3	PRNP	0	0	0	0	0	0	0	0	0	0	0.48
NLGN3	CTNNB1	0	0	0	0	0	0	0	0	0	0	0.513
NLGN3	GRIA1	0	0	0	0	0	0	0	0	0	0	0.536
NLGN3	GRIN2B	0	0	0	0	0	0	0	0	0	0	0.573
NLGN3	PTEN	0	0	0	0	0	0	0	0	0	0	0.591
NLGN3	GPHN	0	0	0	0	0	0	0	0	0	0	0.648
NLGN3	HOMER3	0	0	0	0	0	0	0	0	0	0	0.65
NLGN3	UBE3A	0	0	0	0	0	0	0	0	0	0	0.667
NLGN3	MDGA1	0	0	0	0	0	0	0	0	0	0	0.686
NLGN3	DLGAP3	0	0	0	0	0	0	0	0	0	0	0.763
NLGN3	DLG2	0	0	0	0	0	0	0	0	0	0	0.776
NLGN3	NLGN4X	0	0	0	0	0	0	0	0	0	0	0.796
NLGN3	NLGN1	0	0	0	0	0	0	0	0	0	0	0.799
NLGN3	DLGAP2	0	0	0	0	0	0	0	0	0	0	0.839
NLGN3	DLG3	0	0	0	0	0	0	0	0	0	0	0.885
NLGN3	NRXN3	0	0	0	0	0	0	0	0	0	0	0.94
NLGN3	SHANK3	0	0	0	0	0	0	0	0	0	0	0.993
NLGN3	DLG4	0	0	0	0	0	0	0	0	0	0	0.995
NLGN3	NRXN1	0	0	0	0	0	0	0	0	0	0	0.999
MAST2	PTEN	0	0	0	0	0	0	0	0	0	0	0.993
GRIN3A	DLG3	0	0	0	0	0	0	0	0	0	0	0.68
GRIN3A	SHISA9	0	0	0	0	0	0	0	0	0	0	0.784
GRIN3A	GRIA3	0	0	0	0	0	0	0	0	0	0	0.802
GRIN3A	GRIA1	0	0	0	0	0	0	0	0	0	0	0.815
GRIN3A	DLG4	0	0	0	0	0	0	0	0	0	0	0.966
GRIN3A	GRIN1	0	0	0	0	0	0	0	0	0	0	0.999
GRIN3A	GRIN2B	0	0	0	0	0	0	0	0	0	0	0.999
PSMD4	SPOP	0	0	0	0	0	0	0	0	0	0	0.425
PSMD4	UBE2L3	0	0	0	0	0	0	0	0	0	0	0.434
PSMD4	UBE2D2	0	0	0	0	0	0	0	0	0	0	0.501
PSMD4	PTEN	0	0	0	0	0	0	0	0	0	0	0.606
PSMD4	UBE2D1	0	0	0	0	0	0	0	0	0	0	0.668
PSMD4	PRNP	0	0	0	0	0	0	0	0	0	0	0.68
PSMD4	UBE3A	0	0	0	0	0	0	0	0	0	0	0.994
PSMD4	RAD23A	0	0	0	0	0	0	0	0	0	0	0.999
GRIN1	NLGN4X	0	0	0	0	0	0	0	0	0	0	0.422
GRIN1	DLGAP2	0	0	0	0	0	0	0	0	0	0	0.442
GRIN1	GPHN	0	0	0	0	0	0	0	0	0	0	0.446
GRIN1	NRXN1	0	0	0	0	0	0	0	0	0	0	0.449
GRIN1	DLGAP3	0	0	0	0	0	0	0	0	0	0	0.507
GRIN1	SHANK3	0	0	0	0	0	0	0	0	0	0	0.568
GRIN1	NLGN1	0	0	0	0	0	0	0	0	0	0	0.611
GRIN1	SHISA9	0	0	0	0	0	0	0	0	0	0	0.75
GRIN1	DLG2	0	0	0	0	0	0	0	0	0	0	0.761
GRIN1	GRIA3	0	0	0	0	0	0	0	0	0	0	0.877
GRIN1	DLG3	0	0	0	0	0	0	0	0	0	0	0.879
GRIN1	GRIA1	0	0	0	0	0	0	0	0	0	0	0.907
GRIN1	CAMK2A	0	0	0	0	0	0	0	0	0	0	0.911
GRIN1	CALML4	0	0	0	0	0	0	0	0	0	0	0.964
GRIN1	DLG4	0	0	0	0	0	0	0	0	0	0	0.998
GRIN1	GRIN2B	0	0	0	0	0	0	0	0	0	0	0.999
PTEN	UBE2D2	0	0	0	0	0	0	0	0	0	0	0.407
PTEN	CALML4	0	0	0	0	0	0	0	0	0	0	0.413
PTEN	SHANK3	0	0	0	0	0	0	0	0	0	0	0.483
PTEN	NLGN1	0	0	0	0	0	0	0	0	0	0	0.496
PTEN	GRIN2B	0	0	0	0	0	0	0	0	0	0	0.547
PTEN	NLGN4X	0	0	0	0	0	0	0	0	0	0	0.556
PTEN	UBE2L3	0	0	0	0	0	0	0	0	0	0	0.571
PTEN	DLG4	0	0	0	0	0	0	0	0	0	0	0.745
PTEN	CTNNB1	0	0	0	0	0	0	0	0	0	0	0.943
PTEN	PRKCZ	0	0	0	0	0	0	0	0	0	0	0.958
PTEN	UBE3A	0	0	0	0	0	0	0	0	0	0	0.96
PTEN	AKT1	0	0	0	0	0	0	0	0	0	0	0.988
PTEN	SPOP	0	0	0	0	0	0	0	0	0	0	0.99
PTEN	PIK3R1	0	0	0	0	0	0	0	0	0	0	0.997
DLGAP3	CAMK2A	0	0	0	0	0	0	0	0	0	0	0.451
DLGAP3	GRIA1	0	0	0	0	0	0	0	0	0	0	0.507
DLGAP3	NRXN3	0	0	0	0	0	0	0	0	0	0	0.634
DLGAP3	HOMER3	0	0	0	0	0	0	0	0	0	0	0.72
DLGAP3	NRXN1	0	0	0	0	0	0	0	0	0	0	0.733
DLGAP3	NLGN4X	0	0	0	0	0	0	0	0	0	0	0.737
DLGAP3	NLGN1	0	0	0	0	0	0	0	0	0	0	0.737
DLGAP3	GRIN2B	0	0	0	0	0	0	0	0	0	0	0.753
DLGAP3	DLG3	0	0	0	0	0	0	0	0	0	0	0.835
DLGAP3	DLG2	0	0	0	0	0	0	0	0	0	0	0.847
DLGAP3	DLGAP2	0	0	0	0	0	0	0	0	0	0	0.868
DLGAP3	SHANK3	0	0	0	0	0	0	0	0	0	0	0.992
DLGAP3	DLG4	0	0	0	0	0	0	0	0	0	0	0.993
UBE2D1	CTNNB1	0	0	0	0	0	0	0	0	0	0	0.456
UBE2D1	SPOP	0	0	0	0	0	0	0	0	0	0	0.505
UBE2D1	UBE2L3	0	0	0	0	0	0	0	0	0	0	0.654
UBE2D1	UBE2D2	0	0	0	0	0	0	0	0	0	0	0.943
UBE2D1	UBE3A	0	0	0	0	0	0	0	0	0	0	0.984
DLG3	GPHN	0	0	0	0	0	0	0	0	0	0	0.472
DLG3	SHISA9	0	0	0	0	0	0	0	0	0	0	0.513
DLG3	NRXN3	0	0	0	0	0	0	0	0	0	0	0.593
DLG3	HOMER3	0	0	0	0	0	0	0	0	0	0	0.633
DLG3	GRIA3	0	0	0	0	0	0	0	0	0	0	0.644
DLG3	CAMK2A	0	0	0	0	0	0	0	0	0	0	0.688
DLG3	NRXN1	0	0	0	0	0	0	0	0	0	0	0.717
DLG3	SHANK3	0	0	0	0	0	0	0	0	0	0	0.759
DLG3	GRIA1	0	0	0	0	0	0	0	0	0	0	0.815
DLG3	NLGN4X	0	0	0	0	0	0	0	0	0	0	0.863
DLG3	DLGAP2	0	0	0	0	0	0	0	0	0	0	0.872
DLG3	LLGL2	0	0	0	0	0	0	0	0	0	0	0.887
DLG3	NLGN1	0	0	0	0	0	0	0	0	0	0	0.892
DLG3	UBE3A	0	0	0	0	0	0	0	0	0	0	0.913
DLG3	DLG2	0	0	0	0	0	0	0	0	0	0	0.984
DLG3	DLG4	0	0	0	0	0	0	0	0	0	0	0.997
DLG3	GRIN2B	0	0	0	0	0	0	0	0	0	0	0.998
DLG2	CACNB4	0	0	0	0	0	0	0	0	0	0	0.455
DLG2	GPHN	0	0	0	0	0	0	0	0	0	0	0.607
DLG2	HOMER3	0	0	0	0	0	0	0	0	0	0	0.645
DLG2	GRIA3	0	0	0	0	0	0	0	0	0	0	0.655
DLG2	NRXN3	0	0	0	0	0	0	0	0	0	0	0.682
DLG2	CAMK2A	0	0	0	0	0	0	0	0	0	0	0.688
DLG2	NLGN4X	0	0	0	0	0	0	0	0	0	0	0.713
DLG2	NRXN1	0	0	0	0	0	0	0	0	0	0	0.778
DLG2	DLGAP2	0	0	0	0	0	0	0	0	0	0	0.811
DLG2	LLGL2	0	0	0	0	0	0	0	0	0	0	0.844
DLG2	NLGN1	0	0	0	0	0	0	0	0	0	0	0.868
DLG2	GRIA1	0	0	0	0	0	0	0	0	0	0	0.908
DLG2	UBE3A	0	0	0	0	0	0	0	0	0	0	0.913
DLG2	SHANK3	0	0	0	0	0	0	0	0	0	0	0.919
DLG2	DLG4	0	0	0	0	0	0	0	0	0	0	0.969
DLG2	GRIN2B	0	0	0	0	0	0	0	0	0	0	0.996
PRKCZ	CTNNB1	0	0	0	0	0	0	0	0	0	0	0.653
PRKCZ	PIK3R1	0	0	0	0	0	0	0	0	0	0	0.933
PRKCZ	AKT1	0	0	0	0	0	0	0	0	0	0	0.974
PRKCZ	LLGL2	0	0	0	0	0	0	0	0	0	0	0.994
NLGN4X	NXPH1	0	0	0	0	0	0	0	0	0	0	0.407
NLGN4X	PRNP	0	0	0	0	0	0	0	0	0	0	0.475
NLGN4X	CTNNB1	0	0	0	0	0	0	0	0	0	0	0.508
NLGN4X	GRIA1	0	0	0	0	0	0	0	0	0	0	0.514
NLGN4X	GRIN2B	0	0	0	0	0	0	0	0	0	0	0.546
NLGN4X	NLGN1	0	0	0	0	0	0	0	0	0	0	0.548
NLGN4X	MDGA1	0	0	0	0	0	0	0	0	0	0	0.613
NLGN4X	HOMER3	0	0	0	0	0	0	0	0	0	0	0.619
NLGN4X	UBE3A	0	0	0	0	0	0	0	0	0	0	0.633
NLGN4X	GPHN	0	0	0	0	0	0	0	0	0	0	0.767
NLGN4X	DLGAP2	0	0	0	0	0	0	0	0	0	0	0.841
NLGN4X	NRXN3	0	0	0	0	0	0	0	0	0	0	0.859
NLGN4X	SHANK3	0	0	0	0	0	0	0	0	0	0	0.995
NLGN4X	DLG4	0	0	0	0	0	0	0	0	0	0	0.995
NLGN4X	NRXN1	0	0	0	0	0	0	0	0	0	0	0.999
LLGL2	UBE3A	0	0	0	0	0	0	0	0	0	0	0.901
LLGL2	DLG4	0	0	0	0	0	0	0	0	0	0	0.982
SPOP	CTNNB1	0	0	0	0	0	0	0	0	0	0	0.407
SPOP	PIK3R1	0	0	0	0	0	0	0	0	0	0	0.421
SPOP	UBE2D2	0	0	0	0	0	0	0	0	0	0	0.662
UBE2D2	RAD23A	0	0	0	0	0	0	0	0	0	0	0.404
UBE2D2	CTNNB1	0	0	0	0	0	0	0	0	0	0	0.429
UBE2D2	UBE2L3	0	0	0	0	0	0	0	0	0	0	0.683
UBE2D2	UBE3A	0	0	0	0	0	0	0	0	0	0	0.984
NXPH1	NLGN1	0	0	0	0	0	0	0	0	0	0	0.525
NXPH1	NRXN3	0	0	0	0	0	0	0	0	0	0	0.671
NXPH1	NRXN1	0	0	0	0	0	0	0	0	0	0	0.973
NRXN1	GRIA3	0	0	0	0	0	0	0	0	0	0	0.509
NRXN1	UBE3A	0	0	0	0	0	0	0	0	0	0	0.532
NRXN1	CAMK2A	0	0	0	0	0	0	0	0	0	0	0.542
NRXN1	MDGA1	0	0	0	0	0	0	0	0	0	0	0.592
NRXN1	GRIA1	0	0	0	0	0	0	0	0	0	0	0.6
NRXN1	HOMER3	0	0	0	0	0	0	0	0	0	0	0.619
NRXN1	NRXN3	0	0	0	0	0	0	0	0	0	0	0.752
NRXN1	DLGAP2	0	0	0	0	0	0	0	0	0	0	0.803
NRXN1	GPHN	0	0	0	0	0	0	0	0	0	0	0.831
NRXN1	GRIN2B	0	0	0	0	0	0	0	0	0	0	0.832
NRXN1	SHANK3	0	0	0	0	0	0	0	0	0	0	0.961
NRXN1	DLG4	0	0	0	0	0	0	0	0	0	0	0.991
NRXN1	DAG1	0	0	0	0	0	0	0	0	0	0	0.998
NRXN1	NLGN1	0	0	0	0	0	0	0	0	0	0	0.999
NLGN1	CAMK2A	0	0	0	0	0	0	0	0	0	0	0.414
NLGN1	PRNP	0	0	0	0	0	0	0	0	0	0	0.538
NLGN1	UBE3A	0	0	0	0	0	0	0	0	0	0	0.548
NLGN1	CTNNB1	0	0	0	0	0	0	0	0	0	0	0.553
NLGN1	GRIA1	0	0	0	0	0	0	0	0	0	0	0.633
NLGN1	HOMER3	0	0	0	0	0	0	0	0	0	0	0.643
NLGN1	MDGA1	0	0	0	0	0	0	0	0	0	0	0.676
NLGN1	GPHN	0	0	0	0	0	0	0	0	0	0	0.722
NLGN1	GRIN2B	0	0	0	0	0	0	0	0	0	0	0.755
NLGN1	DLGAP2	0	0	0	0	0	0	0	0	0	0	0.811
NLGN1	NRXN3	0	0	0	0	0	0	0	0	0	0	0.964
NLGN1	SHANK3	0	0	0	0	0	0	0	0	0	0	0.978
NLGN1	DLG4	0	0	0	0	0	0	0	0	0	0	0.999
PRNP	AKT1	0	0	0	0	0	0	0	0	0	0	0.424
PRNP	GRIN2B	0	0	0	0	0	0	0	0	0	0	0.452
PRNP	DLG4	0	0	0	0	0	0	0	0	0	0	0.507
UBE2L3	RAD23A	0	0	0	0	0	0	0	0	0	0	0.437
UBE2L3	UBE3A	0	0	0	0	0	0	0	0	0	0	0.999
GPHN	NRXN3	0	0	0	0	0	0	0	0	0	0	0.404
GPHN	CAMK2A	0	0	0	0	0	0	0	0	0	0	0.418
GPHN	AKT1	0	0	0	0	0	0	0	0	0	0	0.472
GPHN	GRIN2B	0	0	0	0	0	0	0	0	0	0	0.526
GPHN	SHANK3	0	0	0	0	0	0	0	0	0	0	0.541
GPHN	GRIA1	0	0	0	0	0	0	0	0	0	0	0.621
GPHN	DLG4	0	0	0	0	0	0	0	0	0	0	0.884
CALML4	ADORA2A	0	0	0	0	0	0	0	0	0	0	0.446
CALML4	HOMER3	0	0	0	0	0	0	0	0	0	0	0.527
CALML4	GRIA1	0	0	0	0	0	0	0	0	0	0	0.586
CALML4	CTNNB1	0	0	0	0	0	0	0	0	0	0	0.631
CALML4	AKT1	0	0	0	0	0	0	0	0	0	0	0.713
CALML4	DLG4	0	0	0	0	0	0	0	0	0	0	0.892
CALML4	GRIN2B	0	0	0	0	0	0	0	0	0	0	0.926
CALML4	CAMK2A	0	0	0	0	0	0	0	0	0	0	0.999
PIK3R1	CTNNB1	0	0	0	0	0	0	0	0	0	0	0.858
PIK3R1	AKT1	0	0	0	0	0	0	0	0	0	0	0.995
GRIA1	NRXN3	0	0	0	0	0	0	0	0	0	0	0.404
GRIA1	DLGAP2	0	0	0	0	0	0	0	0	0	0	0.427
GRIA1	CACNB4	0	0	0	0	0	0	0	0	0	0	0.45
GRIA1	AKT1	0	0	0	0	0	0	0	0	0	0	0.48
GRIA1	UBE3A	0	0	0	0	0	0	0	0	0	0	0.592
GRIA1	SHANK3	0	0	0	0	0	0	0	0	0	0	0.623
GRIA1	GRIN2B	0	0	0	0	0	0	0	0	0	0	0.934
GRIA1	SHISA9	0	0	0	0	0	0	0	0	0	0	0.984
GRIA1	DLG4	0	0	0	0	0	0	0	0	0	0	0.994
GRIA1	GRIA3	0	0	0	0	0	0	0	0	0	0	0.999
GRIA1	CAMK2A	0	0	0	0	0	0	0	0	0	0	0.999
CACNB4	CAMK2A	0	0	0	0	0	0	0	0	0	0	0.717
HOMER3	AKT1	0	0	0	0	0	0	0	0	0	0	0.421
HOMER3	GRIN2B	0	0	0	0	0	0	0	0	0	0	0.466
HOMER3	NRXN3	0	0	0	0	0	0	0	0	0	0	0.516
HOMER3	DLGAP2	0	0	0	0	0	0	0	0	0	0	0.698
HOMER3	DLG4	0	0	0	0	0	0	0	0	0	0	0.868
HOMER3	SHANK3	0	0	0	0	0	0	0	0	0	0	0.884
DAG1	NRXN3	0	0	0	0	0	0	0	0	0	0	0.47
AKT1	ADORA2A	0	0	0	0	0	0	0	0	0	0	0.428
AKT1	GRIN2B	0	0	0	0	0	0	0	0	0	0	0.51
AKT1	SHANK3	0	0	0	0	0	0	0	0	0	0	0.548
AKT1	DLG4	0	0	0	0	0	0	0	0	0	0	0.747
AKT1	CTNNB1	0	0	0	0	0	0	0	0	0	0	0.979
SHISA9	GRIN2B	0	0	0	0	0	0	0	0	0	0	0.779
SHISA9	GRIA3	0	0	0	0	0	0	0	0	0	0	0.824
SHISA9	DLG4	0	0	0	0	0	0	0	0	0	0	0.858
RAD23A	UBE3A	0	0	0	0	0	0	0	0	0	0	0.974
GRIN2B	ADORA2A	0	0	0	0	0	0	0	0	0	0	0.414
GRIN2B	NRXN3	0	0	0	0	0	0	0	0	0	0	0.414
GRIN2B	DLGAP2	0	0	0	0	0	0	0	0	0	0	0.514
GRIN2B	CTNNB1	0	0	0	0	0	0	0	0	0	0	0.757
GRIN2B	SHANK3	0	0	0	0	0	0	0	0	0	0	0.785
GRIN2B	GRIA3	0	0	0	0	0	0	0	0	0	0	0.823
GRIN2B	DLG4	0	0	0	0	0	0	0	0	0	0	0.999
GRIN2B	CAMK2A	0	0	0	0	0	0	0	0	0	0	0.999
GRIA3	CAMK2A	0	0	0	0	0	0	0	0	0	0	0.808
GRIA3	DLG4	0	0	0	0	0	0	0	0	0	0	0.873
SHANK3	CAMK2A	0	0	0	0	0	0	0	0	0	0	0.509
SHANK3	UBE3A	0	0	0	0	0	0	0	0	0	0	0.647
SHANK3	NRXN3	0	0	0	0	0	0	0	0	0	0	0.703
SHANK3	DLGAP2	0	0	0	0	0	0	0	0	0	0	0.988
SHANK3	DLG4	0	0	0	0	0	0	0	0	0	0	0.996
NRXN3	CAMK2A	0	0	0	0	0	0	0	0	0	0	0.404
NRXN3	DLGAP2	0	0	0	0	0	0	0	0	0	0	0.645
NRXN3	DLG4	0	0	0	0	0	0	0	0	0	0	0.858
DLGAP2	CAMK2A	0	0	0	0	0	0	0	0	0	0	0.436
DLGAP2	DLG4	0	0	0	0	0	0	0	0	0	0	0.891
CTNNB1	DLG4	0	0	0	0	0	0	0	0	0	0	0.538
CTNNB1	UBE3A	0	0	0	0	0	0	0	0	0	0	0.974
UBE3A	DLG4	0	0	0	0	0	0	0	0	0	0	0.447
DLG4	CAMK2A	0	0	0	0	0	0	0	0	0	0	0.92
